basis,sample,est,payer,toc,outcome,mod,overall_att,overall_se,pre_p,n_na
allages,all_cohorts,dr,mdcd,AM,spend_per_bene,1,130.161408362125,67.3032938707553,0,0
allages,all_cohorts,dr,mdcd,AM,spend_per_capita,2,125.926282677778,15.2805969266515,0,0
allages,all_cohorts,dr,mdcd,AM,spend_per_vol,3,10.2522586188872,2.61280289637572,0,0
allages,all_cohorts,dr,mdcd,AM,vol_per_bene,4,127.011880302942,497.627318142113,0,0
allages,all_cohorts,dr,mdcd,AM,vol_per_capita,5,458.214340657804,81.2444496121155,0,0
allages,all_cohorts,dr,mdcd,ED,spend_per_bene,6,4.12897250395676,2.5930162120557,0,0
allages,all_cohorts,dr,mdcd,ED,spend_per_capita,7,3.55128825175381,0.514261878557447,0,0
allages,all_cohorts,dr,mdcd,ED,spend_per_vol,8,5.08060442798706,2.36791256736235,0,0
allages,all_cohorts,dr,mdcd,ED,vol_per_bene,9,4.67730856033344,54.1265364434806,0,0
allages,all_cohorts,dr,mdcd,ED,vol_per_capita,10,32.2016826042952,6.92923051630563,0,0
allages,all_cohorts,dr,mdcd,IP,spend_per_bene,11,37.097734488087,43.6649514906087,0,0
allages,all_cohorts,dr,mdcd,IP,spend_per_capita,12,79.8567752063413,12.3747565963443,0,0
allages,all_cohorts,dr,mdcd,IP,spend_per_vol,13,528.787564560406,235.012942172959,0,0
allages,all_cohorts,dr,mdcd,IP,vol_per_bene,14,-19.997649713538,12.9064885917032,0,0
allages,all_cohorts,dr,mdcd,IP,vol_per_capita,15,7.64877640004977,2.07868469258605,0,0
allages,all_cohorts,dr,mdcd,NF,spend_per_bene,16,-226.748359882884,65.3000472267028,0,0
allages,all_cohorts,dr,mdcd,NF,spend_per_capita,17,-0.673278583135041,6.78108563509008,0,0
allages,all_cohorts,dr,mdcd,NF,spend_per_vol,18,53.714192703898,107.080560761019,0,0
allages,all_cohorts,dr,mdcd,NF,vol_per_bene,19,-15.7045160157787,4.65868107359435,0,0
allages,all_cohorts,dr,mdcd,NF,vol_per_capita,20,0.0343646744950511,0.548962593620527,0,0
allages,all_cohorts,dr,mdcd,RX,spend_per_bene,21,-6.61053910563867,45.3999797468319,0,0
allages,all_cohorts,dr,mdcd,RX,spend_per_capita,22,23.1515583259388,7.01975261123925,0,0
allages,all_cohorts,dr,mdcd,RX,spend_per_vol,23,4.24443837269792,1.76599711768906,0,0
allages,all_cohorts,dr,mdcd,RX,vol_per_bene,24,-598.851915508145,745.424350987746,0,0
allages,all_cohorts,dr,mdcd,RX,vol_per_capita,25,209.173614818101,104.458434171154,0,0
allages,all_cohorts,dr,mdcd,Total,spend_per_bene,26,-63.1561061033731,126.387804051442,0,0
allages,all_cohorts,dr,mdcd,Total,spend_per_capita,27,231.812625878677,30.2995174980948,0,0
allages,all_cohorts,dr,mdcd,Total,spend_per_vol,28,-1.88860714402937,10.3185155207486,0,0
allages,all_cohorts,dr,mdcd,Total,vol_per_bene,29,-521.40994000677,839.087889811545,0,0
allages,all_cohorts,dr,mdcd,Total,vol_per_capita,30,707.272779154745,162.045962592301,0,0
allages,all_cohorts,dr,mdcr,AM,spend_per_bene,31,-32.3832004532654,21.0933374837983,0,0
allages,all_cohorts,dr,mdcr,AM,spend_per_capita,32,-3.70149530323756,6.97025492800851,0,0
allages,all_cohorts,dr,mdcr,AM,spend_per_vol,33,-0.0650946485510094,0.775996830659337,0,0
allages,all_cohorts,dr,mdcr,AM,vol_per_bene,34,-161.029391560995,106.451069489031,0,0
allages,all_cohorts,dr,mdcr,AM,vol_per_capita,35,-25.009101762452,26.7796978837532,0,0
allages,all_cohorts,dr,mdcr,ED,spend_per_bene,36,-2.76953184168069,5.80099155457805,0,0
allages,all_cohorts,dr,mdcr,ED,spend_per_capita,37,-0.442441094152511,1.4341138225754,0,0
allages,all_cohorts,dr,mdcr,ED,spend_per_vol,38,0.291023267302196,1.90705858159887,0,0
allages,all_cohorts,dr,mdcr,ED,vol_per_bene,39,-6.55589617286449,7.21483417800335,0,0
allages,all_cohorts,dr,mdcr,ED,vol_per_capita,40,-1.32779784393142,2.04665950612567,0,0
allages,all_cohorts,dr,mdcr,IP,spend_per_bene,41,-62.452849518345,39.4132841226612,0,0
allages,all_cohorts,dr,mdcr,IP,spend_per_capita,42,-11.1323285912387,8.51094314908317,0,0
allages,all_cohorts,dr,mdcr,IP,spend_per_vol,43,-14.4438922851725,24.7549532605455,0,0
allages,all_cohorts,dr,mdcr,IP,vol_per_bene,44,-2.65759307630084,2.53923858861278,0,0
allages,all_cohorts,dr,mdcr,IP,vol_per_capita,45,-0.779003339388561,0.478047246442696,0,0
allages,all_cohorts,dr,mdcr,NF,spend_per_bene,46,-40.3786237944974,31.9052428238556,0,0
allages,all_cohorts,dr,mdcr,NF,spend_per_capita,47,-6.35105168071924,4.628386946737,0,0
allages,all_cohorts,dr,mdcr,NF,spend_per_vol,48,-47.5140056571488,74.2154543178793,0,0
allages,all_cohorts,dr,mdcr,NF,vol_per_bene,49,-3.2467351443819,2.81250931670771,0,0
allages,all_cohorts,dr,mdcr,NF,vol_per_capita,50,-0.552963270478386,0.400244972538553,0,0
allages,all_cohorts,dr,mdcr,RX,spend_per_bene,51,51.0035856308692,26.7389177912621,0,0
allages,all_cohorts,dr,mdcr,RX,spend_per_capita,52,10.8718320451379,4.03666264886745,0,0
allages,all_cohorts,dr,mdcr,RX,spend_per_vol,53,0.745057038655541,0.301082471582328,0,0
allages,all_cohorts,dr,mdcr,RX,vol_per_bene,54,663.706479109894,348.166971218377,0,0
allages,all_cohorts,dr,mdcr,RX,vol_per_capita,55,69.5951732939465,47.8151704606587,0,0
allages,all_cohorts,dr,mdcr,Total,spend_per_bene,56,-73.7854516402819,75.887413559294,0,0
allages,all_cohorts,dr,mdcr,Total,spend_per_capita,57,-10.7554846242102,16.6720355106519,0,0
allages,all_cohorts,dr,mdcr,Total,spend_per_vol,58,-5.71839930052119,2.46218938919149,0,0
allages,all_cohorts,dr,mdcr,Total,vol_per_bene,59,428.552061582293,314.231827904198,0,0
allages,all_cohorts,dr,mdcr,Total,vol_per_capita,60,41.9263070776959,60.2373340766043,0,0
allages,all_cohorts,dr,oop,AM,spend_per_capita,61,-26.9050184950981,12.0590974049586,0,0
allages,all_cohorts,dr,oop,AM,spend_per_vol,62,-2.00525302235509,1.69373795973423,0,0
allages,all_cohorts,dr,oop,AM,vol_per_capita,63,-163.627681804052,99.8356015398379,0,0
allages,all_cohorts,dr,oop,ED,spend_per_capita,64,-1.48577487270638,0.653514325560261,0,0
allages,all_cohorts,dr,oop,ED,spend_per_vol,65,-11.7239895619931,2.74825121163852,0,0
allages,all_cohorts,dr,oop,ED,vol_per_capita,66,8.71353704050955,7.34525404282592,0,0
allages,all_cohorts,dr,oop,IP,spend_per_capita,67,-7.831717325973,3.57366451480737,0,0
allages,all_cohorts,dr,oop,IP,spend_per_vol,68,-35.2402160152829,21.7334238664493,0,0
allages,all_cohorts,dr,oop,IP,vol_per_capita,69,-5.84884430211606,2.85235870642187,0,0
allages,all_cohorts,dr,oop,NF,spend_per_capita,70,18.5336003913079,7.3467212558722,0,0
allages,all_cohorts,dr,oop,NF,spend_per_vol,71,-66.8350480422369,17.8623667815742,0,0
allages,all_cohorts,dr,oop,NF,vol_per_capita,72,27.7875658881601,7.6780829925683,0,0
allages,all_cohorts,dr,oop,RX,spend_per_capita,73,-2.53661026021662,9.16118823032838,0,0
allages,all_cohorts,dr,oop,RX,spend_per_vol,74,-0.4113307785776,0.099570269161848,0,0
allages,all_cohorts,dr,oop,RX,vol_per_capita,75,407.293771805037,701.016345011161,0,0
allages,all_cohorts,dr,oop,Total,spend_per_capita,76,-20.2255205626862,21.1507501440752,0,0
allages,all_cohorts,dr,oop,Total,spend_per_vol,77,-0.741039752594003,1.07097970365635,0,0
allages,all_cohorts,dr,oop,Total,vol_per_capita,78,274.318348627539,773.586558238783,0,0
allages,all_cohorts,dr,priv,AM,spend_per_bene,79,48.7981770660064,29.9219297090492,0,0
allages,all_cohorts,dr,priv,AM,spend_per_capita,80,-8.00179315865305,19.3028014440006,0,0
allages,all_cohorts,dr,priv,AM,spend_per_vol,81,3.61079404547794,2.60779873072635,0,0
allages,all_cohorts,dr,priv,AM,vol_per_bene,82,83.1254159075112,86.3396670641937,0,0
allages,all_cohorts,dr,priv,AM,vol_per_capita,83,-53.5676668246004,66.6349237168721,0,0
allages,all_cohorts,dr,priv,ED,spend_per_bene,84,0.355482672348966,1.29847405270398,0,0
allages,all_cohorts,dr,priv,ED,spend_per_capita,85,-1.61459318062208,0.959348938809028,0,0
allages,all_cohorts,dr,priv,ED,spend_per_vol,86,-17.7788777955213,16.7133642383593,0,0
allages,all_cohorts,dr,priv,ED,vol_per_bene,87,1.04461765299374,2.07914980641412,0,0
allages,all_cohorts,dr,priv,ED,vol_per_capita,88,-0.959592327237478,1.26297300928735,0,0
allages,all_cohorts,dr,priv,IP,spend_per_bene,89,-4.88754307990846,13.6091513992677,0,0
allages,all_cohorts,dr,priv,IP,spend_per_capita,90,-18.9407311551646,9.74312756581216,0,0
allages,all_cohorts,dr,priv,IP,spend_per_vol,91,210.810771639909,115.241220777244,0,0
allages,all_cohorts,dr,priv,IP,vol_per_bene,92,-1.0111821526897,0.882830780059542,0,0
allages,all_cohorts,dr,priv,IP,vol_per_capita,93,-1.39674821938984,0.554121616842485,0,0
allages,all_cohorts,dr,priv,NF,spend_per_bene,94,13.7612410159412,4.31742140991643,0,0
allages,all_cohorts,dr,priv,NF,spend_per_capita,95,7.14535815365827,3.09654292994155,0,0
allages,all_cohorts,dr,priv,NF,spend_per_vol,96,33.6365348680672,62.1633781554928,0,0
allages,all_cohorts,dr,priv,NF,vol_per_bene,97,2.92150319730395,1.0053935493401,0,0
allages,all_cohorts,dr,priv,NF,vol_per_capita,98,1.41076443819171,0.739908454482651,0,0
allages,all_cohorts,dr,priv,RX,spend_per_bene,99,63.3658019903627,26.8491764285342,0,0
allages,all_cohorts,dr,priv,RX,spend_per_capita,100,32.4923150783982,18.4923227884863,0,0
allages,all_cohorts,dr,priv,RX,spend_per_vol,101,0.203393102626826,0.825825951885524,0,0
allages,all_cohorts,dr,priv,RX,vol_per_bene,102,578.999170278105,234.470780767166,0,0
allages,all_cohorts,dr,priv,RX,vol_per_capita,103,307.991699601066,179.879419405071,0,0
allages,all_cohorts,dr,priv,Total,spend_per_bene,104,119.354989207507,53.3114875515261,0,0
allages,all_cohorts,dr,priv,Total,spend_per_capita,105,11.0805557376169,37.5322915828041,0,0
allages,all_cohorts,dr,priv,Total,spend_per_vol,106,-7.39909547429889,4.30145722450352,0,0
allages,all_cohorts,dr,priv,Total,vol_per_bene,107,647.00976848861,236.568286401197,0,0
allages,all_cohorts,dr,priv,Total,vol_per_capita,108,253.47845666803,175.811962696511,0,0
allages,all_cohorts,ipw,mdcd,AM,spend_per_bene,109,157.168147458918,61.0716802147652,0,0
allages,all_cohorts,ipw,mdcd,AM,spend_per_capita,110,124.635178511312,13.9069510938494,0,0
allages,all_cohorts,ipw,mdcd,AM,spend_per_vol,111,10.0675019528053,2.55495320580249,0,0
allages,all_cohorts,ipw,mdcd,AM,vol_per_bene,112,268.625232830134,362.233372654325,0,0
allages,all_cohorts,ipw,mdcd,AM,vol_per_capita,113,452.696045130465,74.9505902472816,0,0
allages,all_cohorts,ipw,mdcd,ED,spend_per_bene,114,4.57931174974701,2.07881478794855,0,0
allages,all_cohorts,ipw,mdcd,ED,spend_per_capita,115,3.4700092232561,0.485614071647449,0,0
allages,all_cohorts,ipw,mdcd,ED,spend_per_vol,116,5.04670447301993,1.7694586995142,0,0
allages,all_cohorts,ipw,mdcd,ED,vol_per_bene,117,10.8731254225669,48.7064534202749,0,0
allages,all_cohorts,ipw,mdcd,ED,vol_per_capita,118,31.8563109650466,6.41771235427362,0,0
allages,all_cohorts,ipw,mdcd,IP,spend_per_bene,119,64.7769047635324,40.6992370568407,0,0
allages,all_cohorts,ipw,mdcd,IP,spend_per_capita,120,81.1644599510882,11.9348120457311,0,0
allages,all_cohorts,ipw,mdcd,IP,spend_per_vol,121,516.953761294669,180.606381772157,0,0
allages,all_cohorts,ipw,mdcd,IP,vol_per_bene,122,-15.2626215049041,9.57675091530135,0,0
allages,all_cohorts,ipw,mdcd,IP,vol_per_capita,123,7.7946557816235,1.74982792111866,0,0
allages,all_cohorts,ipw,mdcd,NF,spend_per_bene,124,-201.732034484885,43.6239233993707,0,0
allages,all_cohorts,ipw,mdcd,NF,spend_per_capita,125,1.15117695530905,4.95110988256438,0,0
allages,all_cohorts,ipw,mdcd,NF,spend_per_vol,126,72.2057816756759,94.4401534648063,0,0
allages,all_cohorts,ipw,mdcd,NF,vol_per_bene,127,-13.8651305125403,3.41447644139593,0,0
allages,all_cohorts,ipw,mdcd,NF,vol_per_capita,128,0.100239174842879,0.381076165704133,0,0
allages,all_cohorts,ipw,mdcd,RX,spend_per_bene,129,3.20154454240846,35.7389151636291,0,0
allages,all_cohorts,ipw,mdcd,RX,spend_per_capita,130,22.8399629414742,5.57397530120294,0,0
allages,all_cohorts,ipw,mdcd,RX,spend_per_vol,131,3.65239285877,1.43798127412091,0,0
allages,all_cohorts,ipw,mdcd,RX,vol_per_bene,132,-392.626686397644,584.903952853536,0,0
allages,all_cohorts,ipw,mdcd,RX,vol_per_capita,133,216.607384647039,85.7461009703371,0,0
allages,all_cohorts,ipw,mdcd,Total,spend_per_bene,134,27.3590733924757,104.876766330195,0,0
allages,all_cohorts,ipw,mdcd,Total,spend_per_capita,135,233.260787582439,27.641559087694,0,0
allages,all_cohorts,ipw,mdcd,Total,spend_per_vol,136,-1.87226079924859,7.94909640531675,0,0
allages,all_cohorts,ipw,mdcd,Total,vol_per_bene,137,-157.308290436694,739.717142712895,0,0
allages,all_cohorts,ipw,mdcd,Total,vol_per_capita,138,709.054635699016,131.714093527656,0,0
allages,all_cohorts,ipw,mdcr,AM,spend_per_bene,139,-30.1221992721973,19.2363290950003,0,0
allages,all_cohorts,ipw,mdcr,AM,spend_per_capita,140,-4.62020321630927,5.69204792355206,0,0
allages,all_cohorts,ipw,mdcr,AM,spend_per_vol,141,-0.119540075722548,0.731934603004685,0,0
allages,all_cohorts,ipw,mdcr,AM,vol_per_bene,142,-133.582166244209,87.7806944233433,0,0
allages,all_cohorts,ipw,mdcr,AM,vol_per_capita,143,-22.8070241182202,19.9589156169045,0,0
allages,all_cohorts,ipw,mdcr,ED,spend_per_bene,144,-0.780093553031279,4.28096020255616,0,0
allages,all_cohorts,ipw,mdcr,ED,spend_per_capita,145,-0.14940281195138,1.15973895446168,0,0
allages,all_cohorts,ipw,mdcr,ED,spend_per_vol,146,1.8981259686757,1.44037673382302,0,0
allages,all_cohorts,ipw,mdcr,ED,vol_per_bene,147,-5.15652490239646,5.93103839281303,0,0
allages,all_cohorts,ipw,mdcr,ED,vol_per_capita,148,-1.2197150697963,1.42235424440491,0,0
allages,all_cohorts,ipw,mdcr,IP,spend_per_bene,149,-42.29440828389,31.775246030056,0,0
allages,all_cohorts,ipw,mdcr,IP,spend_per_capita,150,-7.21439886087024,6.00910587573329,0,0
allages,all_cohorts,ipw,mdcr,IP,spend_per_vol,151,0.20146490471097,18.3955310494708,0,0
allages,all_cohorts,ipw,mdcr,IP,vol_per_bene,152,-1.37513337222871,1.85967692515579,0,0
allages,all_cohorts,ipw,mdcr,IP,vol_per_capita,153,-0.536921018121074,0.358566048179431,0,0
allages,all_cohorts,ipw,mdcr,NF,spend_per_bene,154,-36.9801758216638,24.2880396749955,0,0
allages,all_cohorts,ipw,mdcr,NF,spend_per_capita,155,-5.64843175612345,3.69289575337462,0,0
allages,all_cohorts,ipw,mdcr,NF,spend_per_vol,156,-21.4000858393183,51.4466303924383,0,0
allages,all_cohorts,ipw,mdcr,NF,vol_per_bene,157,-3.10294189702745,2.1718081296352,0,0
allages,all_cohorts,ipw,mdcr,NF,vol_per_capita,158,-0.518407300153507,0.313950884802695,0,0
allages,all_cohorts,ipw,mdcr,RX,spend_per_bene,159,36.7124348642932,23.8516953966967,0,0
allages,all_cohorts,ipw,mdcr,RX,spend_per_capita,160,7.81628334839118,3.40148673078242,0,0
allages,all_cohorts,ipw,mdcr,RX,spend_per_vol,161,0.752351119213148,0.263786314534981,0,0
allages,all_cohorts,ipw,mdcr,RX,vol_per_bene,162,485.614843872297,294.371392390482,0,0
allages,all_cohorts,ipw,mdcr,RX,vol_per_capita,163,43.5062084173913,41.7069300689735,0,0
allages,all_cohorts,ipw,mdcr,Total,spend_per_bene,164,-60.7720902498251,57.363033020755,0,0
allages,all_cohorts,ipw,mdcr,Total,spend_per_capita,165,-9.81615329686317,13.3727547035582,0,0
allages,all_cohorts,ipw,mdcr,Total,spend_per_vol,166,-4.55676996539029,2.20597639076085,0,0
allages,all_cohorts,ipw,mdcr,Total,vol_per_bene,167,317.802578066385,261.876579442975,0,0
allages,all_cohorts,ipw,mdcr,Total,vol_per_capita,168,18.4241409111,50.3560979301384,0,0
allages,all_cohorts,ipw,oop,AM,spend_per_capita,169,-23.7375149936121,9.50213931106022,0,0
allages,all_cohorts,ipw,oop,AM,spend_per_vol,170,-1.65378693861027,1.40927077147184,0,0
allages,all_cohorts,ipw,oop,AM,vol_per_capita,171,-137.692501200209,89.8175625861657,0,0
allages,all_cohorts,ipw,oop,ED,spend_per_capita,172,-1.37580262579712,0.500681549537031,0,0
allages,all_cohorts,ipw,oop,ED,spend_per_vol,173,-11.2217299148019,2.30915104821797,0,0
allages,all_cohorts,ipw,oop,ED,vol_per_capita,174,8.70320017243533,6.72645580161722,0,0
allages,all_cohorts,ipw,oop,IP,spend_per_capita,175,-7.12554401585465,2.5527320987063,0,0
allages,all_cohorts,ipw,oop,IP,spend_per_vol,176,-26.7702713804213,17.0888171279719,0,0
allages,all_cohorts,ipw,oop,IP,vol_per_capita,177,-5.41563238451852,2.34131767080739,0,0
allages,all_cohorts,ipw,oop,NF,spend_per_capita,178,14.5686058944427,4.89694021801576,0,0
allages,all_cohorts,ipw,oop,NF,spend_per_vol,179,-58.6147163223134,16.4730485099099,0,0
allages,all_cohorts,ipw,oop,NF,vol_per_capita,180,22.2332249541293,5.26955700753961,0,0
allages,all_cohorts,ipw,oop,RX,spend_per_capita,181,-4.92770775710147,7.37893989337502,0,0
allages,all_cohorts,ipw,oop,RX,spend_per_vol,182,-0.419880438752041,0.088025197218206,0,0
allages,all_cohorts,ipw,oop,RX,vol_per_capita,183,234.59732861086,607.189972975526,0,0
allages,all_cohorts,ipw,oop,Total,spend_per_capita,184,-22.5979634979227,18.433149492773,0,0
allages,all_cohorts,ipw,oop,Total,spend_per_vol,185,-0.613239004026406,0.991273203642105,0,0
allages,all_cohorts,ipw,oop,Total,vol_per_capita,186,122.425620152697,710.881548869606,0,0
allages,all_cohorts,ipw,priv,AM,spend_per_bene,187,46.1427686266233,27.5365432040228,0,0
allages,all_cohorts,ipw,priv,AM,spend_per_capita,188,-9.77338689398628,18.4885506582883,0,0
allages,all_cohorts,ipw,priv,AM,spend_per_vol,189,2.60092958739573,1.98079981697728,0,0
allages,all_cohorts,ipw,priv,AM,vol_per_bene,190,87.2357459053109,88.2714336510569,0,0
allages,all_cohorts,ipw,priv,AM,vol_per_capita,191,-55.1409922735639,62.9177470587785,0,0
allages,all_cohorts,ipw,priv,ED,spend_per_bene,192,0.243182941137226,1.35218676961159,0,0
allages,all_cohorts,ipw,priv,ED,spend_per_capita,193,-1.79536308080858,0.910468308479957,0,0
allages,all_cohorts,ipw,priv,ED,spend_per_vol,194,-21.6681011081278,15.3019803655732,0,0
allages,all_cohorts,ipw,priv,ED,vol_per_bene,195,1.02565650895137,2.05324469377754,0,0
allages,all_cohorts,ipw,priv,ED,vol_per_capita,196,-1.08626192183096,1.13887394426615,0,0
allages,all_cohorts,ipw,priv,IP,spend_per_bene,197,-5.26311085325788,12.8314300747531,0,0
allages,all_cohorts,ipw,priv,IP,spend_per_capita,198,-20.217336924995,9.55114427070551,0,0
allages,all_cohorts,ipw,priv,IP,spend_per_vol,199,112.834382805583,89.2729176182452,0,0
allages,all_cohorts,ipw,priv,IP,vol_per_bene,200,-0.881815192369245,0.913638683302776,0,0
allages,all_cohorts,ipw,priv,IP,vol_per_capita,201,-1.38710618967703,0.572837440922016,0,0
allages,all_cohorts,ipw,priv,NF,spend_per_bene,202,11.9175175503794,3.12491439356084,0,0
allages,all_cohorts,ipw,priv,NF,spend_per_capita,203,5.92158862773793,2.06494354109279,0,0
allages,all_cohorts,ipw,priv,NF,spend_per_vol,204,1.486230548094,56.6524659372881,0,0
allages,all_cohorts,ipw,priv,NF,vol_per_bene,205,2.63482412086281,0.78346841791232,0,0
allages,all_cohorts,ipw,priv,NF,vol_per_capita,206,1.21677431504761,0.574594362747559,0,0
allages,all_cohorts,ipw,priv,RX,spend_per_bene,207,48.7449780773374,25.2348544683951,0,0
allages,all_cohorts,ipw,priv,RX,spend_per_capita,208,21.2490083287362,15.9129884709229,0,0
allages,all_cohorts,ipw,priv,RX,spend_per_vol,209,-0.30924234858227,0.634342872275413,0,0
allages,all_cohorts,ipw,priv,RX,vol_per_bene,210,497.255844216665,216.70548673443,0,0
allages,all_cohorts,ipw,priv,RX,vol_per_capita,211,219.820182393833,146.858868600484,0,0
allages,all_cohorts,ipw,priv,Total,spend_per_bene,212,100.040512261074,43.6555672887524,0,0
allages,all_cohorts,ipw,priv,Total,spend_per_capita,213,-4.61548994331563,31.7929694436768,0,0
allages,all_cohorts,ipw,priv,Total,spend_per_vol,214,-6.30568096025172,3.86744991685877,0,0
allages,all_cohorts,ipw,priv,Total,vol_per_bene,215,570.033281868456,199.636132537918,0,0
allages,all_cohorts,ipw,priv,Total,vol_per_capita,216,163.422596323808,155.626457473504,0,0
allages,all_cohorts,reg,mdcd,AM,spend_per_bene,217,4.6243991808983,108.57121636952,0,0
allages,all_cohorts,reg,mdcd,AM,spend_per_capita,218,97.2312729023998,21.997506066612,0,0
allages,all_cohorts,reg,mdcd,AM,spend_per_vol,219,12.0927026567675,4.40316520819113,0,0
allages,all_cohorts,reg,mdcd,AM,vol_per_bene,220,-370.691833947667,674.15171991135,0,0
allages,all_cohorts,reg,mdcd,AM,vol_per_capita,221,323.488377175459,124.761730074034,0,0
allages,all_cohorts,reg,mdcd,ED,spend_per_bene,222,-0.739988809155925,3.29568695746147,0,0
allages,all_cohorts,reg,mdcd,ED,spend_per_capita,223,2.46188131715332,0.70256504205094,0,0
allages,all_cohorts,reg,mdcd,ED,spend_per_vol,224,9.15700667279845,2.27303853483808,0,0
allages,all_cohorts,reg,mdcd,ED,vol_per_bene,225,-63.0419950206335,54.7436925246222,0,0
allages,all_cohorts,reg,mdcd,ED,vol_per_capita,226,17.6162313089892,10.1711370127131,0,0
allages,all_cohorts,reg,mdcd,IP,spend_per_bene,227,53.9420086454144,77.4570721837319,0,0
allages,all_cohorts,reg,mdcd,IP,spend_per_capita,228,75.8080828870553,13.6441840212121,0,0
allages,all_cohorts,reg,mdcd,IP,spend_per_vol,229,580.091060616342,199.833888102983,0,0
allages,all_cohorts,reg,mdcd,IP,vol_per_bene,230,-3.01624367394611,14.7019646445595,0,0
allages,all_cohorts,reg,mdcd,IP,vol_per_capita,231,8.88141419932907,2.13062228077554,0,0
allages,all_cohorts,reg,mdcd,NF,spend_per_bene,232,-192.460506431857,103.439220389999,0,0
allages,all_cohorts,reg,mdcd,NF,spend_per_capita,233,1.97140365354033,12.1445429372146,0,0
allages,all_cohorts,reg,mdcd,NF,spend_per_vol,234,-21.8595713325563,117.341044996725,0,0
allages,all_cohorts,reg,mdcd,NF,vol_per_bene,235,-11.0754384244609,7.25233582422906,0,0
allages,all_cohorts,reg,mdcd,NF,vol_per_capita,236,0.333621476818561,0.875723940403508,0,0
allages,all_cohorts,reg,mdcd,RX,spend_per_bene,237,-71.6313794124211,76.3223016275852,0,0
allages,all_cohorts,reg,mdcd,RX,spend_per_capita,238,13.2177457161564,9.92781440825831,0,0
allages,all_cohorts,reg,mdcd,RX,spend_per_vol,239,1.87296531416032,1.99912950495721,0,0
allages,all_cohorts,reg,mdcd,RX,vol_per_bene,240,-1702.24963176303,1197.19981619422,0,0
allages,all_cohorts,reg,mdcd,RX,vol_per_capita,241,55.6067948267193,149.822928825057,0,0
allages,all_cohorts,reg,mdcd,Total,spend_per_bene,242,-208.201161119055,205.971370375194,0,0
allages,all_cohorts,reg,mdcd,Total,spend_per_capita,243,190.690386476305,35.6729310778031,0,0
allages,all_cohorts,reg,mdcd,Total,spend_per_vol,244,15.2206221819527,16.8116149083319,0,0
allages,all_cohorts,reg,mdcd,Total,vol_per_bene,245,-2173.55324954065,1039.70448162478,0,0
allages,all_cohorts,reg,mdcd,Total,vol_per_capita,246,405.926438987315,167.273283958323,0,0
allages,all_cohorts,reg,mdcr,AM,spend_per_bene,247,34.2896292947307,32.3835002496454,0,0
allages,all_cohorts,reg,mdcr,AM,spend_per_capita,248,-3.83668245856064,6.09081289863446,0,0
allages,all_cohorts,reg,mdcr,AM,spend_per_vol,249,0.0837766054272911,1.04975089951871,0,0
allages,all_cohorts,reg,mdcr,AM,vol_per_bene,250,145.640804552792,139.233491381697,0,0
allages,all_cohorts,reg,mdcr,AM,vol_per_capita,251,-4.83861128538399,27.4895203473569,0,0
allages,all_cohorts,reg,mdcr,ED,spend_per_bene,252,10.7512920373299,7.37026687038339,0,0
allages,all_cohorts,reg,mdcr,ED,spend_per_capita,253,1.25079528368684,1.78425347740058,0,0
allages,all_cohorts,reg,mdcr,ED,spend_per_vol,254,3.77639877063644,2.5389201224708,0,0
allages,all_cohorts,reg,mdcr,ED,vol_per_bene,255,11.9423025090099,8.33809361822468,0,0
allages,all_cohorts,reg,mdcr,ED,vol_per_capita,256,0.512492106891866,2.23164499601147,0,0
allages,all_cohorts,reg,mdcr,IP,spend_per_bene,257,38.9017730292014,39.8277988682977,0,0
allages,all_cohorts,reg,mdcr,IP,spend_per_capita,258,4.52146068512494,7.5104515380473,0,0
allages,all_cohorts,reg,mdcr,IP,spend_per_vol,259,64.0067184276092,25.2899786327384,0,0
allages,all_cohorts,reg,mdcr,IP,vol_per_bene,260,4.31958453957137,2.4707654158722,0,0
allages,all_cohorts,reg,mdcr,IP,vol_per_capita,261,0.130996895014209,0.466244080756263,0,0
allages,all_cohorts,reg,mdcr,NF,spend_per_bene,262,23.8378437431057,42.2423182974535,0,0
allages,all_cohorts,reg,mdcr,NF,spend_per_capita,263,2.26443603278461,6.91868266818878,0,0
allages,all_cohorts,reg,mdcr,NF,spend_per_vol,264,199.173194386175,79.6253306033706,0,0
allages,all_cohorts,reg,mdcr,NF,vol_per_bene,265,1.72700692176311,3.60432793567583,0,0
allages,all_cohorts,reg,mdcr,NF,vol_per_capita,266,0.0494462154709186,0.550322386152145,0,0
allages,all_cohorts,reg,mdcr,RX,spend_per_bene,267,50.6528101075251,26.5634322763242,0,0
allages,all_cohorts,reg,mdcr,RX,spend_per_capita,268,2.43707138733779,5.5291854369272,0,0
allages,all_cohorts,reg,mdcr,RX,spend_per_vol,269,0.427887973473723,0.359463580207605,0,0
allages,all_cohorts,reg,mdcr,RX,vol_per_bene,270,603.053256687589,389.948972000915,0,0
allages,all_cohorts,reg,mdcr,RX,vol_per_capita,271,-2.35798001248261,70.8219995127853,0,0
allages,all_cohorts,reg,mdcr,Total,spend_per_bene,272,146.268133407797,87.3183896266435,0,0
allages,all_cohorts,reg,mdcr,Total,spend_per_capita,273,6.63708093037364,19.2034629732773,0,0
allages,all_cohorts,reg,mdcr,Total,spend_per_vol,274,-0.304913811264191,3.12214318846022,0,0
allages,all_cohorts,reg,mdcr,Total,vol_per_bene,275,497.295782041423,378.065527489051,0,0
allages,all_cohorts,reg,mdcr,Total,vol_per_capita,276,-6.5036560804907,91.4214987389945,0,0
allages,all_cohorts,reg,oop,AM,spend_per_capita,277,-15.4260380517124,24.4800793631419,0,0
allages,all_cohorts,reg,oop,AM,spend_per_vol,278,2.72507144495284,1.99175374419174,0,0
allages,all_cohorts,reg,oop,AM,vol_per_capita,279,-242.762399219439,244.252738060808,0,0
allages,all_cohorts,reg,oop,ED,spend_per_capita,280,-0.855829223956835,1.23497613699392,0,0
allages,all_cohorts,reg,oop,ED,spend_per_vol,281,-7.05271317766233,2.49351370189447,0,0
allages,all_cohorts,reg,oop,ED,vol_per_capita,282,2.61883468994885,13.6230810676908,0,0
allages,all_cohorts,reg,oop,IP,spend_per_capita,283,-4.81388365193555,6.46899782679995,0,0
allages,all_cohorts,reg,oop,IP,spend_per_vol,284,57.5239479205058,36.2960859087154,0,0
allages,all_cohorts,reg,oop,IP,vol_per_capita,285,-9.25344369976284,5.97382603942586,0,0
allages,all_cohorts,reg,oop,NF,spend_per_capita,286,3.98865707693351,7.65102540480311,0,0
allages,all_cohorts,reg,oop,NF,spend_per_vol,287,-61.4329886095734,24.0383609491577,0,0
allages,all_cohorts,reg,oop,NF,vol_per_capita,288,11.3521752878864,7.15548479673298,0,0
allages,all_cohorts,reg,oop,RX,spend_per_capita,289,-13.3017579831518,20.0676026908327,0,0
allages,all_cohorts,reg,oop,RX,spend_per_vol,290,-0.35437681930251,0.157592638855761,0,0
allages,all_cohorts,reg,oop,RX,vol_per_capita,291,-665.92790042744,1413.78718408064,0,0
allages,all_cohorts,reg,oop,Total,spend_per_capita,292,-30.4088518338232,42.4366484596699,0,0
allages,all_cohorts,reg,oop,Total,spend_per_vol,293,0.995543499565663,2.18211723210907,0,0
allages,all_cohorts,reg,oop,Total,vol_per_capita,294,-903.972733368807,1674.02598296366,0,0
allages,all_cohorts,reg,priv,AM,spend_per_bene,295,108.695316775298,54.9738544599891,0,0
allages,all_cohorts,reg,priv,AM,spend_per_capita,296,21.4866351608828,30.0323207886778,0,0
allages,all_cohorts,reg,priv,AM,spend_per_vol,297,-0.0807610757912475,3.51490443542298,0,0
allages,all_cohorts,reg,priv,AM,vol_per_bene,298,334.889640954233,190.282524143813,0,0
allages,all_cohorts,reg,priv,AM,vol_per_capita,299,64.3129899868679,123.760325094097,0,0
allages,all_cohorts,reg,priv,ED,spend_per_bene,300,3.07536819960644,2.21609914926151,0,0
allages,all_cohorts,reg,priv,ED,spend_per_capita,301,-0.535922506243566,1.2091646501165,0,0
allages,all_cohorts,reg,priv,ED,spend_per_vol,302,-11.3358538824,24.845454158877,0,0
allages,all_cohorts,reg,priv,ED,vol_per_bene,303,3.70100062179956,2.80407196015547,0,0
allages,all_cohorts,reg,priv,ED,vol_per_capita,304,0.253716196194711,1.8767664464436,0,0
allages,all_cohorts,reg,priv,IP,spend_per_bene,305,36.0410690496196,28.5989569155871,0,0
allages,all_cohorts,reg,priv,IP,spend_per_capita,306,4.22571494790806,17.298985816016,0,0
allages,all_cohorts,reg,priv,IP,spend_per_vol,307,-57.7568457867425,176.102252689855,0,0
allages,all_cohorts,reg,priv,IP,vol_per_bene,308,1.69157034128799,1.53870434263528,0,0
allages,all_cohorts,reg,priv,IP,vol_per_capita,309,0.182434972532821,0.904393739172943,0,0
allages,all_cohorts,reg,priv,NF,spend_per_bene,310,9.5427676590278,7.76791555645496,0,0
allages,all_cohorts,reg,priv,NF,spend_per_capita,311,3.85077654009666,4.80651287849648,0,0
allages,all_cohorts,reg,priv,NF,spend_per_vol,312,-56.4734218226215,70.6408148781779,0,0
allages,all_cohorts,reg,priv,NF,vol_per_bene,313,2.23253627198688,1.82724017054045,0,0
allages,all_cohorts,reg,priv,NF,vol_per_capita,314,0.832371425735074,1.14748737833706,0,0
allages,all_cohorts,reg,priv,RX,spend_per_bene,315,23.7677275812391,26.0414455931817,0,0
allages,all_cohorts,reg,priv,RX,spend_per_capita,316,0.904875747472351,18.4184667340336,0,0
allages,all_cohorts,reg,priv,RX,spend_per_vol,317,1.14937045844706,1.35637980017617,0,0
allages,all_cohorts,reg,priv,RX,vol_per_bene,318,136.956416213317,217.146573846184,0,0
allages,all_cohorts,reg,priv,RX,vol_per_capita,319,-48.7201251581253,143.773849202782,0,0
allages,all_cohorts,reg,priv,Total,spend_per_bene,320,180.43692757164,96.8457947641897,0,0
allages,all_cohorts,reg,priv,Total,spend_per_capita,321,29.9320798901165,51.8893260638939,0,0
allages,all_cohorts,reg,priv,Total,spend_per_vol,322,4.19229533905792,5.3082235844001,0,0
allages,all_cohorts,reg,priv,Total,vol_per_bene,323,476.416784392341,308.527489573155,0,0
allages,all_cohorts,reg,priv,Total,vol_per_capita,324,16.8613874232053,192.090321091211,0,0
allages,c2014,dr,mdcd,AM,spend_per_bene,325,167.948656842946,85.2085953126411,0.8952,0
allages,c2014,dr,mdcd,AM,spend_per_capita,326,129.755028341979,18.0130315561332,0.54171,0
allages,c2014,dr,mdcd,AM,spend_per_vol,327,11.0720004069585,3.24046907707415,0.50933,0
allages,c2014,dr,mdcd,AM,vol_per_bene,328,332.248754299188,571.040619860788,0.84786,0
allages,c2014,dr,mdcd,AM,vol_per_capita,329,477.007278834569,99.1991214512363,0.51475,0
allages,c2014,dr,mdcd,ED,spend_per_bene,330,5.34470904305728,3.21205814152722,0.6188,0
allages,c2014,dr,mdcd,ED,spend_per_capita,331,3.65973918614711,0.616840451921381,0.54061,0
allages,c2014,dr,mdcd,ED,spend_per_vol,332,4.64487023582848,2.53565078865329,0.2244,0
allages,c2014,dr,mdcd,ED,vol_per_bene,333,33.2149800312188,72.2376271992925,0.73709,0
allages,c2014,dr,mdcd,ED,vol_per_capita,334,35.0108491804668,8.25916750798621,0.96196,0
allages,c2014,dr,mdcd,IP,spend_per_bene,335,71.0095210233295,52.0702526661009,0.7177,0
allages,c2014,dr,mdcd,IP,spend_per_capita,336,83.6670383322171,13.4187540791799,0.92667,0
allages,c2014,dr,mdcd,IP,spend_per_vol,337,417.976202226198,275.242636002681,0.91088,0
allages,c2014,dr,mdcd,IP,vol_per_bene,338,-9.22128403618498,14.3152307994113,0.68468,0
allages,c2014,dr,mdcd,IP,vol_per_capita,339,9.14728684653802,2.19986756180558,0.80036,0
allages,c2014,dr,mdcd,NF,spend_per_bene,340,-202.454547738019,60.5104645199491,0.41679,0
allages,c2014,dr,mdcd,NF,spend_per_capita,341,1.30408765057855,6.9222408046209,0.17825,0
allages,c2014,dr,mdcd,NF,spend_per_vol,342,63.3397137903997,135.295728415954,0.43884,0
allages,c2014,dr,mdcd,NF,vol_per_bene,343,-13.762139338296,5.07837255807292,0.36353,0
allages,c2014,dr,mdcd,NF,vol_per_capita,344,0.163417402621595,0.56423406378916,0.19477,0
allages,c2014,dr,mdcd,RX,spend_per_bene,345,-22.8609341341154,57.2821561655172,0.61002,0
allages,c2014,dr,mdcd,RX,spend_per_capita,346,21.9954370534344,8.39558263703495,0.4728,0
allages,c2014,dr,mdcd,RX,spend_per_vol,347,3.30792256993597,2.01627934143086,0.5312,0
allages,c2014,dr,mdcd,RX,vol_per_bene,348,-781.929225698123,885.105713741772,0.32271,0
allages,c2014,dr,mdcd,RX,vol_per_capita,349,196.633587791246,128.95918160673,0.2115,0
allages,c2014,dr,mdcd,Total,spend_per_bene,350,18.2528103736866,162.964015188464,0.80898,0
allages,c2014,dr,mdcd,Total,spend_per_capita,351,240.381330564356,36.25179730488,0.90961,0
allages,c2014,dr,mdcd,Total,spend_per_vol,352,0.518302953714116,11.5736492702879,0.24222,0
allages,c2014,dr,mdcd,Total,vol_per_bene,353,-457.633936730208,1045.12821081341,0.2275,0
allages,c2014,dr,mdcd,Total,vol_per_capita,354,717.962420055442,182.528641997973,0.08601,0
allages,c2014,dr,mdcr,AM,spend_per_bene,355,-42.5488190832355,21.9213338577833,0.46185,0
allages,c2014,dr,mdcr,AM,spend_per_capita,356,-5.37510535821567,7.26086020137872,0.55677,0
allages,c2014,dr,mdcr,AM,spend_per_vol,357,0.211731999308825,0.944292139664498,0.31689,0
allages,c2014,dr,mdcr,AM,vol_per_bene,358,-225.187401216949,117.597218553102,0.70607,0
allages,c2014,dr,mdcr,AM,vol_per_capita,359,-38.1672404011628,30.5329759022637,0.54974,0
allages,c2014,dr,mdcr,ED,spend_per_bene,360,-4.40528379956821,7.28795041430735,0.61455,0
allages,c2014,dr,mdcr,ED,spend_per_capita,361,-0.713842039819941,1.8820154939259,0.99766,0
allages,c2014,dr,mdcr,ED,spend_per_vol,362,1.05582671883508,2.14720888158934,0.10316,0
allages,c2014,dr,mdcr,ED,vol_per_bene,363,-10.4999620653191,8.8161925437775,0.06665,0
allages,c2014,dr,mdcr,ED,vol_per_capita,364,-2.04238191534312,2.13697362798702,0.51679,0
allages,c2014,dr,mdcr,IP,spend_per_bene,365,-87.8119621637462,42.973139147267,0.05716,0
allages,c2014,dr,mdcr,IP,spend_per_capita,366,-14.7152805303242,9.67104751496006,0.17806,0
allages,c2014,dr,mdcr,IP,spend_per_vol,367,-16.6435641039993,33.879177218315,0.66559,0
allages,c2014,dr,mdcr,IP,vol_per_bene,368,-3.94969106664151,2.65845546093927,0.14541,0
allages,c2014,dr,mdcr,IP,vol_per_capita,369,-1.00457216478665,0.554564451378644,0.11939,0
allages,c2014,dr,mdcr,NF,spend_per_bene,370,-43.2262413093437,36.9559334312931,0.13384,0
allages,c2014,dr,mdcr,NF,spend_per_capita,371,-6.47744337071229,5.64508437506281,0.16085,0
allages,c2014,dr,mdcr,NF,spend_per_vol,372,-40.930927023157,88.1499577599722,0.18446,0
allages,c2014,dr,mdcr,NF,vol_per_bene,373,-3.46728640343508,3.00317383759483,0.30253,0
allages,c2014,dr,mdcr,NF,vol_per_capita,374,-0.569105720682772,0.455317719923676,0.39045,0
allages,c2014,dr,mdcr,RX,spend_per_bene,375,68.1084637940727,29.9900346900561,0.30628,0
allages,c2014,dr,mdcr,RX,spend_per_capita,376,11.6829956447857,4.85035141122952,0.03724,0
allages,c2014,dr,mdcr,RX,spend_per_vol,377,0.993101561133866,0.309291337167247,0.08183,0
allages,c2014,dr,mdcr,RX,vol_per_bene,378,830.219950052658,374.036744497797,0.02395,0
allages,c2014,dr,mdcr,RX,vol_per_capita,379,63.3691381228238,55.8575629747466,0.00744,0
allages,c2014,dr,mdcr,Total,spend_per_bene,380,-111.02851996246,86.4547918218066,0.14649,0
allages,c2014,dr,mdcr,Total,spend_per_capita,381,-15.5986756542864,21.8258567975831,0.77276,0
allages,c2014,dr,mdcr,Total,spend_per_vol,382,-6.16754234872464,3.03032388982742,0.01451,0
allages,c2014,dr,mdcr,Total,vol_per_bene,383,325.632867052037,326.830813075981,0.24209,0
allages,c2014,dr,mdcr,Total,vol_per_capita,384,21.5858379208483,70.9988045815689,0.01651,0
allages,c2014,dr,oop,AM,spend_per_capita,385,-29.4390665986881,14.9395218579006,4e-05,0
allages,c2014,dr,oop,AM,spend_per_vol,386,-2.317661090309,2.36864354146715,0.3775,0
allages,c2014,dr,oop,AM,vol_per_capita,387,-192.121485680097,118.444865147134,5e-05,0
allages,c2014,dr,oop,ED,spend_per_capita,388,-1.64647103685369,0.784085551065467,0,0
allages,c2014,dr,oop,ED,spend_per_vol,389,-12.6900023250141,3.55985809585478,0.25454,0
allages,c2014,dr,oop,ED,vol_per_capita,390,2.34612965637273,8.51273287932601,0.00611,0
allages,c2014,dr,oop,IP,spend_per_capita,391,-8.59735267783821,4.01636614675328,4e-05,0
allages,c2014,dr,oop,IP,spend_per_vol,392,-34.9988027480517,26.6154645773606,0.15791,0
allages,c2014,dr,oop,IP,vol_per_capita,393,-7.34550596011311,3.18795561191116,0.33566,0
allages,c2014,dr,oop,NF,spend_per_capita,394,18.3205751627359,8.17531854085325,0.02272,0
allages,c2014,dr,oop,NF,spend_per_vol,395,-69.5728439579864,19.4568782958854,0.6787,0
allages,c2014,dr,oop,NF,vol_per_capita,396,26.8740184957366,7.89320947135483,0.16505,0
allages,c2014,dr,oop,RX,spend_per_capita,397,-0.217314743464192,9.85211310865487,0.00684,0
allages,c2014,dr,oop,RX,spend_per_vol,398,-0.383309550168739,0.111636128566357,0.00127,0
allages,c2014,dr,oop,RX,vol_per_capita,399,622.42885613176,773.941245698999,0.01639,0
allages,c2014,dr,oop,Total,spend_per_capita,400,-21.5796298941083,23.9324239773924,2e-05,0
allages,c2014,dr,oop,Total,spend_per_vol,401,-0.88250656774382,1.22777424290536,0.65605,0
allages,c2014,dr,oop,Total,vol_per_capita,402,452.182012643658,800.928183523852,0.00253,0
allages,c2014,dr,priv,AM,spend_per_bene,403,45.1973995688845,33.7595842135818,0.02736,0
allages,c2014,dr,priv,AM,spend_per_capita,404,-5.36729053683618,25.0692187119521,0.00965,0
allages,c2014,dr,priv,AM,spend_per_vol,405,4.25975841479526,2.75363512450649,0.16464,0
allages,c2014,dr,priv,AM,vol_per_bene,406,38.2301277481752,104.634341587065,0.00242,0
allages,c2014,dr,priv,AM,vol_per_capita,407,-72.0333677453807,72.9243589513504,0.00148,0
allages,c2014,dr,priv,ED,spend_per_bene,408,0.261951538912376,1.45924662596535,0.14696,0
allages,c2014,dr,priv,ED,spend_per_capita,409,-1.4625130806603,1.01852839142318,0.0682,0
allages,c2014,dr,priv,ED,spend_per_vol,410,-21.8895533032512,16.6876443399623,0.74386,0
allages,c2014,dr,priv,ED,vol_per_bene,411,0.630257735534605,2.47965507009092,0.66196,0
allages,c2014,dr,priv,ED,vol_per_capita,412,-1.05688327846295,1.38458164479961,0.35668,0
allages,c2014,dr,priv,IP,spend_per_bene,413,-9.35808504860613,14.4561660029852,0.20175,0
allages,c2014,dr,priv,IP,spend_per_capita,414,-20.2104040872286,10.3468614489379,0.0983,0
allages,c2014,dr,priv,IP,spend_per_vol,415,241.170833090266,137.150559645766,0.33906,0
allages,c2014,dr,priv,IP,vol_per_bene,416,-1.47440158603372,1.08825875866664,0.14866,0
allages,c2014,dr,priv,IP,vol_per_capita,417,-1.6156868172256,0.689142958932916,0.07912,0
allages,c2014,dr,priv,NF,spend_per_bene,418,13.7030535336133,4.82361200069184,0.57044,0
allages,c2014,dr,priv,NF,spend_per_capita,419,7.25152613663558,3.41221679703957,0.46541,0
allages,c2014,dr,priv,NF,spend_per_vol,420,81.7442854421726,64.0623246646949,0.07498,0
allages,c2014,dr,priv,NF,vol_per_bene,421,2.66633033607882,1.1752057636919,0.11129,0
allages,c2014,dr,priv,NF,vol_per_capita,422,1.27523759070486,0.821144477256276,0.05715,0
allages,c2014,dr,priv,RX,spend_per_bene,423,74.6925912721452,32.012237325754,0.00388,0
allages,c2014,dr,priv,RX,spend_per_capita,424,39.6313855032914,23.7911450293251,0.00139,0
allages,c2014,dr,priv,RX,spend_per_vol,425,0.567672077154993,0.981984785733388,0.49286,0
allages,c2014,dr,priv,RX,vol_per_bene,426,667.551350001595,298.035498779696,0.01333,0
allages,c2014,dr,priv,RX,vol_per_capita,427,367.169029933475,205.047563001029,0.00798,0
allages,c2014,dr,priv,Total,spend_per_bene,428,121.64037306133,53.7104402383456,0.03697,0
allages,c2014,dr,priv,Total,spend_per_capita,429,19.842703935202,43.5773344590691,0.01146,0
allages,c2014,dr,priv,Total,spend_per_vol,430,-8.0889293876367,4.70063843153432,0.41789,0
allages,c2014,dr,priv,Total,vol_per_bene,431,683.272558143271,278.363813110297,0.002,0
allages,c2014,dr,priv,Total,vol_per_capita,432,293.73832968311,226.554475411788,0.00055,0
allages,c2014,ipw,mdcd,AM,spend_per_bene,433,192.736079561635,69.9827320899042,0.8357,0
allages,c2014,ipw,mdcd,AM,spend_per_capita,434,128.180573899584,15.1669620980348,0.44482,0
allages,c2014,ipw,mdcd,AM,spend_per_vol,435,10.918701216582,2.57537027590887,0.47453,0
allages,c2014,ipw,mdcd,AM,vol_per_bene,436,476.942912224336,421.831034128166,0.9516,0
allages,c2014,ipw,mdcd,AM,vol_per_capita,437,475.638837188873,84.4703541128663,0.58142,0
allages,c2014,ipw,mdcd,ED,spend_per_bene,438,5.72821168578434,2.38439384967965,0.46608,0
allages,c2014,ipw,mdcd,ED,spend_per_capita,439,3.5716935269313,0.529034627638904,0.43603,0
allages,c2014,ipw,mdcd,ED,spend_per_vol,440,4.6788794632122,2.10370873322728,0.1608,0
allages,c2014,ipw,mdcd,ED,vol_per_bene,441,37.7384236669816,59.947441609822,0.4409,0
allages,c2014,ipw,mdcd,ED,vol_per_capita,442,35.0109455696448,7.74081549105279,0.9752,0
allages,c2014,ipw,mdcd,IP,spend_per_bene,443,92.5220377470447,46.1713500994751,0.83228,0
allages,c2014,ipw,mdcd,IP,spend_per_capita,444,84.0119335903464,13.013605530654,0.99971,0
allages,c2014,ipw,mdcd,IP,spend_per_vol,445,408.513527797645,210.933529035271,0.80507,0
allages,c2014,ipw,mdcd,IP,vol_per_bene,446,-5.3526027381611,11.2351276135151,0.83994,0
allages,c2014,ipw,mdcd,IP,vol_per_capita,447,9.26257755300579,2.09908096184296,0.90818,0
allages,c2014,ipw,mdcd,NF,spend_per_bene,448,-179.184573083111,53.8979269655629,0.34462,0
allages,c2014,ipw,mdcd,NF,spend_per_capita,449,3.0474998542398,5.91360915443989,0.19038,0
allages,c2014,ipw,mdcd,NF,spend_per_vol,450,66.5910749271641,108.505857614914,0.51163,0
allages,c2014,ipw,mdcd,NF,vol_per_bene,451,-11.9398787191877,3.66819993255375,0.41937,0
allages,c2014,ipw,mdcd,NF,vol_per_capita,452,0.240437082261562,0.432310825185243,0.23547,0
allages,c2014,ipw,mdcd,RX,spend_per_bene,453,-10.0056496810573,46.0675660705488,0.55183,0
allages,c2014,ipw,mdcd,RX,spend_per_capita,454,21.86018909975,7.46884345306725,0.34424,0
allages,c2014,ipw,mdcd,RX,spend_per_vol,455,2.74056080768075,1.59010421990076,0.58407,0
allages,c2014,ipw,mdcd,RX,vol_per_bene,456,-527.385164577129,731.641185062724,0.34858,0
allages,c2014,ipw,mdcd,RX,vol_per_capita,457,208.25757930887,108.751611649621,0.1753,0
allages,c2014,ipw,mdcd,Total,spend_per_bene,458,101.541526320369,128.535189772014,0.81507,0
allages,c2014,ipw,mdcd,Total,spend_per_capita,459,240.671889970851,33.0439362289338,0.89198,0
allages,c2014,ipw,mdcd,Total,spend_per_vol,460,0.0425837540871705,9.2366417663833,0.42633,0
allages,c2014,ipw,mdcd,Total,vol_per_bene,461,-44.7623808239637,963.483727445871,0.48621,0
allages,c2014,ipw,mdcd,Total,vol_per_capita,462,728.410376702655,163.785567938144,0.16331,0
allages,c2014,ipw,mdcr,AM,spend_per_bene,463,-39.2883919140199,19.5447740953364,0.7063,0
allages,c2014,ipw,mdcr,AM,spend_per_capita,464,-5.82484721955198,6.54257183503901,0.66382,0
allages,c2014,ipw,mdcr,AM,spend_per_vol,465,0.0204900564239199,0.886197191838826,0.5336,0
allages,c2014,ipw,mdcr,AM,vol_per_bene,466,-183.616613509412,104.931330771487,0.83715,0
allages,c2014,ipw,mdcr,AM,vol_per_capita,467,-31.5608147854095,24.1395441536002,0.66366,0
allages,c2014,ipw,mdcr,ED,spend_per_bene,468,-2.11303352726819,5.18651128971999,0.75174,0
allages,c2014,ipw,mdcr,ED,spend_per_capita,469,-0.326395867326626,1.24845374594606,0.86982,0
allages,c2014,ipw,mdcr,ED,spend_per_vol,470,2.91154552636802,1.61679098595815,0.00672,0
allages,c2014,ipw,mdcr,ED,vol_per_bene,471,-8.82114928556913,7.03419536114836,0.08821,0
allages,c2014,ipw,mdcr,ED,vol_per_capita,472,-1.81349118211306,1.8041985602097,0.52545,0
allages,c2014,ipw,mdcr,IP,spend_per_bene,473,-65.4468323521438,33.0439536436296,0.08063,0
allages,c2014,ipw,mdcr,IP,spend_per_capita,474,-10.4251521518963,7.46163777993255,0.42399,0
allages,c2014,ipw,mdcr,IP,spend_per_vol,475,1.79812319501512,25.7396903925553,0.739,0
allages,c2014,ipw,mdcr,IP,vol_per_bene,476,-2.59920432449399,1.93171989736075,0.17658,0
allages,c2014,ipw,mdcr,IP,vol_per_capita,477,-0.74230605402785,0.41724737049449,0.2589,0
allages,c2014,ipw,mdcr,NF,spend_per_bene,478,-38.8205719180181,29.2716840381413,0.14115,0
allages,c2014,ipw,mdcr,NF,spend_per_capita,479,-5.61351211900243,4.38188373650588,0.17759,0
allages,c2014,ipw,mdcr,NF,spend_per_vol,480,-6.81047515577022,61.7899931152922,0.05256,0
allages,c2014,ipw,mdcr,NF,vol_per_bene,481,-3.29673935134535,2.71339298602916,0.31835,0
allages,c2014,ipw,mdcr,NF,vol_per_capita,482,-0.530039783056159,0.376261543398859,0.4683,0
allages,c2014,ipw,mdcr,RX,spend_per_bene,483,53.9115593921686,28.1906284783728,0.26699,0
allages,c2014,ipw,mdcr,RX,spend_per_capita,484,8.29316095871104,3.67787348241339,0.14496,0
allages,c2014,ipw,mdcr,RX,spend_per_vol,485,0.969630392130631,0.291417984312634,0.07777,0
allages,c2014,ipw,mdcr,RX,vol_per_bene,486,658.26941767944,358.024269563487,0.07804,0
allages,c2014,ipw,mdcr,RX,vol_per_capita,487,35.6153970196563,47.251452312161,0.26359,0
allages,c2014,ipw,mdcr,Total,spend_per_bene,488,-94.6230200167144,68.6617613910116,0.2199,0
allages,c2014,ipw,mdcr,Total,spend_per_capita,489,-13.8967463990663,17.0351961528983,0.7545,0
allages,c2014,ipw,mdcr,Total,spend_per_vol,490,-4.96415276832605,2.44143232511939,0.14473,0
allages,c2014,ipw,mdcr,Total,vol_per_bene,491,221.917699063702,305.536009036626,0.71504,0
allages,c2014,ipw,mdcr,Total,vol_per_capita,492,0.968745215049395,58.2301410898154,0.25748,0
allages,c2014,ipw,oop,AM,spend_per_capita,493,-25.4234222366614,11.6506934699219,1e-05,0
allages,c2014,ipw,oop,AM,spend_per_vol,494,-1.87894947904184,1.65611316356872,0.00447,0
allages,c2014,ipw,oop,AM,vol_per_capita,495,-157.345359985331,109.714431508195,0.00013,0
allages,c2014,ipw,oop,ED,spend_per_capita,496,-1.48726992968687,0.582266777245695,0,0
allages,c2014,ipw,oop,ED,spend_per_vol,497,-12.2452418146614,2.51306233905889,0.42339,0
allages,c2014,ipw,oop,ED,vol_per_capita,498,3.24426952258719,8.16046672776832,0.00249,0
allages,c2014,ipw,oop,IP,spend_per_capita,499,-7.56449665256911,3.19894856287711,1e-05,0
allages,c2014,ipw,oop,IP,spend_per_vol,500,-25.9679430219332,20.5551760702372,0.25997,0
allages,c2014,ipw,oop,IP,vol_per_capita,501,-6.51626159693838,2.84227941099557,0.20232,0
allages,c2014,ipw,oop,NF,spend_per_capita,502,13.9824711310701,5.56181345347288,0.01064,0
allages,c2014,ipw,oop,NF,spend_per_vol,503,-59.5424145596593,20.2656354801739,0.812,0
allages,c2014,ipw,oop,NF,vol_per_capita,504,20.8247206949488,5.86425976477751,0.19959,0
allages,c2014,ipw,oop,RX,spend_per_capita,505,-3.71153259637985,7.67510646057501,0.00338,0
allages,c2014,ipw,oop,RX,spend_per_vol,506,-0.390175585947517,0.090202082690124,0.00206,0
allages,c2014,ipw,oop,RX,vol_per_capita,507,352.084388618419,703.320114202321,0.00734,0
allages,c2014,ipw,oop,Total,spend_per_capita,508,-24.2042502842271,21.3272011089302,0,0
allages,c2014,ipw,oop,Total,spend_per_vol,509,-0.639005155314221,1.1473491565388,0.58796,0
allages,c2014,ipw,oop,Total,vol_per_capita,510,212.291757253685,832.976335077223,0.00085,0
allages,c2014,ipw,priv,AM,spend_per_bene,511,43.0428720868773,29.8184018665416,0.01676,0
allages,c2014,ipw,priv,AM,spend_per_capita,512,-7.32159784673992,21.4362176737963,0.00535,0
allages,c2014,ipw,priv,AM,spend_per_vol,513,3.21281511570055,2.21235630086133,0.28587,0
allages,c2014,ipw,priv,AM,vol_per_bene,514,46.7353442567978,95.7301406189655,0.00232,0
allages,c2014,ipw,priv,AM,vol_per_capita,515,-72.5432212881088,67.7059306718827,0.00066,0
allages,c2014,ipw,priv,ED,spend_per_bene,516,0.201757689229201,1.5810054250518,0.08628,0
allages,c2014,ipw,priv,ED,spend_per_capita,517,-1.66298297441281,1.09009081113657,0.05131,0
allages,c2014,ipw,priv,ED,spend_per_vol,518,-27.0771197421495,16.3784461315643,0.47261,0
allages,c2014,ipw,priv,ED,vol_per_bene,519,0.756678677465957,2.2259900696895,0.44445,0
allages,c2014,ipw,priv,ED,vol_per_capita,520,-1.11634281723086,1.33411360382849,0.3917,0
allages,c2014,ipw,priv,IP,spend_per_bene,521,-8.43014269572609,14.795367311496,0.1083,0
allages,c2014,ipw,priv,IP,spend_per_capita,522,-21.0645232742588,10.2296570089353,0.06958,0
allages,c2014,ipw,priv,IP,spend_per_vol,523,127.750233074924,99.8540884415424,0.2552,0
allages,c2014,ipw,priv,IP,vol_per_bene,524,-1.23233066414245,1.02306919552643,0.08648,0
allages,c2014,ipw,priv,IP,vol_per_capita,525,-1.55720200325833,0.66086094140813,0.0511,0
allages,c2014,ipw,priv,NF,spend_per_bene,526,11.7398149947153,3.78177054885528,0.66578,0
allages,c2014,ipw,priv,NF,spend_per_capita,527,5.92958997363269,2.49437944324028,0.55257,0
allages,c2014,ipw,priv,NF,spend_per_vol,528,39.0319778980298,53.5962819646487,0.09047,0
allages,c2014,ipw,priv,NF,vol_per_bene,529,2.41530235172539,0.878862663998384,0.13147,0
allages,c2014,ipw,priv,NF,vol_per_capita,530,1.10297420524466,0.622032966466922,0.05057,0
allages,c2014,ipw,priv,RX,spend_per_bene,531,55.8049545449705,27.5706325385005,0.00551,0
allages,c2014,ipw,priv,RX,spend_per_capita,532,25.372152283316,18.3543817478108,0.00261,0
allages,c2014,ipw,priv,RX,spend_per_vol,533,-0.0977480707394335,0.722240971629962,0.26233,0
allages,c2014,ipw,priv,RX,vol_per_bene,534,557.421605445718,246.000864243679,0.02865,0
allages,c2014,ipw,priv,RX,vol_per_capita,535,254.952800462703,173.528213665847,0.0159,0
allages,c2014,ipw,priv,Total,spend_per_bene,536,99.803366385115,50.9802377208685,0.02153,0
allages,c2014,ipw,priv,Total,spend_per_capita,537,1.25263816153734,38.3881380650836,0.00656,0
allages,c2014,ipw,priv,Total,spend_per_vol,538,-6.4046395738207,4.45014707097678,0.75846,0
allages,c2014,ipw,priv,Total,vol_per_bene,539,582.378096978876,249.114172465899,0.00309,0
allages,c2014,ipw,priv,Total,vol_per_capita,540,180.83900855935,173.319398615098,0.00073,0
allages,c2014,reg,mdcd,AM,spend_per_bene,541,0.726418745089449,124.725834733387,0.6032,0
allages,c2014,reg,mdcd,AM,spend_per_capita,542,93.8953358600575,24.0927506599835,0.76801,0
allages,c2014,reg,mdcd,AM,spend_per_vol,543,12.8708885392388,5.39323995367074,0.0025,0
allages,c2014,reg,mdcd,AM,vol_per_bene,544,-442.434650631286,927.390662513206,0.49507,0
allages,c2014,reg,mdcd,AM,vol_per_capita,545,297.476078505457,151.262472900705,0.57033,0
allages,c2014,reg,mdcd,ED,spend_per_bene,546,-1.12246274823852,4.23497489853136,0.50632,0
allages,c2014,reg,mdcd,ED,spend_per_capita,547,2.29225025743536,0.8039086995132,0.53483,0
allages,c2014,reg,mdcd,ED,spend_per_vol,548,9.81649868339894,2.47777074672753,0.01519,0
allages,c2014,reg,mdcd,ED,vol_per_bene,549,-61.5225726147278,69.4687295684537,0.23748,0
allages,c2014,reg,mdcd,ED,vol_per_capita,550,15.9251459385805,12.7744769397392,0.68662,0
allages,c2014,reg,mdcd,IP,spend_per_bene,551,83.0036212536885,86.1748473916194,0.34958,0
allages,c2014,reg,mdcd,IP,spend_per_capita,552,78.8337102245155,14.9232066931836,0.60162,0
allages,c2014,reg,mdcd,IP,spend_per_vol,553,505.456552079499,247.728582044781,0.0198,0
allages,c2014,reg,mdcd,IP,vol_per_bene,554,9.37281951223774,19.5471590511663,0.27315,0
allages,c2014,reg,mdcd,IP,vol_per_capita,555,10.5740443204745,2.6710227588389,0.33241,0
allages,c2014,reg,mdcd,NF,spend_per_bene,556,-163.931223164594,105.351461990642,0.18139,0
allages,c2014,reg,mdcd,NF,spend_per_capita,557,4.21007488659173,13.5159155945067,0.23128,0
allages,c2014,reg,mdcd,NF,spend_per_vol,558,-73.6626528081909,139.655457973033,0.77446,0
allages,c2014,reg,mdcd,NF,vol_per_bene,559,-7.92801166050459,7.87258600739459,0.17284,0
allages,c2014,reg,mdcd,NF,vol_per_capita,560,0.616427124779253,0.959083258562072,0.25276,0
allages,c2014,reg,mdcd,RX,spend_per_bene,561,-103.43212715383,78.301089035148,0.3164,0
allages,c2014,reg,mdcd,RX,spend_per_capita,562,9.6577300925389,10.9176126170636,0.46513,0
allages,c2014,reg,mdcd,RX,spend_per_vol,563,0.435802062926672,2.20140375675986,0.28146,0
allages,c2014,reg,mdcd,RX,vol_per_bene,564,-2143.86187824769,1310.21212728385,0.2463,0
allages,c2014,reg,mdcd,RX,vol_per_capita,565,4.33826353408605,163.396032782694,0.29797,0
allages,c2014,reg,mdcd,Total,spend_per_bene,566,-186.500628361404,248.42396983731,0.32483,0
allages,c2014,reg,mdcd,Total,spend_per_capita,567,188.889101321139,42.6134421543665,0.41926,0
allages,c2014,reg,mdcd,Total,spend_per_vol,568,20.7568996751391,15.0592475031418,0.02875,0
allages,c2014,reg,mdcd,Total,vol_per_bene,569,-2672.61700804311,1252.30998789327,0.18051,0
allages,c2014,reg,mdcd,Total,vol_per_capita,570,328.929959423377,191.006209170298,0.07043,0
allages,c2014,reg,mdcr,AM,spend_per_bene,571,36.1504446958906,34.8216920110274,0.38269,0
allages,c2014,reg,mdcr,AM,spend_per_capita,572,-4.96790929799749,6.07035508312976,0.22616,0
allages,c2014,reg,mdcr,AM,spend_per_vol,573,-0.171868352745047,1.18684154956387,0.14668,0
allages,c2014,reg,mdcr,AM,vol_per_bene,574,172.79381931363,162.660025925036,0.31779,0
allages,c2014,reg,mdcr,AM,vol_per_capita,575,-5.13199025078997,30.309875163606,0.58883,0
allages,c2014,reg,mdcr,ED,spend_per_bene,576,11.1863745504697,8.47761038314873,0.92246,0
allages,c2014,reg,mdcr,ED,spend_per_capita,577,1.26827643577914,2.05446244450594,0.93643,0
allages,c2014,reg,mdcr,ED,spend_per_vol,578,4.98608219245779,2.84280602200395,0.08215,0
allages,c2014,reg,mdcr,ED,vol_per_bene,579,11.6225287900682,9.07109796709133,0.91212,0
allages,c2014,reg,mdcr,ED,vol_per_capita,580,0.275364927378722,2.55350164946207,0.69755,0
allages,c2014,reg,mdcr,IP,spend_per_bene,581,32.8898434851652,43.1271614659651,0.44832,0
allages,c2014,reg,mdcr,IP,spend_per_capita,582,3.50173871415152,8.38131717956733,0.26134,0
allages,c2014,reg,mdcr,IP,spend_per_vol,583,86.6863879777652,27.551467208201,0.02162,0
allages,c2014,reg,mdcr,IP,vol_per_bene,584,4.20987986159562,2.50972747012204,0.61991,0
allages,c2014,reg,mdcr,IP,vol_per_capita,585,0.0308750268673504,0.49507840245356,0.08187,0
allages,c2014,reg,mdcr,NF,spend_per_bene,586,38.5227123444728,47.9787748481331,0.23593,0
allages,c2014,reg,mdcr,NF,spend_per_capita,587,4.34206332816691,8.27303234319618,0.11981,0
allages,c2014,reg,mdcr,NF,spend_per_vol,588,257.92363048177,95.9727444338885,0.28682,0
allages,c2014,reg,mdcr,NF,vol_per_bene,589,2.90802042750207,3.76079020981712,0.10282,0
allages,c2014,reg,mdcr,NF,vol_per_capita,590,0.201231568341725,0.641412646705162,0.07152,0
allages,c2014,reg,mdcr,RX,spend_per_bene,591,72.2992332907521,28.7350103804982,0.58624,0
allages,c2014,reg,mdcr,RX,spend_per_capita,592,1.88735106552113,5.92645563094151,0.59409,0
allages,c2014,reg,mdcr,RX,spend_per_vol,593,0.729030096919448,0.393629593893178,0.03416,0
allages,c2014,reg,mdcr,RX,vol_per_bene,594,777.257547452192,433.386598411024,0.01117,0
allages,c2014,reg,mdcr,RX,vol_per_capita,595,-25.1862553997517,92.0109197954519,0.0187,0
allages,c2014,reg,mdcr,Total,spend_per_bene,596,157.727263311744,93.918499845079,0.85527,0
allages,c2014,reg,mdcr,Total,spend_per_capita,597,6.03152024562136,21.5673193896112,0.79387,0
allages,c2014,reg,mdcr,Total,spend_per_vol,598,0.296088701433412,3.49870606625053,0.01512,0
allages,c2014,reg,mdcr,Total,vol_per_bene,599,438.203339784247,440.629659329712,0.03224,0
allages,c2014,reg,mdcr,Total,vol_per_capita,600,-29.8107741279552,102.497622577611,0.011,0
allages,c2014,reg,oop,AM,spend_per_capita,601,-15.7398421070734,32.3089875721673,0.00022,0
allages,c2014,reg,oop,AM,spend_per_vol,602,3.81407719457706,2.21487810724721,0.00011,0
allages,c2014,reg,oop,AM,vol_per_capita,603,-302.337973553029,310.347132845067,3e-05,0
allages,c2014,reg,oop,ED,spend_per_capita,604,-0.894311173608493,1.4598880709765,0.00013,0
allages,c2014,reg,oop,ED,spend_per_vol,605,-7.18475772465767,2.50236514602655,0.00087,0
allages,c2014,reg,oop,ED,vol_per_capita,606,-5.77324992699607,18.8273711666125,0.03694,0
allages,c2014,reg,oop,IP,spend_per_capita,607,-5.00407195016476,8.15344002683975,0.00378,0
allages,c2014,reg,oop,IP,spend_per_vol,608,80.1288386209992,38.4834122516873,0.00335,0
allages,c2014,reg,oop,IP,vol_per_capita,609,-11.9843981269709,8.23839688916844,0.30273,0
allages,c2014,reg,oop,NF,spend_per_capita,610,2.17238672994528,8.17395552536475,0.00709,0
allages,c2014,reg,oop,NF,spend_per_vol,611,-58.8737351337781,30.5295816580268,0.11099,0
allages,c2014,reg,oop,NF,vol_per_capita,612,8.10815898859737,8.31228741554664,0.24323,0
allages,c2014,reg,oop,RX,spend_per_capita,613,-13.8324831754956,23.2474242346246,0.03347,0
allages,c2014,reg,oop,RX,spend_per_vol,614,-0.291206581114794,0.187318025633853,0.00716,0
allages,c2014,reg,oop,RX,vol_per_capita,615,-730.520460463196,1523.31250015566,0.08022,0
allages,c2014,reg,oop,Total,spend_per_capita,616,-33.2983216763969,54.1299320748685,6e-05,0
allages,c2014,reg,oop,Total,spend_per_vol,617,1.31413470094778,2.35378437853539,0.34316,0
allages,c2014,reg,oop,Total,vol_per_capita,618,-1042.50792308159,1860.88177453218,0.00443,0
allages,c2014,reg,priv,AM,spend_per_bene,619,119.407322690847,67.8904108963633,0.31115,0
allages,c2014,reg,priv,AM,spend_per_capita,620,29.4900906470597,33.1023580551484,0.09552,0
allages,c2014,reg,priv,AM,spend_per_vol,621,1.02879702042789,4.08487988124414,0.32809,0
allages,c2014,reg,priv,AM,vol_per_bene,622,331.317386589072,211.082702915092,0.00993,0
allages,c2014,reg,priv,AM,vol_per_capita,623,62.6055489195252,129.027566233213,0.00675,0
allages,c2014,reg,priv,ED,spend_per_bene,624,3.71965548626744,2.53545770056787,0.15414,0
allages,c2014,reg,priv,ED,spend_per_capita,625,-0.154498684394795,1.33598878761071,0.13347,0
allages,c2014,reg,priv,ED,spend_per_vol,626,-15.0670854698253,28.4594243289004,0.14219,0
allages,c2014,reg,priv,ED,vol_per_bene,627,3.74346299692542,3.1171346909882,0.10288,0
allages,c2014,reg,priv,ED,vol_per_capita,628,0.361613421269762,2.30034260331525,0.0917,0
allages,c2014,reg,priv,IP,spend_per_bene,629,40.8263143271086,36.9077242371331,0.26533,0
allages,c2014,reg,priv,IP,spend_per_capita,630,7.55886297210738,21.5353175938288,0.26507,0
allages,c2014,reg,priv,IP,spend_per_vol,631,-63.8536317407035,211.982216265923,0.66773,0
allages,c2014,reg,priv,IP,vol_per_bene,632,1.74187675126204,1.789602043674,0.33545,0
allages,c2014,reg,priv,IP,vol_per_capita,633,0.244438623476073,1.13537269394053,0.20592,0
allages,c2014,reg,priv,NF,spend_per_bene,634,9.43250014122635,9.14217905693187,0.47312,0
allages,c2014,reg,priv,NF,spend_per_capita,635,3.74632921948745,5.71829484749492,0.26971,0
allages,c2014,reg,priv,NF,spend_per_vol,636,6.58234854347919,63.8182107928162,0.05339,0
allages,c2014,reg,priv,NF,vol_per_bene,637,1.87136649669673,1.95422277096919,0.05313,0
allages,c2014,reg,priv,NF,vol_per_capita,638,0.584991728117746,1.38242135132089,0.04369,0
allages,c2014,reg,priv,RX,spend_per_bene,639,29.7015491768933,30.1217975215076,0.07291,0
allages,c2014,reg,priv,RX,spend_per_capita,640,3.31257453332826,20.3036525203089,0.02379,0
allages,c2014,reg,priv,RX,spend_per_vol,641,1.57151416331695,1.64343098183665,0.36526,0
allages,c2014,reg,priv,RX,vol_per_bene,642,174.593752921291,246.54772507228,0.06774,0
allages,c2014,reg,priv,RX,vol_per_capita,643,-37.3352136947883,169.807467596158,0.03113,0
allages,c2014,reg,priv,Total,spend_per_bene,644,201.50599635095,122.468414816709,0.28014,0
allages,c2014,reg,priv,Total,spend_per_capita,645,43.9533586875883,63.3012113053232,0.07199,0
allages,c2014,reg,priv,Total,spend_per_vol,646,5.45725983661949,6.39838535766143,0.12819,0
allages,c2014,reg,priv,Total,vol_per_bene,647,503.095742050642,378.494596164669,0.02408,0
allages,c2014,reg,priv,Total,vol_per_capita,648,26.4613789976003,220.020908340138,0.00797,0
stdized,all_cohorts,dr,mdcd,AM,spend_per_bene,649,66.7803554636572,68.0397889975774,0,0
stdized,all_cohorts,dr,mdcd,AM,spend_per_capita,650,125.084863177035,17.9314582649251,0,0
stdized,all_cohorts,dr,mdcd,AM,spend_per_vol,651,8.2391648115684,2.33913038222789,0,0
stdized,all_cohorts,dr,mdcd,AM,vol_per_bene,652,-49.1778612619244,446.636302112939,0,0
stdized,all_cohorts,dr,mdcd,AM,vol_per_capita,653,467.389266711302,90.9480686021133,0,0
stdized,all_cohorts,dr,mdcd,ED,spend_per_bene,654,1.79231177402003,3.2931398526037,0,0
stdized,all_cohorts,dr,mdcd,ED,spend_per_capita,655,3.31351174998592,0.614528327448227,0,0
stdized,all_cohorts,dr,mdcd,ED,spend_per_vol,656,3.66250677628533,1.85232300977326,0,0
stdized,all_cohorts,dr,mdcd,ED,vol_per_bene,657,-5.84028258477813,58.399867217795,0,0
stdized,all_cohorts,dr,mdcd,ED,vol_per_capita,658,30.9995216478047,8.45442276693132,0,0
stdized,all_cohorts,dr,mdcd,IP,spend_per_bene,659,-29.7814164635878,48.0391892030177,0,0
stdized,all_cohorts,dr,mdcd,IP,spend_per_capita,660,73.1010945168358,13.51662518018,0,0
stdized,all_cohorts,dr,mdcd,IP,spend_per_vol,661,369.988712102156,211.898971992484,0,0
stdized,all_cohorts,dr,mdcd,IP,vol_per_bene,662,-20.897981198903,13.0241872060898,0,0
stdized,all_cohorts,dr,mdcd,IP,vol_per_capita,663,7.45082864161027,1.93503562741692,0,0
stdized,all_cohorts,dr,mdcd,NF,spend_per_bene,664,-197.747601141291,69.586833038071,0,0
stdized,all_cohorts,dr,mdcd,NF,spend_per_capita,665,7.24833552459181,9.04528618167464,0,0
stdized,all_cohorts,dr,mdcd,NF,spend_per_vol,666,11.5374945475274,130.813464352925,0,0
stdized,all_cohorts,dr,mdcd,NF,vol_per_bene,667,-12.009418407598,5.4058513890127,0,0
stdized,all_cohorts,dr,mdcd,NF,vol_per_capita,668,0.990327310153496,0.811689884611057,0,0
stdized,all_cohorts,dr,mdcd,RX,spend_per_bene,669,-26.5879279582812,52.9059090779653,0,0
stdized,all_cohorts,dr,mdcd,RX,spend_per_capita,670,19.9177457022989,7.9937134944093,0,0
stdized,all_cohorts,dr,mdcd,RX,spend_per_vol,671,3.80314532967201,1.71912057009848,0,0
stdized,all_cohorts,dr,mdcd,RX,vol_per_bene,672,-747.362120560568,758.684647798274,0,0
stdized,all_cohorts,dr,mdcd,RX,vol_per_capita,673,174.290302432416,107.098682381496,0,0
stdized,all_cohorts,dr,mdcd,Total,spend_per_bene,674,-188.049431549637,129.765950377003,0,0
stdized,all_cohorts,dr,mdcd,Total,spend_per_capita,675,228.665550670748,37.4429934270805,0,0
stdized,all_cohorts,dr,mdcd,Total,spend_per_vol,676,-0.281815135114677,9.81469571764657,0,0
stdized,all_cohorts,dr,mdcd,Total,vol_per_bene,677,-862.105208052338,852.207796088605,0,0
stdized,all_cohorts,dr,mdcd,Total,vol_per_capita,678,681.120246743287,166.820204374984,0,0
stdized,all_cohorts,dr,mdcr,AM,spend_per_bene,679,-38.2337536765503,21.6496864928573,0,0
stdized,all_cohorts,dr,mdcr,AM,spend_per_capita,680,-5.10612219490125,12.7623477952379,0,0
stdized,all_cohorts,dr,mdcr,AM,spend_per_vol,681,0.104495118056776,0.811855116812142,0,0
stdized,all_cohorts,dr,mdcr,AM,vol_per_bene,682,-191.652829814441,106.632723515994,0,0
stdized,all_cohorts,dr,mdcr,AM,vol_per_capita,683,-29.7850333810196,44.1410697760908,0,0
stdized,all_cohorts,dr,mdcr,ED,spend_per_bene,684,-3.8373752493916,6.70027915772581,0,0
stdized,all_cohorts,dr,mdcr,ED,spend_per_capita,685,-0.600366652856527,1.83638571918507,0,0
stdized,all_cohorts,dr,mdcr,ED,spend_per_vol,686,0.195887822759651,2.10957333150582,0,0
stdized,all_cohorts,dr,mdcr,ED,vol_per_bene,687,-7.88776815511309,8.41083529086482,0,0
stdized,all_cohorts,dr,mdcr,ED,vol_per_capita,688,-1.39009677719918,2.41665602322885,0,0
stdized,all_cohorts,dr,mdcr,IP,spend_per_bene,689,-58.1163289430372,39.7182383723789,0,0
stdized,all_cohorts,dr,mdcr,IP,spend_per_capita,690,-9.28728550800235,12.7682827654358,0,0
stdized,all_cohorts,dr,mdcr,IP,spend_per_vol,691,-18.2821261161784,25.3458291732617,0,0
stdized,all_cohorts,dr,mdcr,IP,vol_per_bene,692,-2.58200955013762,2.4701798971318,0,0
stdized,all_cohorts,dr,mdcr,IP,vol_per_capita,693,-0.696369931240974,0.857425423978984,0,0
stdized,all_cohorts,dr,mdcr,NF,spend_per_bene,694,-36.4317952770714,31.8850687461914,0,0
stdized,all_cohorts,dr,mdcr,NF,spend_per_capita,695,-5.54797844875371,6.05193878612007,0,0
stdized,all_cohorts,dr,mdcr,NF,spend_per_vol,696,-52.1330797405818,79.5966928848266,0,0
stdized,all_cohorts,dr,mdcr,NF,vol_per_bene,697,-2.89270576132124,2.69739046216461,0,0
stdized,all_cohorts,dr,mdcr,NF,vol_per_capita,698,-0.492870437422208,0.499238488339853,0,0
stdized,all_cohorts,dr,mdcr,RX,spend_per_bene,699,50.6859303589743,27.0330856634579,0,0
stdized,all_cohorts,dr,mdcr,RX,spend_per_capita,700,11.2798414407393,6.38764896574219,0,0
stdized,all_cohorts,dr,mdcr,RX,spend_per_vol,701,0.755044812733996,0.365766676338119,0,0
stdized,all_cohorts,dr,mdcr,RX,vol_per_bene,702,669.132167074395,357.864282564764,0,0
stdized,all_cohorts,dr,mdcr,RX,vol_per_capita,703,69.3962597857944,91.398628023985,0,0
stdized,all_cohorts,dr,mdcr,Total,spend_per_bene,704,-73.0128567631799,78.2758527983997,0,0
stdized,all_cohorts,dr,mdcr,Total,spend_per_capita,705,-9.2619113637744,34.3134336389414,0,0
stdized,all_cohorts,dr,mdcr,Total,spend_per_vol,706,-5.29819768783344,2.53244302568952,0,0
stdized,all_cohorts,dr,mdcr,Total,vol_per_bene,707,427.299885417191,299.851915217237,0,0
stdized,all_cohorts,dr,mdcr,Total,vol_per_capita,708,37.0318892589125,141.57635402487,0,0
stdized,all_cohorts,dr,oop,AM,spend_per_capita,709,-28.7961298394567,14.4026000448793,0,0
stdized,all_cohorts,dr,oop,AM,spend_per_vol,710,-2.12361355336721,1.94497782257889,0,0
stdized,all_cohorts,dr,oop,AM,vol_per_capita,711,-198.249584777232,136.800688480919,0,0
stdized,all_cohorts,dr,oop,ED,spend_per_capita,712,-1.54329595809751,0.728043042760707,0,0
stdized,all_cohorts,dr,oop,ED,spend_per_vol,713,-11.3129562360283,2.97938310785041,0,0
stdized,all_cohorts,dr,oop,ED,vol_per_capita,714,9.21129243228852,8.59894310535852,0,0
stdized,all_cohorts,dr,oop,IP,spend_per_capita,715,-7.71595055348517,4.30929722150256,0,0
stdized,all_cohorts,dr,oop,IP,spend_per_vol,716,-23.8958073616929,23.3468597908828,0,0
stdized,all_cohorts,dr,oop,IP,vol_per_capita,717,-6.5120633986026,3.78207924202723,0,0
stdized,all_cohorts,dr,oop,NF,spend_per_capita,718,24.5836321518237,8.57332991646,0,0
stdized,all_cohorts,dr,oop,NF,spend_per_vol,719,-69.2089410794333,16.6277753054404,0,0
stdized,all_cohorts,dr,oop,NF,vol_per_capita,720,34.51287908693,9.76296228643115,0,0
stdized,all_cohorts,dr,oop,RX,spend_per_capita,721,-2.51887848608601,11.2586599201001,0,0
stdized,all_cohorts,dr,oop,RX,spend_per_vol,722,-0.420519981129312,0.096077091281506,0,0
stdized,all_cohorts,dr,oop,RX,vol_per_capita,723,386.493184767463,813.836874633891,0,0
stdized,all_cohorts,dr,oop,Total,spend_per_capita,724,-15.9906226853018,28.3707939748074,0,0
stdized,all_cohorts,dr,oop,Total,spend_per_vol,725,-0.597146859979742,1.18845785692929,0,0
stdized,all_cohorts,dr,oop,Total,vol_per_capita,726,225.455708110847,927.608062451948,0,0
stdized,all_cohorts,dr,priv,AM,spend_per_bene,727,39.9790829167505,29.2313900781483,0,0
stdized,all_cohorts,dr,priv,AM,spend_per_capita,728,8.9880437401882,35.5164100948038,0,0
stdized,all_cohorts,dr,priv,AM,spend_per_vol,729,3.09113450124509,2.2795622362804,0,0
stdized,all_cohorts,dr,priv,AM,vol_per_bene,730,56.1543642440205,88.105281195827,0,0
stdized,all_cohorts,dr,priv,AM,vol_per_capita,731,-22.8787940173887,100.779486205106,0,0
stdized,all_cohorts,dr,priv,ED,spend_per_bene,732,0.169211649425641,1.38923960432964,0,0
stdized,all_cohorts,dr,priv,ED,spend_per_capita,733,-0.815380555192757,1.7949665902464,0,0
stdized,all_cohorts,dr,priv,ED,spend_per_vol,734,-18.3994588815574,16.4062240292934,0,0
stdized,all_cohorts,dr,priv,ED,vol_per_bene,735,0.871924611726224,1.96094227503557,0,0
stdized,all_cohorts,dr,priv,ED,vol_per_capita,736,-0.239161684254731,1.4527106721164,0,0
stdized,all_cohorts,dr,priv,IP,spend_per_bene,737,-9.12328543862167,13.3858293421215,0,0
stdized,all_cohorts,dr,priv,IP,spend_per_capita,738,-15.300263353766,17.9644731140198,0,0
stdized,all_cohorts,dr,priv,IP,spend_per_vol,739,223.686848293051,106.06676224794,0,0
stdized,all_cohorts,dr,priv,IP,vol_per_bene,740,-1.21755258303047,0.970530825018094,0,0
stdized,all_cohorts,dr,priv,IP,vol_per_capita,741,-1.21624875148261,0.886756422601746,0,0
stdized,all_cohorts,dr,priv,NF,spend_per_bene,742,12.205904592671,4.21652140584801,0,0
stdized,all_cohorts,dr,priv,NF,spend_per_capita,743,7.73244391507502,3.98037480495715,0,0
stdized,all_cohorts,dr,priv,NF,spend_per_vol,744,30.508200857929,59.7842812010404,0,0
stdized,all_cohorts,dr,priv,NF,vol_per_bene,745,2.53361092750264,1.02841966923934,0,0
stdized,all_cohorts,dr,priv,NF,vol_per_capita,746,1.49938626888809,0.936074876348952,0,0
stdized,all_cohorts,dr,priv,RX,spend_per_bene,747,64.216799827968,27.9555725426545,0,0
stdized,all_cohorts,dr,priv,RX,spend_per_capita,748,43.2531625040351,25.0565289293621,0,0
stdized,all_cohorts,dr,priv,RX,spend_per_vol,749,0.300673150893041,0.898989137539043,0,0
stdized,all_cohorts,dr,priv,RX,vol_per_bene,750,607.323182643028,241.73288568684,0,0
stdized,all_cohorts,dr,priv,RX,vol_per_capita,751,423.487493336225,230.798457466066,0,0
stdized,all_cohorts,dr,priv,Total,spend_per_bene,752,105.104435099463,45.742144552662,0,0
stdized,all_cohorts,dr,priv,Total,spend_per_capita,753,43.8580062503396,71.1445642971263,0,0
stdized,all_cohorts,dr,priv,Total,spend_per_vol,754,-8.25310920424916,4.58380308974827,0,0
stdized,all_cohorts,dr,priv,Total,vol_per_bene,755,643.450912308647,242.654939373896,0,0
stdized,all_cohorts,dr,priv,Total,vol_per_capita,756,400.652675151986,277.354955977466,0,0
stdized,all_cohorts,ipw,mdcd,AM,spend_per_bene,757,90.8772192958767,59.8702233702796,0,0
stdized,all_cohorts,ipw,mdcd,AM,spend_per_capita,758,122.516077719576,17.112909347335,0,0
stdized,all_cohorts,ipw,mdcd,AM,spend_per_vol,759,8.06624848701114,2.15973344707874,0,0
stdized,all_cohorts,ipw,mdcd,AM,vol_per_bene,760,83.2188172085945,403.950929001037,0,0
stdized,all_cohorts,ipw,mdcd,AM,vol_per_capita,761,460.418990780724,84.7050618091732,0,0
stdized,all_cohorts,ipw,mdcd,ED,spend_per_bene,762,1.96424597030314,2.40415921313713,0,0
stdized,all_cohorts,ipw,mdcd,ED,spend_per_capita,763,3.17651968194406,0.516893178470306,0,0
stdized,all_cohorts,ipw,mdcd,ED,spend_per_vol,764,3.42751150730736,1.72577198413402,0,0
stdized,all_cohorts,ipw,mdcd,ED,vol_per_bene,765,-0.341443176404807,54.0405849282757,0,0
stdized,all_cohorts,ipw,mdcd,ED,vol_per_capita,766,30.6505518302708,7.3128390295434,0,0
stdized,all_cohorts,ipw,mdcd,IP,spend_per_bene,767,-0.074322360361174,42.527513717547,0,0
stdized,all_cohorts,ipw,mdcd,IP,spend_per_capita,768,74.1347256013478,13.269028243382,0,0
stdized,all_cohorts,ipw,mdcd,IP,spend_per_vol,769,363.748807843827,170.829815411505,0,0
stdized,all_cohorts,ipw,mdcd,IP,vol_per_bene,770,-16.9929797483192,9.35294697053935,0,0
stdized,all_cohorts,ipw,mdcd,IP,vol_per_capita,771,7.42519129554366,1.74649302408179,0,0
stdized,all_cohorts,ipw,mdcd,NF,spend_per_bene,772,-169.966389662304,45.544704972981,0,0
stdized,all_cohorts,ipw,mdcd,NF,spend_per_capita,773,9.1050971603943,7.60724842908299,0,0
stdized,all_cohorts,ipw,mdcd,NF,spend_per_vol,774,29.6611628108873,114.846306062773,0,0
stdized,all_cohorts,ipw,mdcd,NF,vol_per_bene,775,-10.0699724773362,4.06244958312745,0,0
stdized,all_cohorts,ipw,mdcd,NF,vol_per_capita,776,1.03332344198168,0.614059852157521,0,0
stdized,all_cohorts,ipw,mdcd,RX,spend_per_bene,777,-19.3809192411331,41.381660558389,0,0
stdized,all_cohorts,ipw,mdcd,RX,spend_per_capita,778,19.0458128462683,6.45733843638842,0,0
stdized,all_cohorts,ipw,mdcd,RX,spend_per_vol,779,3.10178895417035,1.3378621454908,0,0
stdized,all_cohorts,ipw,mdcd,RX,vol_per_bene,780,-583.927357139118,580.74304597194,0,0
stdized,all_cohorts,ipw,mdcd,RX,vol_per_capita,781,175.414572037415,85.8660158371662,0,0
stdized,all_cohorts,ipw,mdcd,Total,spend_per_bene,782,-98.5088765660351,119.758150138976,0,0
stdized,all_cohorts,ipw,mdcd,Total,spend_per_capita,783,227.978233009531,31.5813237197967,0,0
stdized,all_cohorts,ipw,mdcd,Total,spend_per_vol,784,0.236845333702248,7.45566376440987,0,0
stdized,all_cohorts,ipw,mdcd,Total,vol_per_bene,785,-550.921805976162,723.850771852672,0,0
stdized,all_cohorts,ipw,mdcd,Total,vol_per_capita,786,674.942629385936,131.745874969461,0,0
stdized,all_cohorts,ipw,mdcr,AM,spend_per_bene,787,-34.0175256556083,20.4357073555209,0,0
stdized,all_cohorts,ipw,mdcr,AM,spend_per_capita,788,-6.99628768218961,10.7700889329449,0,0
stdized,all_cohorts,ipw,mdcr,AM,spend_per_vol,789,0.00422459041645813,0.816570285513514,0,0
stdized,all_cohorts,ipw,mdcr,AM,vol_per_bene,790,-154.122985488281,102.769392167218,0,0
stdized,all_cohorts,ipw,mdcr,AM,vol_per_capita,791,-32.3837120865878,40.2949869620602,0,0
stdized,all_cohorts,ipw,mdcr,ED,spend_per_bene,792,-1.24104300709113,5.09183942927379,0,0
stdized,all_cohorts,ipw,mdcr,ED,spend_per_capita,793,-0.332821871166728,1.44907013712702,0,0
stdized,all_cohorts,ipw,mdcr,ED,spend_per_vol,794,1.86580994804285,1.62658335692314,0,0
stdized,all_cohorts,ipw,mdcr,ED,vol_per_bene,795,-5.97567921333715,5.9451645396391,0,0
stdized,all_cohorts,ipw,mdcr,ED,vol_per_capita,796,-1.45630303562753,1.90850364831774,0,0
stdized,all_cohorts,ipw,mdcr,IP,spend_per_bene,797,-37.1394008351112,31.1742676311458,0,0
stdized,all_cohorts,ipw,mdcr,IP,spend_per_capita,798,-6.9136932894404,10.7515204899581,0,0
stdized,all_cohorts,ipw,mdcr,IP,spend_per_vol,799,-7.42285941163553,18.3708018883755,0,0
stdized,all_cohorts,ipw,mdcr,IP,vol_per_bene,800,-1.17501222264199,1.95873524248664,0,0
stdized,all_cohorts,ipw,mdcr,IP,vol_per_capita,801,-0.545695101245352,0.731703240014293,0,0
stdized,all_cohorts,ipw,mdcr,NF,spend_per_bene,802,-32.1807102138314,25.5200450424172,0,0
stdized,all_cohorts,ipw,mdcr,NF,spend_per_capita,803,-5.12181851032372,4.714119281281,0,0
stdized,all_cohorts,ipw,mdcr,NF,spend_per_vol,804,-24.1178653001433,47.8997597817604,0,0
stdized,all_cohorts,ipw,mdcr,NF,vol_per_bene,805,-2.66930034510693,1.94115599577301,0,0
stdized,all_cohorts,ipw,mdcr,NF,vol_per_capita,806,-0.483155243381386,0.404559473682148,0,0
stdized,all_cohorts,ipw,mdcr,RX,spend_per_bene,807,35.2528680373252,23.0834966025422,0,0
stdized,all_cohorts,ipw,mdcr,RX,spend_per_capita,808,7.54713887193821,5.59166929875947,0,0
stdized,all_cohorts,ipw,mdcr,RX,spend_per_vol,809,0.720785788497296,0.306852465708971,0,0
stdized,all_cohorts,ipw,mdcr,RX,vol_per_bene,810,508.331286387844,334.431783963367,0,0
stdized,all_cohorts,ipw,mdcr,RX,vol_per_capita,811,35.5542999251887,81.7345496247156,0,0
stdized,all_cohorts,ipw,mdcr,Total,spend_per_bene,812,-56.5589207335567,67.1370100021579,0,0
stdized,all_cohorts,ipw,mdcr,Total,spend_per_capita,813,-11.8174824811821,30.7040166978568,0,0
stdized,all_cohorts,ipw,mdcr,Total,spend_per_vol,814,-4.19518680927605,2.13081153393262,0,0
stdized,all_cohorts,ipw,mdcr,Total,vol_per_bene,815,334.488343235855,278.924453083778,0,0
stdized,all_cohorts,ipw,mdcr,Total,vol_per_capita,816,0.685434458346553,122.153250892168,0,0
stdized,all_cohorts,ipw,oop,AM,spend_per_capita,817,-26.7424356389143,12.1810446142482,0,0
stdized,all_cohorts,ipw,oop,AM,spend_per_vol,818,-1.75886351430519,1.39001931733015,0,0
stdized,all_cohorts,ipw,oop,AM,vol_per_capita,819,-183.078934581174,114.09382333835,0,0
stdized,all_cohorts,ipw,oop,ED,spend_per_capita,820,-1.49726173927584,0.567887063758803,0,0
stdized,all_cohorts,ipw,oop,ED,spend_per_vol,821,-10.9140157288756,2.17056148519658,0,0
stdized,all_cohorts,ipw,oop,ED,vol_per_capita,822,8.34297036185889,7.94688829101168,0,0
stdized,all_cohorts,ipw,oop,IP,spend_per_capita,823,-7.46507233746009,3.44050899957564,0,0
stdized,all_cohorts,ipw,oop,IP,spend_per_vol,824,-19.174615200984,20.470731505203,0,0
stdized,all_cohorts,ipw,oop,IP,vol_per_capita,825,-6.18802806701532,3.30820361929803,0,0
stdized,all_cohorts,ipw,oop,NF,spend_per_capita,826,18.3871809238838,5.6750239363292,0,0
stdized,all_cohorts,ipw,oop,NF,spend_per_vol,827,-60.2168626226103,15.6008833674496,0,0
stdized,all_cohorts,ipw,oop,NF,vol_per_capita,828,26.5994388439356,6.83692503891177,0,0
stdized,all_cohorts,ipw,oop,RX,spend_per_capita,829,-5.12043864034396,9.0670807042097,0,0
stdized,all_cohorts,ipw,oop,RX,spend_per_vol,830,-0.434692908094366,0.085194460987183,0,0
stdized,all_cohorts,ipw,oop,RX,vol_per_capita,831,203.454893318381,747.628516753982,0,0
stdized,all_cohorts,ipw,oop,Total,spend_per_capita,832,-22.4380274321104,25.0248814343392,0,0
stdized,all_cohorts,ipw,oop,Total,spend_per_vol,833,-0.543215093224323,1.06956770755997,0,0
stdized,all_cohorts,ipw,oop,Total,vol_per_capita,834,49.1303398759862,796.887859184702,0,0
stdized,all_cohorts,ipw,priv,AM,spend_per_bene,835,39.2152837982569,27.0052564363419,0,0
stdized,all_cohorts,ipw,priv,AM,spend_per_capita,836,-0.763898687418604,31.7898597279311,0,0
stdized,all_cohorts,ipw,priv,AM,spend_per_vol,837,2.27043250503152,1.93310487175961,0,0
stdized,all_cohorts,ipw,priv,AM,vol_per_bene,838,61.1103741952723,85.3058822753561,0,0
stdized,all_cohorts,ipw,priv,AM,vol_per_capita,839,-47.6779803725555,96.8276293508677,0,0
stdized,all_cohorts,ipw,priv,ED,spend_per_bene,840,0.229016652453616,1.42757881933412,0,0
stdized,all_cohorts,ipw,priv,ED,spend_per_capita,841,-1.32115489995181,1.68577188805265,0,0
stdized,all_cohorts,ipw,priv,ED,spend_per_vol,842,-21.5823009885339,15.1517819276162,0,0
stdized,all_cohorts,ipw,priv,ED,vol_per_bene,843,0.887391063522239,1.87381952410255,0,0
stdized,all_cohorts,ipw,priv,ED,vol_per_capita,844,-0.704405711721619,1.4145923034731,0,0
stdized,all_cohorts,ipw,priv,IP,spend_per_bene,845,-9.43350499871924,13.4109046521983,0,0
stdized,all_cohorts,ipw,priv,IP,spend_per_capita,846,-20.2494948647131,16.5379180123549,0,0
stdized,all_cohorts,ipw,priv,IP,spend_per_vol,847,128.641738816953,90.0208684210472,0,0
stdized,all_cohorts,ipw,priv,IP,vol_per_bene,848,-1.1143647997415,0.914835005200261,0,0
stdized,all_cohorts,ipw,priv,IP,vol_per_capita,849,-1.416319876155,0.806778191877861,0,0
stdized,all_cohorts,ipw,priv,NF,spend_per_bene,850,9.94377125476598,3.10252744722817,0,0
stdized,all_cohorts,ipw,priv,NF,spend_per_capita,851,5.6132313972091,2.71870400802226,0,0
stdized,all_cohorts,ipw,priv,NF,spend_per_vol,852,-0.867679797431109,52.4148989925275,0,0
stdized,all_cohorts,ipw,priv,NF,vol_per_bene,853,2.13433410755073,0.775418793172153,0,0
stdized,all_cohorts,ipw,priv,NF,vol_per_capita,854,1.1021223110774,0.693047783173113,0,0
stdized,all_cohorts,ipw,priv,RX,spend_per_bene,855,49.139024613609,24.5226101682653,0,0
stdized,all_cohorts,ipw,priv,RX,spend_per_capita,856,28.6395025757102,18.8254233271834,0,0
stdized,all_cohorts,ipw,priv,RX,spend_per_vol,857,-0.269038322803364,0.642065237567397,0,0
stdized,all_cohorts,ipw,priv,RX,vol_per_bene,858,527.210638920688,223.993666599276,0,0
stdized,all_cohorts,ipw,priv,RX,vol_per_capita,859,304.045240143252,186.254927844952,0,0
stdized,all_cohorts,ipw,priv,Total,spend_per_bene,860,87.1249789782594,44.7702169710606,0,0
stdized,all_cohorts,ipw,priv,Total,spend_per_capita,861,11.9181855208359,57.8323644549684,0,0
stdized,all_cohorts,ipw,priv,Total,spend_per_vol,862,-6.91025088107583,3.92078687387794,0,0
stdized,all_cohorts,ipw,priv,Total,vol_per_bene,863,569.509416150253,216.65132481532,0,0
stdized,all_cohorts,ipw,priv,Total,vol_per_capita,864,255.348656493897,242.449094274189,0,0
stdized,all_cohorts,reg,mdcd,AM,spend_per_bene,865,-70.5378195345561,116.113877217585,0,0
stdized,all_cohorts,reg,mdcd,AM,spend_per_capita,866,88.1847067504654,23.9113170503068,0,0
stdized,all_cohorts,reg,mdcd,AM,spend_per_vol,867,10.2831191574293,4.35711221730482,0,0
stdized,all_cohorts,reg,mdcd,AM,vol_per_bene,868,-636.163520990013,693.868861264746,0,0
stdized,all_cohorts,reg,mdcd,AM,vol_per_capita,869,274.527928981334,138.624222473859,0,0
stdized,all_cohorts,reg,mdcd,ED,spend_per_bene,870,-3.80485476311029,3.53436329372265,0,0
stdized,all_cohorts,reg,mdcd,ED,spend_per_capita,871,1.87140596171358,0.728858997895523,0,0
stdized,all_cohorts,reg,mdcd,ED,spend_per_vol,872,6.82576630401548,2.19187506466734,0,0
stdized,all_cohorts,reg,mdcd,ED,vol_per_bene,873,-72.4370426068217,52.3459171957488,0,0
stdized,all_cohorts,reg,mdcd,ED,vol_per_capita,874,12.1869492664979,10.9441804315377,0,0
stdized,all_cohorts,reg,mdcd,IP,spend_per_bene,875,25.1840511954229,80.4944903683012,0,0
stdized,all_cohorts,reg,mdcd,IP,spend_per_capita,876,71.8303551995001,15.202579508572,0,0
stdized,all_cohorts,reg,mdcd,IP,spend_per_vol,877,517.961862453507,210.784132854182,0,0
stdized,all_cohorts,reg,mdcd,IP,vol_per_bene,878,-4.29471053871189,13.9124187999099,0,0
stdized,all_cohorts,reg,mdcd,IP,vol_per_capita,879,8.03830950561788,2.297003368477,0,0
stdized,all_cohorts,reg,mdcd,NF,spend_per_bene,880,-183.36522935505,122.921085577293,0,0
stdized,all_cohorts,reg,mdcd,NF,spend_per_capita,881,5.33063262615123,15.2892275205005,0,0
stdized,all_cohorts,reg,mdcd,NF,spend_per_vol,882,-148.052017596108,147.585907259012,0,0
stdized,all_cohorts,reg,mdcd,NF,vol_per_bene,883,-9.0767043803168,7.8799773504058,0,0
stdized,all_cohorts,reg,mdcd,NF,vol_per_capita,884,0.952225266461565,1.26617227227985,0,0
stdized,all_cohorts,reg,mdcd,RX,spend_per_bene,885,-99.9038819135964,91.5954266163468,0,0
stdized,all_cohorts,reg,mdcd,RX,spend_per_capita,886,10.0994323721872,14.582668981958,0,0
stdized,all_cohorts,reg,mdcd,RX,spend_per_vol,887,1.45508361577643,1.68649200862594,0,0
stdized,all_cohorts,reg,mdcd,RX,vol_per_bene,888,-1862.71327746202,1297.93568384945,0,0
stdized,all_cohorts,reg,mdcd,RX,vol_per_capita,889,35.8807439113596,197.987901175112,0,0
stdized,all_cohorts,reg,mdcd,Total,spend_per_bene,890,-335.494097140988,241.66846327763,0,0
stdized,all_cohorts,reg,mdcd,Total,spend_per_capita,891,177.316532910017,39.5874461495258,0,0
stdized,all_cohorts,reg,mdcd,Total,spend_per_vol,892,18.4143726833243,16.0842592525427,0,0
stdized,all_cohorts,reg,mdcd,Total,vol_per_bene,893,-2612.58373748468,1170.38186919711,0,0
stdized,all_cohorts,reg,mdcd,Total,vol_per_capita,894,331.586156931271,187.609562755869,0,0
stdized,all_cohorts,reg,mdcr,AM,spend_per_bene,895,31.0248305101957,35.8239771252914,0,0
stdized,all_cohorts,reg,mdcr,AM,spend_per_capita,896,6.6916219408932,11.8121435031318,0,0
stdized,all_cohorts,reg,mdcr,AM,spend_per_vol,897,-0.00572156792455426,1.09069934841792,0,0
stdized,all_cohorts,reg,mdcr,AM,vol_per_bene,898,137.489874516876,154.26059141998,0,0
stdized,all_cohorts,reg,mdcr,AM,vol_per_capita,899,29.0705684988919,50.382048858726,0,0
stdized,all_cohorts,reg,mdcr,ED,spend_per_bene,900,11.232225821409,8.00682853411658,0,0
stdized,all_cohorts,reg,mdcr,ED,spend_per_capita,901,2.72292614753842,2.13656623395083,0,0
stdized,all_cohorts,reg,mdcr,ED,spend_per_vol,902,4.61031947536622,2.70851079649855,0,0
stdized,all_cohorts,reg,mdcr,ED,vol_per_bene,903,9.65615981989993,9.19056446450854,0,0
stdized,all_cohorts,reg,mdcr,ED,vol_per_capita,904,2.19791601409499,2.82248551719615,0,0
stdized,all_cohorts,reg,mdcr,IP,spend_per_bene,905,43.557685028771,37.645502347729,0,0
stdized,all_cohorts,reg,mdcr,IP,spend_per_capita,906,10.8628262293826,13.5747336945604,0,0
stdized,all_cohorts,reg,mdcr,IP,spend_per_vol,907,54.2860702453647,24.4642529738663,0,0
stdized,all_cohorts,reg,mdcr,IP,vol_per_bene,908,4.34069784258881,2.3964280250924,0,0
stdized,all_cohorts,reg,mdcr,IP,vol_per_capita,909,0.517839297962395,0.952008870951025,0,0
stdized,all_cohorts,reg,mdcr,NF,spend_per_bene,910,26.7340411173631,43.1611921238032,0,0
stdized,all_cohorts,reg,mdcr,NF,spend_per_capita,911,5.615599091295,8.2720049444549,0,0
stdized,all_cohorts,reg,mdcr,NF,spend_per_vol,912,199.661167695032,75.1449330249912,0,0
stdized,all_cohorts,reg,mdcr,NF,vol_per_bene,913,1.94705720257989,3.68492092275576,0,0
stdized,all_cohorts,reg,mdcr,NF,vol_per_capita,914,0.333081267194733,0.702202193683882,0,0
stdized,all_cohorts,reg,mdcr,RX,spend_per_bene,915,42.6838476458528,23.7634960363712,0,0
stdized,all_cohorts,reg,mdcr,RX,spend_per_capita,916,5.83519039437608,5.87840731226786,0,0
stdized,all_cohorts,reg,mdcr,RX,spend_per_vol,917,0.133324450958901,0.467502778608683,0,0
stdized,all_cohorts,reg,mdcr,RX,vol_per_bene,918,653.189475233702,396.716277320281,0,0
stdized,all_cohorts,reg,mdcr,RX,vol_per_capita,919,22.5865903503695,97.5889429296881,0,0
stdized,all_cohorts,reg,mdcr,Total,spend_per_bene,920,145.619065293913,91.4545217533711,0,0
stdized,all_cohorts,reg,mdcr,Total,spend_per_capita,921,31.7281638034856,35.9845385701057,0,0
stdized,all_cohorts,reg,mdcr,Total,spend_per_vol,922,-0.334863667433427,3.12664023172906,0,0
stdized,all_cohorts,reg,mdcr,Total,vol_per_bene,923,534.933727755659,386.88160024177,0,0
stdized,all_cohorts,reg,mdcr,Total,vol_per_capita,924,54.7059954285132,131.238237110388,0,0
stdized,all_cohorts,reg,oop,AM,spend_per_capita,925,-14.5568582148402,26.3841402815985,0,0
stdized,all_cohorts,reg,oop,AM,spend_per_vol,926,3.03244384785467,2.11365311556837,0,0
stdized,all_cohorts,reg,oop,AM,vol_per_capita,927,-290.574896205109,289.863685051599,0,0
stdized,all_cohorts,reg,oop,ED,spend_per_capita,928,-0.997169625981103,1.22384250221518,0,0
stdized,all_cohorts,reg,oop,ED,spend_per_vol,929,-6.7613545387936,2.51906509106712,0,0
stdized,all_cohorts,reg,oop,ED,vol_per_capita,930,-0.571485711254106,13.7683567158902,0,0
stdized,all_cohorts,reg,oop,IP,spend_per_capita,931,-5.26740647402818,7.10768673130243,0,0
stdized,all_cohorts,reg,oop,IP,spend_per_vol,932,74.5854729367883,37.8511410455086,0,0
stdized,all_cohorts,reg,oop,IP,vol_per_capita,933,-11.1673068306077,6.64966623678842,0,0
stdized,all_cohorts,reg,oop,NF,spend_per_capita,934,6.74631398022525,11.2689823743559,0,0
stdized,all_cohorts,reg,oop,NF,spend_per_vol,935,-64.0877949517623,23.4793853446812,0,0
stdized,all_cohorts,reg,oop,NF,vol_per_capita,936,13.9543147320168,12.766347624831,0,0
stdized,all_cohorts,reg,oop,RX,spend_per_capita,937,-14.6405443775715,21.5823321144577,0,0
stdized,all_cohorts,reg,oop,RX,spend_per_vol,938,-0.376495281396715,0.156026545606018,0,0
stdized,all_cohorts,reg,oop,RX,vol_per_capita,939,-710.633844001798,1670.09160350344,0,0
stdized,all_cohorts,reg,oop,Total,spend_per_capita,940,-28.7156647121957,51.1307957558461,0,0
stdized,all_cohorts,reg,oop,Total,spend_per_vol,941,1.07790525390118,2.39819551799744,0,0
stdized,all_cohorts,reg,oop,Total,vol_per_capita,942,-998.99321801675,1986.75268455974,0,0
stdized,all_cohorts,reg,priv,AM,spend_per_bene,943,108.484755937363,49.1865349391075,0,0
stdized,all_cohorts,reg,priv,AM,spend_per_capita,944,58.5044798316319,57.5678124245055,0,0
stdized,all_cohorts,reg,priv,AM,spend_per_vol,945,0.312214028348899,3.58295944054998,0,0
stdized,all_cohorts,reg,priv,AM,vol_per_bene,946,301.873327362881,189.604919547829,0,0
stdized,all_cohorts,reg,priv,AM,vol_per_capita,947,161.5718480087,186.673523478905,0,0
stdized,all_cohorts,reg,priv,ED,spend_per_bene,948,3.46063657167522,2.10539769431699,0,0
stdized,all_cohorts,reg,priv,ED,spend_per_capita,949,1.12000536806889,2.24808508344975,0,0
stdized,all_cohorts,reg,priv,ED,spend_per_vol,950,-8.96698776238597,26.2275984841937,0,0
stdized,all_cohorts,reg,priv,ED,vol_per_bene,951,3.43648615768522,2.67946547826986,0,0
stdized,all_cohorts,reg,priv,ED,vol_per_capita,952,1.47313530191327,2.68073194304469,0,0
stdized,all_cohorts,reg,priv,IP,spend_per_bene,953,33.5447660131134,28.3466553706448,0,0
stdized,all_cohorts,reg,priv,IP,spend_per_capita,954,18.4246019959052,31.1426737228359,0,0
stdized,all_cohorts,reg,priv,IP,spend_per_vol,955,-52.9592125487742,186.818606368553,0,0
stdized,all_cohorts,reg,priv,IP,vol_per_bene,956,1.33001128526708,1.4619612186405,0,0
stdized,all_cohorts,reg,priv,IP,vol_per_capita,957,0.677103730369926,1.55722508536608,0,0
stdized,all_cohorts,reg,priv,NF,spend_per_bene,958,8.10550743970341,7.46635212772571,0,0
stdized,all_cohorts,reg,priv,NF,spend_per_capita,959,4.91200509850352,7.19074939450292,0,0
stdized,all_cohorts,reg,priv,NF,spend_per_vol,960,-52.3562629979754,71.6848121890332,0,0
stdized,all_cohorts,reg,priv,NF,vol_per_bene,961,1.79373533861463,1.85644311659361,0,0
stdized,all_cohorts,reg,priv,NF,vol_per_capita,962,0.963806941111228,1.53114541162952,0,0
stdized,all_cohorts,reg,priv,RX,spend_per_bene,963,26.1958303056225,27.0163003914546,0,0
stdized,all_cohorts,reg,priv,RX,spend_per_capita,964,11.87428027399,21.5243771931116,0,0
stdized,all_cohorts,reg,priv,RX,spend_per_vol,965,1.12772571456182,1.47874141417831,0,0
stdized,all_cohorts,reg,priv,RX,vol_per_bene,966,185.713274197186,222.874357165618,0,0
stdized,all_cohorts,reg,priv,RX,vol_per_capita,967,33.7341881909151,175.562882664768,0,0
stdized,all_cohorts,reg,priv,Total,spend_per_bene,968,178.882253637441,85.8851500194542,0,0
stdized,all_cohorts,reg,priv,Total,spend_per_capita,969,94.8353725680993,101.967853484468,0,0
stdized,all_cohorts,reg,priv,Total,spend_per_vol,970,4.89765328212486,5.88809541148192,0,0
stdized,all_cohorts,reg,priv,Total,vol_per_bene,971,487.899549256651,323.15883607993,0,0
stdized,all_cohorts,reg,priv,Total,vol_per_capita,972,198.42008217301,307.274087672027,0,0
stdized,c2014,dr,mdcd,AM,spend_per_bene,973,111.485494107182,86.0511304388382,0.87738,0
stdized,c2014,dr,mdcd,AM,spend_per_capita,974,126.583290367117,20.2173273295855,0.72939,0
stdized,c2014,dr,mdcd,AM,spend_per_vol,975,9.61353274308297,2.51457235119104,0.37599,0
stdized,c2014,dr,mdcd,AM,vol_per_bene,976,162.983108751666,590.433027933913,0.75065,0
stdized,c2014,dr,mdcd,AM,vol_per_capita,977,470.800089460613,117.041519593515,0.63277,0
stdized,c2014,dr,mdcd,ED,spend_per_bene,978,3.34117083053455,4.01688923286395,0.6292,0
stdized,c2014,dr,mdcd,ED,spend_per_capita,979,3.4013814776252,0.730694074786635,0.6453,0
stdized,c2014,dr,mdcd,ED,spend_per_vol,980,3.40915169736971,2.26342510501622,0.2943,0
stdized,c2014,dr,mdcd,ED,vol_per_bene,981,25.0350253780942,67.0512051588448,0.53617,0
stdized,c2014,dr,mdcd,ED,vol_per_capita,982,33.1052277400505,10.9602973089212,0.96962,0
stdized,c2014,dr,mdcd,IP,spend_per_bene,983,10.6293845872323,49.8623110019029,0.7288,0
stdized,c2014,dr,mdcd,IP,spend_per_capita,984,76.0234453062308,15.9040270714843,0.94495,0
stdized,c2014,dr,mdcd,IP,spend_per_vol,985,279.652483729068,239.421490000472,0.91033,0
stdized,c2014,dr,mdcd,IP,vol_per_bene,986,-10.5896307922043,13.5395189931905,0.72657,0
stdized,c2014,dr,mdcd,IP,vol_per_capita,987,8.5345674360539,2.22808621828569,0.83153,0
stdized,c2014,dr,mdcd,NF,spend_per_bene,988,-173.232480978988,74.9496556962021,0.10859,0
stdized,c2014,dr,mdcd,NF,spend_per_capita,989,5.64797464196191,11.4991451338488,0.11548,0
stdized,c2014,dr,mdcd,NF,spend_per_vol,990,66.5712707353028,192.328402950925,0.28307,0
stdized,c2014,dr,mdcd,NF,vol_per_bene,991,-10.5186805549685,5.73470847618504,0.11022,0
stdized,c2014,dr,mdcd,NF,vol_per_capita,992,0.757754642434573,0.960615723161877,0.04135,0
stdized,c2014,dr,mdcd,RX,spend_per_bene,993,-45.4961181212239,65.3408927554861,0.62427,0
stdized,c2014,dr,mdcd,RX,spend_per_capita,994,17.1593397119952,9.76393490661762,0.60583,0
stdized,c2014,dr,mdcd,RX,spend_per_vol,995,2.88864266790208,1.75438804408749,0.42389,0
stdized,c2014,dr,mdcd,RX,vol_per_bene,996,-957.753909981991,797.504094067813,0.33348,0
stdized,c2014,dr,mdcd,RX,vol_per_capita,997,143.742661867745,134.528722776677,0.25226,0
stdized,c2014,dr,mdcd,Total,spend_per_bene,998,-95.3350440484769,166.135333061492,0.76458,0
stdized,c2014,dr,mdcd,Total,spend_per_capita,999,228.81543150493,42.0498068246791,0.93861,0
stdized,c2014,dr,mdcd,Total,spend_per_vol,1000,2.7869680439431,11.0051174075228,0.23856,0
stdized,c2014,dr,mdcd,Total,vol_per_bene,1001,-818.087899463343,1093.41809810738,0.19418,0
stdized,c2014,dr,mdcd,Total,vol_per_capita,1002,656.940301146897,199.983984209102,0.25479,0
stdized,c2014,dr,mdcr,AM,spend_per_bene,1003,-48.4508417090565,23.9805785677489,0.55775,0
stdized,c2014,dr,mdcr,AM,spend_per_capita,1004,-14.7184902509206,12.7233527736341,0.93295,0
stdized,c2014,dr,mdcr,AM,spend_per_vol,1005,0.437949596319249,0.974029284229749,0.26792,0
stdized,c2014,dr,mdcr,AM,vol_per_bene,1006,-259.78728686486,131.426107867274,0.80293,0
stdized,c2014,dr,mdcr,AM,vol_per_capita,1007,-74.2933892205838,44.0612615183828,0.94058,0
stdized,c2014,dr,mdcr,ED,spend_per_bene,1008,-5.71138034557999,8.30313816500605,0.73534,0
stdized,c2014,dr,mdcr,ED,spend_per_capita,1009,-1.59967357986627,1.95404357203141,0.95901,0
stdized,c2014,dr,mdcr,ED,spend_per_vol,1010,0.965556472214234,2.48368661825832,0.1506,0
stdized,c2014,dr,mdcr,ED,vol_per_bene,1011,-11.8618374173691,9.56243217974776,0.0989,0
stdized,c2014,dr,mdcr,ED,vol_per_capita,1012,-3.20673296519389,2.4488040281799,0.86676,0
stdized,c2014,dr,mdcr,IP,spend_per_bene,1013,-82.8469378466621,47.388926394406,0.1272,0
stdized,c2014,dr,mdcr,IP,spend_per_capita,1014,-21.4060432672925,12.3503294938775,0.8593,0
stdized,c2014,dr,mdcr,IP,spend_per_vol,1015,-23.1245839374403,34.982599873067,0.61413,0
stdized,c2014,dr,mdcr,IP,vol_per_bene,1016,-3.81937346259053,2.93269449845499,0.23974,0
stdized,c2014,dr,mdcr,IP,vol_per_capita,1017,-1.48582276410104,0.867264316323079,0.88236,0
stdized,c2014,dr,mdcr,NF,spend_per_bene,1018,-38.9307046031048,36.7400076669573,0.14624,0
stdized,c2014,dr,mdcr,NF,spend_per_capita,1019,-7.69585752766673,6.93958122381147,0.46564,0
stdized,c2014,dr,mdcr,NF,spend_per_vol,1020,-46.4301569886848,91.1153383803185,0.17496,0
stdized,c2014,dr,mdcr,NF,vol_per_bene,1021,-3.0846643710958,3.35895851575458,0.36832,0
stdized,c2014,dr,mdcr,NF,vol_per_capita,1022,-0.686764767865848,0.587031381508368,0.67025,0
stdized,c2014,dr,mdcr,RX,spend_per_bene,1023,64.5083724853266,31.0887647856034,0.0033,0
stdized,c2014,dr,mdcr,RX,spend_per_capita,1024,9.03034383564037,6.88580766365663,0.58813,0
stdized,c2014,dr,mdcr,RX,spend_per_vol,1025,0.906765038937969,0.364229290804847,0.94091,0
stdized,c2014,dr,mdcr,RX,vol_per_bene,1026,867.655918839665,372.963592754415,0.0222,0
stdized,c2014,dr,mdcr,RX,vol_per_capita,1027,10.054263338434,94.2214159226422,0.60414,0
stdized,c2014,dr,mdcr,Total,spend_per_bene,1028,-110.75253982521,99.3172668698252,0.24231,0
stdized,c2014,dr,mdcr,Total,spend_per_capita,1029,-36.3897207901055,32.7827987993783,0.95996,0
stdized,c2014,dr,mdcr,Total,spend_per_vol,1030,-5.81330546064234,2.89746730952055,0.01833,0
stdized,c2014,dr,mdcr,Total,vol_per_bene,1031,321.493297073687,350.36017530802,0.25256,0
stdized,c2014,dr,mdcr,Total,vol_per_capita,1032,-69.6184463793105,126.17764590379,0.73974,0
stdized,c2014,dr,oop,AM,spend_per_capita,1033,-36.8595071255334,17.3455984375101,0,0
stdized,c2014,dr,oop,AM,spend_per_vol,1034,-2.46577490906039,2.11543255199402,0.4043,0
stdized,c2014,dr,oop,AM,vol_per_capita,1035,-284.961763313701,135.450262581835,0,0
stdized,c2014,dr,oop,ED,spend_per_capita,1036,-1.89945285083361,0.885853009490344,0,0
stdized,c2014,dr,oop,ED,spend_per_vol,1037,-12.3438444090376,3.20745066427153,0.21134,0
stdized,c2014,dr,oop,ED,vol_per_capita,1038,-0.122690829868169,9.72515072792206,0.00083,0
stdized,c2014,dr,oop,IP,spend_per_capita,1039,-9.38128559164573,5.31529597962251,1e-05,0
stdized,c2014,dr,oop,IP,spend_per_vol,1040,-22.284458779932,29.1261118244189,0.15716,0
stdized,c2014,dr,oop,IP,vol_per_capita,1041,-9.27301366510554,4.31264875936397,0.22507,0
stdized,c2014,dr,oop,NF,spend_per_capita,1042,22.3906362792803,10.0003217799528,0.03883,0
stdized,c2014,dr,oop,NF,spend_per_vol,1043,-72.0878588833974,20.7099905995205,0.53642,0
stdized,c2014,dr,oop,NF,vol_per_capita,1044,31.4170319045925,10.3478164165414,0.19272,0
stdized,c2014,dr,oop,RX,spend_per_capita,1045,-3.17469620263177,11.4810429006437,0.00237,0
stdized,c2014,dr,oop,RX,spend_per_vol,1046,-0.391839023017328,0.115532963509881,0.00151,0
stdized,c2014,dr,oop,RX,vol_per_capita,1047,382.148559492694,950.03479422725,0.00884,0
stdized,c2014,dr,oop,Total,spend_per_capita,1048,-28.9243054913643,31.1304715255955,0,0
stdized,c2014,dr,oop,Total,spend_per_vol,1049,-0.699360931210439,1.33478989096981,0.65967,0
stdized,c2014,dr,oop,Total,vol_per_capita,1050,119.20812358861,932.49416879458,0.00067,0
stdized,c2014,dr,priv,AM,spend_per_bene,1051,37.4940907030324,33.7357488120676,0.02564,0
stdized,c2014,dr,priv,AM,spend_per_capita,1052,-6.35175207679415,41.686584319947,0.14459,0
stdized,c2014,dr,priv,AM,spend_per_vol,1053,3.64159348283409,2.48287117876121,0.15329,0
stdized,c2014,dr,priv,AM,vol_per_bene,1054,18.9977371902581,90.678906658474,0.00235,0
stdized,c2014,dr,priv,AM,vol_per_capita,1055,-91.3943054318183,103.442268663018,0.03714,0
stdized,c2014,dr,priv,ED,spend_per_bene,1056,0.052221894445934,1.68227165203782,0.19692,0
stdized,c2014,dr,priv,ED,spend_per_capita,1057,-1.38665210063243,2.00003822879322,0.24119,0
stdized,c2014,dr,priv,ED,spend_per_vol,1058,-22.6571342803025,19.2186868590157,0.76274,0
stdized,c2014,dr,priv,ED,vol_per_bene,1059,0.470161873340986,2.2198176975542,0.65313,0
stdized,c2014,dr,priv,ED,vol_per_capita,1060,-0.874354914678241,1.78969568065551,0.39982,0
stdized,c2014,dr,priv,IP,spend_per_bene,1061,-13.4518541155624,14.8400190411455,0.23166,0
stdized,c2014,dr,priv,IP,spend_per_capita,1062,-22.9936333973166,18.9457292587193,0.26609,0
stdized,c2014,dr,priv,IP,spend_per_vol,1063,257.458521881594,138.676322911711,0.3198,0
stdized,c2014,dr,priv,IP,vol_per_bene,1064,-1.6336807921033,1.17107562340664,0.15204,0
stdized,c2014,dr,priv,IP,vol_per_capita,1065,-1.75219150740897,1.06423057413048,0.24233,0
stdized,c2014,dr,priv,NF,spend_per_bene,1066,12.8267877928568,5.25164809927139,0.80589,0
stdized,c2014,dr,priv,NF,spend_per_capita,1067,7.55476643931115,4.3884952566875,0.83565,0
stdized,c2014,dr,priv,NF,spend_per_vol,1068,78.0113782938084,57.2475394562602,0.0802,0
stdized,c2014,dr,priv,NF,vol_per_bene,1069,2.46685515665501,1.17466547721007,0.0284,0
stdized,c2014,dr,priv,NF,vol_per_capita,1070,1.25815445139389,1.08200744056921,0.10871,0
stdized,c2014,dr,priv,RX,spend_per_bene,1071,76.8749489510568,32.361046636634,0.02028,0
stdized,c2014,dr,priv,RX,spend_per_capita,1072,46.2026567428515,28.1106469583112,0.03319,0
stdized,c2014,dr,priv,RX,spend_per_vol,1073,0.670952592788445,1.07096021030674,0.50195,0
stdized,c2014,dr,priv,RX,vol_per_bene,1074,716.787731558864,301.234697089095,0.05263,0
stdized,c2014,dr,priv,RX,vol_per_capita,1075,447.402774360389,267.277238197308,0.08394,0
stdized,c2014,dr,priv,Total,spend_per_bene,1076,110.533652212699,57.1404657810356,0.03983,0
stdized,c2014,dr,priv,Total,spend_per_capita,1077,23.0253856074196,76.1475891979269,0.15182,0
stdized,c2014,dr,priv,Total,spend_per_vol,1078,-9.25373155774016,5.86269347306682,0.63303,0
stdized,c2014,dr,priv,Total,vol_per_bene,1079,707.170801065055,283.428502357359,0.00649,0
stdized,c2014,dr,priv,Total,vol_per_capita,1080,354.640076957877,311.182785218529,0.03571,0
stdized,c2014,ipw,mdcd,AM,spend_per_bene,1081,132.883688574628,68.5980008184224,0.84521,0
stdized,c2014,ipw,mdcd,AM,spend_per_capita,1082,123.799005785391,17.3725646198548,0.60746,0
stdized,c2014,ipw,mdcd,AM,spend_per_vol,1083,9.4004875062137,2.18823662388093,0.3327,0
stdized,c2014,ipw,mdcd,AM,vol_per_bene,1084,296.646743071498,424.377812494772,0.89672,0
stdized,c2014,ipw,mdcd,AM,vol_per_capita,1085,467.601054418322,107.33522603044,0.61281,0
stdized,c2014,ipw,mdcd,ED,spend_per_bene,1086,3.39942507242494,3.06555769275601,0.48609,0
stdized,c2014,ipw,mdcd,ED,spend_per_capita,1087,3.25439292296929,0.594799720729863,0.57376,0
stdized,c2014,ipw,mdcd,ED,spend_per_vol,1088,3.20702542364626,1.86439842701794,0.35626,0
stdized,c2014,ipw,mdcd,ED,vol_per_bene,1089,28.1102710158946,58.0560866487609,0.29839,0
stdized,c2014,ipw,mdcd,ED,vol_per_capita,1090,33.1046933928142,9.9899282088666,0.99725,0
stdized,c2014,ipw,mdcd,IP,spend_per_bene,1091,34.1176645442051,47.7767013141293,0.81578,0
stdized,c2014,ipw,mdcd,IP,spend_per_capita,1092,76.0879374849423,14.3103555799049,0.99953,0
stdized,c2014,ipw,mdcd,IP,spend_per_vol,1093,276.179985096863,207.503973225714,0.67016,0
stdized,c2014,ipw,mdcd,IP,vol_per_bene,1094,-7.78577872435019,10.5175192647421,0.87176,0
stdized,c2014,ipw,mdcd,IP,vol_per_capita,1095,8.43849338799076,1.97625668010381,0.95237,0
stdized,c2014,ipw,mdcd,NF,spend_per_bene,1096,-146.353353788449,55.9299423866213,0.14538,0
stdized,c2014,ipw,mdcd,NF,spend_per_capita,1097,7.71234335481654,8.69148477754695,0.14471,0
stdized,c2014,ipw,mdcd,NF,spend_per_vol,1098,51.9591750821486,156.501095231088,0.32,0
stdized,c2014,ipw,mdcd,NF,vol_per_bene,1099,-8.49428546992114,4.43628504720765,0.18872,0
stdized,c2014,ipw,mdcd,NF,vol_per_capita,1100,0.835110739200828,0.74739183584699,0.09215,0
stdized,c2014,ipw,mdcd,RX,spend_per_bene,1101,-35.0384695950242,53.1463262518904,0.59093,0
stdized,c2014,ipw,mdcd,RX,spend_per_capita,1102,16.4727596972883,7.50436868989838,0.41521,0
stdized,c2014,ipw,mdcd,RX,spend_per_vol,1103,2.1969295795437,1.49072019799206,0.53409,0
stdized,c2014,ipw,mdcd,RX,vol_per_bene,1104,-742.099511715396,701.191544122298,0.35941,0
stdized,c2014,ipw,mdcd,RX,vol_per_capita,1105,149.634606275374,102.585351862566,0.17605,0
stdized,c2014,ipw,mdcd,Total,spend_per_bene,1106,-12.5446281523264,143.424669945495,0.7851,0
stdized,c2014,ipw,mdcd,Total,spend_per_capita,1107,227.326439245407,36.7531151470684,0.88987,0
stdized,c2014,ipw,mdcd,Total,spend_per_vol,1108,2.8143236454628,8.67100854641911,0.42891,0
stdized,c2014,ipw,mdcd,Total,vol_per_bene,1109,-456.797177277526,982.955831401037,0.41449,0
stdized,c2014,ipw,mdcd,Total,vol_per_capita,1110,659.613958213702,167.673890291009,0.27513,0
stdized,c2014,ipw,mdcr,AM,spend_per_bene,1111,-42.948971980065,22.8530173956166,0.82523,0
stdized,c2014,ipw,mdcr,AM,spend_per_capita,1112,-15.2339525261539,11.5649333575141,0.96535,0
stdized,c2014,ipw,mdcr,AM,spend_per_vol,1113,0.192499088339877,0.860502841417027,0.48542,0
stdized,c2014,ipw,mdcr,AM,vol_per_bene,1114,-206.477560511335,110.6632376773,0.89968,0
stdized,c2014,ipw,mdcr,AM,vol_per_capita,1115,-69.0512140143083,38.7279712394646,0.95102,0
stdized,c2014,ipw,mdcr,ED,spend_per_bene,1116,-2.77988769982151,5.5774706544164,0.85821,0
stdized,c2014,ipw,mdcr,ED,spend_per_capita,1117,-1.15062565002558,1.56021891988431,0.97619,0
stdized,c2014,ipw,mdcr,ED,spend_per_vol,1118,2.91462388360935,1.7910075424387,0.02238,0
stdized,c2014,ipw,mdcr,ED,vol_per_bene,1119,-9.7072851291849,7.31565795035504,0.163,0
stdized,c2014,ipw,mdcr,ED,vol_per_capita,1120,-3.04769612595386,2.12630234362685,0.93701,0
stdized,c2014,ipw,mdcr,IP,spend_per_bene,1121,-59.646219510051,36.8202097106523,0.22427,0
stdized,c2014,ipw,mdcr,IP,spend_per_capita,1122,-18.0651885836703,11.2505023676196,0.99088,0
stdized,c2014,ipw,mdcr,IP,spend_per_vol,1123,-8.06825911087927,24.2043170771395,0.74046,0
stdized,c2014,ipw,mdcr,IP,vol_per_bene,1124,-2.33896779021602,2.11734852386335,0.36683,0
stdized,c2014,ipw,mdcr,IP,vol_per_capita,1125,-1.27762989497882,0.72482196119655,0.99375,0
stdized,c2014,ipw,mdcr,NF,spend_per_bene,1126,-33.6209428169241,28.6446892203755,0.13928,0
stdized,c2014,ipw,mdcr,NF,spend_per_capita,1127,-6.91233158154173,5.54137692487085,0.46388,0
stdized,c2014,ipw,mdcr,NF,spend_per_vol,1128,-10.0803866304355,57.7321302105877,0.05407,0
stdized,c2014,ipw,mdcr,NF,vol_per_bene,1129,-2.82937419096816,2.3972986902276,0.40947,0
stdized,c2014,ipw,mdcr,NF,vol_per_capita,1130,-0.657229843304387,0.499434760870807,0.74512,0
stdized,c2014,ipw,mdcr,RX,spend_per_bene,1131,49.5208286028073,26.2963195007997,0.02284,0
stdized,c2014,ipw,mdcr,RX,spend_per_capita,1132,5.2755582171447,6.04762792560619,0.76068,0
stdized,c2014,ipw,mdcr,RX,spend_per_vol,1133,0.846623559012752,0.322642268461154,0.55408,0
stdized,c2014,ipw,mdcr,RX,vol_per_bene,1134,717.114354475261,377.619881111005,0.08919,0
stdized,c2014,ipw,mdcr,RX,vol_per_capita,1135,-22.6596643930398,89.8099136193634,0.77783,0
stdized,c2014,ipw,mdcr,Total,spend_per_bene,1136,-90.2804391979156,77.9851290087157,0.48903,0
stdized,c2014,ipw,mdcr,Total,spend_per_capita,1137,-36.0865401242466,30.3596702126043,0.9868,0
stdized,c2014,ipw,mdcr,Total,spend_per_vol,1138,-4.67678270858781,2.21210084757231,0.16349,0
stdized,c2014,ipw,mdcr,Total,vol_per_bene,1139,240.044718880027,334.149949322855,0.64728,0
stdized,c2014,ipw,mdcr,Total,vol_per_capita,1140,-96.6934342715851,115.592393482539,0.8493,0
stdized,c2014,ipw,oop,AM,spend_per_capita,1141,-33.25735163561,12.7741716539855,0,0
stdized,c2014,ipw,oop,AM,spend_per_vol,1142,-2.01590081774195,1.81222727966634,0.00433,0
stdized,c2014,ipw,oop,AM,vol_per_capita,1143,-255.784707257613,109.339031388664,1e-05,0
stdized,c2014,ipw,oop,ED,spend_per_capita,1144,-1.77444970800886,0.645603114254827,0,0
stdized,c2014,ipw,oop,ED,spend_per_vol,1145,-11.9671712260439,2.50653051739449,0.3882,0
stdized,c2014,ipw,oop,ED,vol_per_capita,1146,-0.00254657059469082,9.23227807661817,0.00071,0
stdized,c2014,ipw,oop,IP,spend_per_capita,1147,-8.62641197609663,3.85950589670195,0,0
stdized,c2014,ipw,oop,IP,spend_per_vol,1148,-17.0303094643317,23.3406486268373,0.27947,0
stdized,c2014,ipw,oop,IP,vol_per_capita,1149,-8.40675548109464,2.89781982398141,0.14566,0
stdized,c2014,ipw,oop,NF,spend_per_capita,1150,15.9029548755411,6.33693879916831,0.03777,0
stdized,c2014,ipw,oop,NF,spend_per_vol,1151,-61.3122601142426,18.6513511617235,0.70073,0
stdized,c2014,ipw,oop,NF,vol_per_capita,1152,22.9950342619602,7.56327523739248,0.31268,0
stdized,c2014,ipw,oop,RX,spend_per_capita,1153,-6.67157086831793,10.240604967061,0.0019,0
stdized,c2014,ipw,oop,RX,spend_per_vol,1154,-0.406173494775887,0.0961603707771543,0.00271,0
stdized,c2014,ipw,oop,RX,vol_per_capita,1155,118.400183800651,855.50422055804,0.00401,0
stdized,c2014,ipw,oop,Total,spend_per_capita,1156,-34.4268293124923,26.6778259897851,0,0
stdized,c2014,ipw,oop,Total,spend_per_vol,1157,-0.537874714012976,1.1481647314062,0.59491,0
stdized,c2014,ipw,oop,Total,vol_per_capita,1158,-122.798791246691,855.91264625618,0.00029,0
stdized,c2014,ipw,priv,AM,spend_per_bene,1159,37.4807349010936,30.7248081431141,0.0146,0
stdized,c2014,ipw,priv,AM,spend_per_capita,1160,-14.99188607627,35.116070589907,0.09309,0
stdized,c2014,ipw,priv,AM,spend_per_vol,1161,2.78924082183893,2.12706684118473,0.2765,0
stdized,c2014,ipw,priv,AM,vol_per_bene,1162,28.3589288032582,87.4156230839446,0.00208,0
stdized,c2014,ipw,priv,AM,vol_per_capita,1163,-112.157707475189,102.957486410274,0.02745,0
stdized,c2014,ipw,priv,ED,spend_per_bene,1164,0.184957099964382,1.53850410186142,0.12205,0
stdized,c2014,ipw,priv,ED,spend_per_capita,1165,-1.86524841853313,1.81049398045534,0.2031,0
stdized,c2014,ipw,priv,ED,spend_per_vol,1166,-27.2355224170423,16.0590548257734,0.47399,0
stdized,c2014,ipw,priv,ED,vol_per_bene,1167,0.630447904868072,2.14200794579966,0.43879,0
stdized,c2014,ipw,priv,ED,vol_per_capita,1168,-1.26991133336306,1.75562851403616,0.54329,0
stdized,c2014,ipw,priv,IP,spend_per_bene,1169,-12.5191815104098,15.0487446796858,0.11999,0
stdized,c2014,ipw,priv,IP,spend_per_capita,1170,-27.2617195821985,18.7258575542277,0.21694,0
stdized,c2014,ipw,priv,IP,spend_per_vol,1171,143.656899151643,103.960801315318,0.27448,0
stdized,c2014,ipw,priv,IP,vol_per_bene,1172,-1.42762732559162,1.07727204782591,0.09307,0
stdized,c2014,ipw,priv,IP,vol_per_capita,1173,-1.90070780636893,1.02481166300274,0.19657,0
stdized,c2014,ipw,priv,NF,spend_per_bene,1174,10.4576987524602,3.60454687154648,0.83635,0
stdized,c2014,ipw,priv,NF,spend_per_capita,1175,5.36226979775225,3.15204947477977,0.81925,0
stdized,c2014,ipw,priv,NF,spend_per_vol,1176,35.3328193566803,49.9957815940421,0.10095,0
stdized,c2014,ipw,priv,NF,vol_per_bene,1177,2.12245017770041,0.887697889640079,0.02432,0
stdized,c2014,ipw,priv,NF,vol_per_capita,1178,0.902703268256557,0.819092211382011,0.09938,0
stdized,c2014,ipw,priv,RX,spend_per_bene,1179,57.7847563936446,27.7636101433713,0.03216,0
stdized,c2014,ipw,priv,RX,spend_per_capita,1180,28.6170173505988,22.3999401201705,0.02573,0
stdized,c2014,ipw,priv,RX,spend_per_vol,1181,-0.0632594921063163,0.830093892418893,0.2543,0
stdized,c2014,ipw,priv,RX,vol_per_bene,1182,611.995538660322,267.307799413822,0.13027,0
stdized,c2014,ipw,priv,RX,vol_per_capita,1183,303.776205568639,224.079253222347,0.11934,0
stdized,c2014,ipw,priv,Total,spend_per_bene,1184,90.5046888317471,49.7776571940906,0.02188,0
stdized,c2014,ipw,priv,Total,spend_per_capita,1185,-10.1395669286505,64.4303699436361,0.09563,0
stdized,c2014,ipw,priv,Total,spend_per_vol,1186,-7.33332627404501,4.68535179674862,0.88395,0
stdized,c2014,ipw,priv,Total,vol_per_bene,1187,612.982688781656,238.28171924922,0.0108,0
stdized,c2014,ipw,priv,Total,vol_per_capita,1188,189.350582221974,256.87341190679,0.02954,0
stdized,c2014,reg,mdcd,AM,spend_per_bene,1189,-70.4802316351643,135.793744907729,0.62249,0
stdized,c2014,reg,mdcd,AM,spend_per_capita,1190,79.6414748825065,26.0300997758025,0.96528,0
stdized,c2014,reg,mdcd,AM,spend_per_vol,1191,11.6730177410089,5.23199435556783,0.00318,0
stdized,c2014,reg,mdcd,AM,vol_per_bene,1192,-693.578851980833,961.207580423232,0.47677,0
stdized,c2014,reg,mdcd,AM,vol_per_capita,1193,221.461173792818,170.003797563258,0.47732,0
stdized,c2014,reg,mdcd,ED,spend_per_bene,1194,-3.98875273186842,4.0593353671357,0.52206,0
stdized,c2014,reg,mdcd,ED,spend_per_capita,1195,1.58777691452724,0.948592296230151,0.90973,0
stdized,c2014,reg,mdcd,ED,spend_per_vol,1196,7.34517429989452,2.235510798207,0.06662,0
stdized,c2014,reg,mdcd,ED,vol_per_bene,1197,-65.693058029083,66.0391189176062,0.12523,0
stdized,c2014,reg,mdcd,ED,vol_per_capita,1198,8.89135677499217,13.2263291765678,0.80827,0
stdized,c2014,reg,mdcd,IP,spend_per_bene,1199,68.200442255454,96.3739716887943,0.19021,0
stdized,c2014,reg,mdcd,IP,spend_per_capita,1200,74.0612335405694,17.5053166785201,0.72339,0
stdized,c2014,reg,mdcd,IP,spend_per_vol,1201,476.160842230467,282.221818579692,0.00196,0
stdized,c2014,reg,mdcd,IP,vol_per_bene,1202,8.08681462582054,17.9824290932632,0.13667,0
stdized,c2014,reg,mdcd,IP,vol_per_capita,1203,9.172713450741,3.03404199467929,0.38768,0
stdized,c2014,reg,mdcd,NF,spend_per_bene,1204,-158.086804360125,127.960574394133,0.51347,0
stdized,c2014,reg,mdcd,NF,spend_per_capita,1205,2.61636655657491,18.4541468741886,0.51462,0
stdized,c2014,reg,mdcd,NF,spend_per_vol,1206,-183.321436402141,206.485684550864,0.6062,0
stdized,c2014,reg,mdcd,NF,vol_per_bene,1207,-6.31147352298957,9.28149494040048,0.54469,0
stdized,c2014,reg,mdcd,NF,vol_per_capita,1208,0.905287457413451,1.29100078724697,0.35162,0
stdized,c2014,reg,mdcd,RX,spend_per_bene,1209,-134.850766518385,105.316321973872,0.184,0
stdized,c2014,reg,mdcd,RX,spend_per_capita,1210,5.08928146050918,16.1142373994633,0.20639,0
stdized,c2014,reg,mdcd,RX,spend_per_vol,1211,-0.0193093305724429,1.85333357886853,0.10668,0
stdized,c2014,reg,mdcd,RX,vol_per_bene,1212,-2317.5275291901,1340.28201745862,0.22627,0
stdized,c2014,reg,mdcd,RX,vol_per_capita,1213,-29.8725810302068,208.000963963724,0.17971,0
stdized,c2014,reg,mdcd,Total,spend_per_bene,1214,-302.069860334083,276.882196242413,0.37039,0
stdized,c2014,reg,mdcd,Total,spend_per_capita,1215,162.996133354687,46.6676836199578,0.74948,0
stdized,c2014,reg,mdcd,Total,spend_per_vol,1216,24.6647785881346,14.8069913756869,0.04542,0
stdized,c2014,reg,mdcd,Total,vol_per_bene,1217,-3105.68554895099,1329.60546019369,0.18193,0
stdized,c2014,reg,mdcd,Total,vol_per_capita,1218,210.557950445757,212.556123903008,0.03976,0
stdized,c2014,reg,mdcr,AM,spend_per_bene,1219,32.6491290838723,36.4391966915488,0.37792,0
stdized,c2014,reg,mdcr,AM,spend_per_capita,1220,-2.19822443074834,12.5266545505666,0.25119,0
stdized,c2014,reg,mdcr,AM,spend_per_vol,1221,-0.282539950605717,1.24109535474076,0.17799,0
stdized,c2014,reg,mdcr,AM,vol_per_bene,1222,163.755691581427,165.350129658591,0.32753,0
stdized,c2014,reg,mdcr,AM,vol_per_capita,1223,-3.18024444266671,48.7795281307325,0.41484,0
stdized,c2014,reg,mdcr,ED,spend_per_bene,1224,11.6178608205189,9.24189344370549,0.84875,0
stdized,c2014,reg,mdcr,ED,spend_per_capita,1225,2.10612904375507,2.57149854860811,0.95729,0
stdized,c2014,reg,mdcr,ED,spend_per_vol,1226,5.90588126100325,3.11156754631748,0.00903,0
stdized,c2014,reg,mdcr,ED,vol_per_bene,1227,9.12158114543369,9.60778727290941,0.85242,0
stdized,c2014,reg,mdcr,ED,vol_per_capita,1228,0.854140066407565,3.12514717366378,0.47618,0
stdized,c2014,reg,mdcr,IP,spend_per_bene,1229,37.5067573974454,38.2217479899913,0.73967,0
stdized,c2014,reg,mdcr,IP,spend_per_capita,1230,-0.613089688717815,12.5401923194088,0.47245,0
stdized,c2014,reg,mdcr,IP,spend_per_vol,1231,74.2141436059983,28.1830805679572,0.01769,0
stdized,c2014,reg,mdcr,IP,vol_per_bene,1232,4.21949721558793,2.72369570667289,0.79736,0
stdized,c2014,reg,mdcr,IP,vol_per_capita,1233,-0.290142140284355,0.85067153304085,0.27315,0
stdized,c2014,reg,mdcr,NF,spend_per_bene,1234,40.0284488175665,51.0154852626813,0.10097,0
stdized,c2014,reg,mdcr,NF,spend_per_capita,1235,5.61966337920221,9.72295094091256,0.50315,0
stdized,c2014,reg,mdcr,NF,spend_per_vol,1236,258.541468511379,89.8883256983692,0.27487,0
stdized,c2014,reg,mdcr,NF,vol_per_bene,1237,2.98881106767042,4.31339906464795,0.04228,0
stdized,c2014,reg,mdcr,NF,vol_per_capita,1238,0.298308858829011,0.83763984306161,0.13352,0
stdized,c2014,reg,mdcr,RX,spend_per_bene,1239,59.6320233478979,29.3274031433236,0.00825,0
stdized,c2014,reg,mdcr,RX,spend_per_capita,1240,2.18853882147588,6.38078688301902,0.04833,0
stdized,c2014,reg,mdcr,RX,spend_per_vol,1241,0.290463074434117,0.498962360250469,0.62332,0
stdized,c2014,reg,mdcr,RX,vol_per_bene,1242,863.573606911522,464.70912848564,0.00354,0
stdized,c2014,reg,mdcr,RX,vol_per_capita,1243,-66.708461096778,102.464573837849,0.02354,0
stdized,c2014,reg,mdcr,Total,spend_per_bene,1244,153.259194112297,94.693886985794,0.66612,0
stdized,c2014,reg,mdcr,Total,spend_per_capita,1245,7.10301712496725,33.2043722699834,0.3874,0
stdized,c2014,reg,mdcr,Total,spend_per_vol,1246,0.080112219093366,3.30024379320626,0.00855,0
stdized,c2014,reg,mdcr,Total,vol_per_bene,1247,474.71892868641,411.488887397411,0.00661,0
stdized,c2014,reg,mdcr,Total,vol_per_capita,1248,-69.0263987544929,130.650889449155,0.0987,0
stdized,c2014,reg,oop,AM,spend_per_capita,1249,-21.1345453109545,31.2739962642084,0.00161,0
stdized,c2014,reg,oop,AM,spend_per_vol,1250,4.18019134052875,2.26226416032186,0.00016,0
stdized,c2014,reg,oop,AM,vol_per_capita,1251,-433.800261413727,300.023425624623,0.00014,0
stdized,c2014,reg,oop,ED,spend_per_capita,1252,-1.30059269472054,1.54651644114544,0.00089,0
stdized,c2014,reg,oop,ED,spend_per_vol,1253,-6.88775682508235,2.78746385206545,0.00081,0
stdized,c2014,reg,oop,ED,vol_per_capita,1254,-14.0598945527153,19.0138875208507,0.02394,0
stdized,c2014,reg,oop,IP,spend_per_capita,1255,-6.76500632619018,9.24631799734272,0.00935,0
stdized,c2014,reg,oop,IP,spend_per_vol,1256,100.3114475857,43.7640775853645,0.0049,0
stdized,c2014,reg,oop,IP,vol_per_capita,1257,-15.9284375895834,8.88841290644846,0.14732,0
stdized,c2014,reg,oop,NF,spend_per_capita,1258,1.81187132382169,10.2691290227194,0.00141,0
stdized,c2014,reg,oop,NF,spend_per_vol,1259,-61.930764547466,31.2620743974491,0.12675,0
stdized,c2014,reg,oop,NF,vol_per_capita,1260,7.52195663915269,12.0722540820584,0.05984,0
stdized,c2014,reg,oop,RX,spend_per_capita,1261,-19.3317858047419,23.3848620003882,0.03746,0
stdized,c2014,reg,oop,RX,spend_per_vol,1262,-0.316903389259057,0.177638653321189,0.00734,0
stdized,c2014,reg,oop,RX,vol_per_capita,1263,-1065.70888869193,1826.26305474898,0.06297,0
stdized,c2014,reg,oop,Total,spend_per_capita,1264,-46.7200588127853,62.2353916864155,3e-05,0
stdized,c2014,reg,oop,Total,spend_per_vol,1265,1.43493681850086,2.66877769434322,0.31667,0
stdized,c2014,reg,oop,Total,vol_per_capita,1266,-1521.97552560881,2212.91247559902,0.00495,0
stdized,c2014,reg,priv,AM,spend_per_bene,1267,121.924561280294,63.48027516355,0.14379,0
stdized,c2014,reg,priv,AM,spend_per_capita,1268,48.3461607325262,71.9513460638484,0.20795,0
stdized,c2014,reg,priv,AM,spend_per_vol,1269,1.45823417259916,3.93289900580693,0.29684,0
stdized,c2014,reg,priv,AM,vol_per_bene,1270,304.465500558577,220.933497967589,0.00815,0
stdized,c2014,reg,priv,AM,vol_per_capita,1271,104.050710745226,223.795068864346,0.02557,0
stdized,c2014,reg,priv,ED,spend_per_bene,1272,4.21941047860886,2.50550027941447,0.1296,0
stdized,c2014,reg,priv,ED,spend_per_capita,1273,0.793985187175222,2.67420833866785,0.39238,0
stdized,c2014,reg,priv,ED,spend_per_vol,1274,-12.2389663374237,28.3198470319012,0.13869,0
stdized,c2014,reg,priv,ED,vol_per_bene,1275,3.49270633115709,3.05044194024431,0.08578,0
stdized,c2014,reg,priv,ED,vol_per_capita,1276,0.780296977323288,3.2126020216713,0.19017,0
stdized,c2014,reg,priv,IP,spend_per_bene,1277,38.7538062210297,37.8687194254022,0.24514,0
stdized,c2014,reg,priv,IP,spend_per_capita,1278,15.8120107981126,40.1886216246014,0.5026,0
stdized,c2014,reg,priv,IP,spend_per_vol,1279,-59.5903716669139,200.602448494726,0.64568,0
stdized,c2014,reg,priv,IP,vol_per_bene,1280,1.39939113497291,1.77870632346448,0.28689,0
stdized,c2014,reg,priv,IP,vol_per_capita,1281,0.362879835907424,1.91216091644013,0.30906,0
stdized,c2014,reg,priv,NF,spend_per_bene,1282,8.25561771663296,8.85897983759964,0.84542,0
stdized,c2014,reg,priv,NF,spend_per_capita,1283,4.0852265393152,7.78579059045984,0.31963,0
stdized,c2014,reg,priv,NF,spend_per_vol,1284,10.1605547499865,61.1146800923166,0.04916,0
stdized,c2014,reg,priv,NF,vol_per_bene,1285,1.54686302197799,2.05221214003458,0.0298,0
stdized,c2014,reg,priv,NF,vol_per_capita,1286,0.488157390956601,1.7431648147994,0.17523,0
stdized,c2014,reg,priv,RX,spend_per_bene,1287,34.3515364695888,31.2069731435222,0.15395,0
stdized,c2014,reg,priv,RX,spend_per_capita,1288,9.53899510739238,24.3399645123382,0.08489,0
stdized,c2014,reg,priv,RX,spend_per_vol,1289,1.52554441362349,1.86277590727213,0.36411,0
stdized,c2014,reg,priv,RX,vol_per_bene,1290,252.411199836893,280.447220967107,0.12341,0
stdized,c2014,reg,priv,RX,vol_per_capita,1291,-7.15923190652597,209.940783661496,0.0767,0
stdized,c2014,reg,priv,Total,spend_per_bene,1292,205.585785503762,115.029810295194,0.1894,0
stdized,c2014,reg,priv,Total,spend_per_capita,1293,78.5763783645213,124.36579066175,0.14616,0
stdized,c2014,reg,priv,Total,spend_per_vol,1294,6.02150762017285,6.66340856402348,0.20233,0
stdized,c2014,reg,priv,Total,vol_per_bene,1295,548.473502695491,389.891268069424,0.04209,0
stdized,c2014,reg,priv,Total,vol_per_capita,1296,98.5228130428865,361.489825940426,0.02767,0
allages,all_cohorts,dr,mdcd,Total,coverage,1297,4.18522342267123,0.456831056094574,0,0
allages,all_cohorts,dr,mdcr,Total,coverage,1298,-0.0977117503071282,0.120801140272564,0,0
allages,all_cohorts,dr,priv,Total,coverage,1299,-1.56067861308641,0.456381555950903,0,0
allages,all_cohorts,ipw,mdcd,Total,coverage,1300,3.94137477300219,0.427232485930089,0,0
allages,all_cohorts,ipw,mdcr,Total,coverage,1301,-0.0745147488163092,0.0952682931953021,0,0
allages,all_cohorts,ipw,priv,Total,coverage,1302,-1.76545225535282,0.361193375807388,0,0
allages,all_cohorts,reg,mdcd,Total,coverage,1303,3.69576112036514,0.679735809452856,0,0
allages,all_cohorts,reg,mdcr,Total,coverage,1304,-0.173906979344274,0.142070756238026,0,0
allages,all_cohorts,reg,priv,Total,coverage,1305,-2.120686884849,0.402985245125828,0,0
allages,c2014,dr,mdcd,Total,coverage,1306,4.21669225462355,0.499502051831486,0.30514,0
allages,c2014,dr,mdcr,Total,coverage,1307,-0.100753912519517,0.117590280504102,0.88036,0
allages,c2014,dr,priv,Total,coverage,1308,-1.44849599793407,0.525168699326524,0.52557,0
allages,c2014,ipw,mdcd,Total,coverage,1309,3.94713840325785,0.506513720758346,0.26954,0
allages,c2014,ipw,mdcr,Total,coverage,1310,-0.0736166531582387,0.111743110325062,0.74597,0
allages,c2014,ipw,priv,Total,coverage,1311,-1.70270788392095,0.424057945952653,0.33257,0
allages,c2014,reg,mdcd,Total,coverage,1312,3.69386490503893,0.710374468018707,0.83856,0
allages,c2014,reg,mdcr,Total,coverage,1313,-0.196784913200157,0.176926555988316,0.71614,0
allages,c2014,reg,priv,Total,coverage,1314,-2.15518571009727,0.452511253652715,0.96201,0
stdized,all_cohorts,dr,mdcd,Total,coverage,1315,4.55700225295998,0.484286150605058,0,0
stdized,all_cohorts,dr,mdcr,Total,coverage,1316,-0.023705308571329,0.295679113851551,0,0
stdized,all_cohorts,dr,priv,Total,coverage,1317,-0.844561844705794,1.34914107032759,0,0
stdized,all_cohorts,ipw,mdcd,Total,coverage,1318,4.25649354597576,0.445522448480818,0,0
stdized,all_cohorts,ipw,mdcr,Total,coverage,1319,-0.0515360791801783,0.249781183990081,0,0
stdized,all_cohorts,ipw,priv,Total,coverage,1320,-1.38600163272762,1.25363575722677,0,0
stdized,all_cohorts,reg,mdcd,Total,coverage,1321,4.01406136385889,0.774019973927825,0,0
stdized,all_cohorts,reg,mdcr,Total,coverage,1322,0.0465133951004304,0.280806206584105,0,0
stdized,all_cohorts,reg,priv,Total,coverage,1323,-0.875382702917084,1.22786533191188,0,0
stdized,c2014,dr,mdcd,Total,coverage,1324,4.39829202753495,0.552138130607549,0.38512,0
stdized,c2014,dr,mdcr,Total,coverage,1325,-0.24563758335513,0.264780974192492,0.95104,0
stdized,c2014,dr,priv,Total,coverage,1326,-1.52193286536042,1.36508336219007,0.78542,0
stdized,c2014,ipw,mdcd,Total,coverage,1327,4.07590830555218,0.451164294089022,0.26859,0
stdized,c2014,ipw,mdcr,Total,coverage,1328,-0.252012636274981,0.248373255563494,0.97666,0
stdized,c2014,ipw,priv,Total,coverage,1329,-2.05804100044837,1.23286757418986,0.72763,0
stdized,c2014,reg,mdcd,Total,coverage,1330,3.77563395086864,0.859584868692078,0.88983,0
stdized,c2014,reg,mdcr,Total,coverage,1331,-0.238661646345596,0.250671125666366,0.38144,0
stdized,c2014,reg,priv,Total,coverage,1332,-1.84399932061095,1.15590916223896,0.10918,0
