mod,payer,toc,outcome,spec,sample,event_time,att,se,lower,upper,period,overall_att,overall_se,n_na_cells,pretrend_p
1,mdcd,AM,spend_per_bene_mean,main,all_cohorts,-6,73.7085386566973,67.5421545105155,-58.674084183913,206.091161497308,Pre,-70.5378195345563,113.403362156282,0,0
1,mdcd,AM,spend_per_bene_mean,main,all_cohorts,-5,-124.617654636573,221.161068788753,-558.093349462528,308.858040189382,Pre,-70.5378195345563,113.403362156282,0,0
1,mdcd,AM,spend_per_bene_mean,main,all_cohorts,-4,103.600603619714,176.734089921519,-242.798212626463,449.999419865891,Pre,-70.5378195345563,113.403362156282,0,0
1,mdcd,AM,spend_per_bene_mean,main,all_cohorts,-3,36.4673564830303,142.394972749034,-242.626790105076,315.561503071137,Pre,-70.5378195345563,113.403362156282,0,0
1,mdcd,AM,spend_per_bene_mean,main,all_cohorts,-2,218.247150006611,119.64622914701,-16.2594591215292,452.753759134751,Pre,-70.5378195345563,113.403362156282,0,0
1,mdcd,AM,spend_per_bene_mean,main,all_cohorts,-1,-20.0176552108728,81.9899793765154,-180.718014788843,140.682704367097,Pre,-70.5378195345563,113.403362156282,0,0
1,mdcd,AM,spend_per_bene_mean,main,all_cohorts,0,-2.5405253524153,118.174509802576,-234.162564565464,229.081513860633,Post,-70.5378195345563,113.403362156282,0,0
1,mdcd,AM,spend_per_bene_mean,main,all_cohorts,1,4.90091610861681,113.522902439914,-217.603972673615,227.405804890849,Post,-70.5378195345563,113.403362156282,0,0
1,mdcd,AM,spend_per_bene_mean,main,all_cohorts,2,-89.9286162919762,152.482863877931,-388.795029492721,208.937796908768,Post,-70.5378195345563,113.403362156282,0,0
1,mdcd,AM,spend_per_bene_mean,main,all_cohorts,3,-171.20948822306,127.887603432287,-421.869190950342,79.4502145042226,Post,-70.5378195345563,113.403362156282,0,0
1,mdcd,AM,spend_per_bene_mean,main,all_cohorts,4,-117.339080800634,129.610900406116,-371.376445596621,136.698283995354,Post,-70.5378195345563,113.403362156282,0,0
2,mdcd,AM,spend_per_bene_mean,main,c2014,-3,129.725906103708,124.129396011049,-113.567710077948,373.019522285364,Pre,-70.4802316351645,131.931380462076,0,0.62249
2,mdcd,AM,spend_per_bene_mean,main,c2014,-2,-4.70010474609614,112.141310114383,-224.497072570287,215.096863078095,Pre,-70.4802316351645,131.931380462076,0,0.62249
2,mdcd,AM,spend_per_bene_mean,main,c2014,-1,-64.1987349917791,159.607933910461,-377.030285456283,248.632815472725,Pre,-70.4802316351645,131.931380462076,0,0.62249
2,mdcd,AM,spend_per_bene_mean,main,c2014,0,98.9179131562943,123.591890948358,-143.322193102486,341.158019415075,Post,-70.4802316351645,131.931380462076,0,0.62249
2,mdcd,AM,spend_per_bene_mean,main,c2014,1,-35.469264825183,125.278350451593,-281.014831710305,210.076302059939,Post,-70.4802316351645,131.931380462076,0,0.62249
2,mdcd,AM,spend_per_bene_mean,main,c2014,2,-109.720391793692,183.488189629957,-469.357243468408,249.916459881023,Post,-70.4802316351645,131.931380462076,0,0.62249
2,mdcd,AM,spend_per_bene_mean,main,c2014,3,-188.790333912608,148.70947028633,-480.260895673814,102.680227848598,Post,-70.4802316351645,131.931380462076,0,0.62249
2,mdcd,AM,spend_per_bene_mean,main,c2014,4,-117.339080800634,133.326374028488,-378.658773896471,143.980612295204,Post,-70.4802316351645,131.931380462076,0,0.62249
3,mdcd,AM,spend_per_bene_mean,sens,all_cohorts,-6,117.796033726696,57.7892280939833,4.52914666248897,231.062920790904,Pre,66.7803554636573,70.8851654296333,0,0
3,mdcd,AM,spend_per_bene_mean,sens,all_cohorts,-5,-116.633423939907,209.177958950389,-526.62222348267,293.355375602856,Pre,66.7803554636573,70.8851654296333,0,0
3,mdcd,AM,spend_per_bene_mean,sens,all_cohorts,-4,83.5474856684852,214.975737446229,-337.804959726124,504.899931063095,Pre,66.7803554636573,70.8851654296333,0,0
3,mdcd,AM,spend_per_bene_mean,sens,all_cohorts,-3,21.6013015415442,104.238586225992,-182.706327461399,225.908930544488,Pre,66.7803554636573,70.8851654296333,0,0
3,mdcd,AM,spend_per_bene_mean,sens,all_cohorts,-2,129.83304709124,97.4353808942239,-61.1402994614392,320.806393643918,Pre,66.7803554636573,70.8851654296333,0,0
3,mdcd,AM,spend_per_bene_mean,sens,all_cohorts,-1,20.9058735186158,66.4823818564546,-109.399594920035,151.211341957267,Pre,66.7803554636573,70.8851654296333,0,0
3,mdcd,AM,spend_per_bene_mean,sens,all_cohorts,0,81.1174627509832,88.7194775820638,-92.7727133098617,255.007638811828,Post,66.7803554636573,70.8851654296333,0,0
3,mdcd,AM,spend_per_bene_mean,sens,all_cohorts,1,101.471569588679,78.2815250818981,-51.960219571841,254.903358749199,Post,66.7803554636573,70.8851654296333,0,0
3,mdcd,AM,spend_per_bene_mean,sens,all_cohorts,2,91.3883599436291,85.2901289945758,-75.7802928857395,258.557012772998,Post,66.7803554636573,70.8851654296333,0,0
3,mdcd,AM,spend_per_bene_mean,sens,all_cohorts,3,2.84577321709851,80.3548572641554,-154.649747020646,160.341293454843,Post,66.7803554636573,70.8851654296333,0,0
3,mdcd,AM,spend_per_bene_mean,sens,all_cohorts,4,45.1169106168328,97.5614731484056,-146.103576754042,236.337397987708,Post,66.7803554636573,70.8851654296333,0,0
4,mdcd,AM,spend_per_bene_mean,sens,c2014,-3,-11.9526685872897,90.6845312555711,-189.694349848209,165.78901267363,Pre,111.485494107183,82.4965188967685,0,0.87738
4,mdcd,AM,spend_per_bene_mean,sens,c2014,-2,39.030949254003,71.8168016326526,-101.729981945996,179.791880454002,Pre,111.485494107183,82.4965188967685,0,0.87738
4,mdcd,AM,spend_per_bene_mean,sens,c2014,-1,-77.6919219323058,108.336610425868,-290.031678367008,134.647834502396,Pre,111.485494107183,82.4965188967685,0,0.87738
4,mdcd,AM,spend_per_bene_mean,sens,c2014,0,244.310258458277,83.9943774599669,79.6812786367418,408.939238279812,Post,111.485494107183,82.4965188967685,0,0.87738
4,mdcd,AM,spend_per_bene_mean,sens,c2014,1,137.808719702082,83.5334743250114,-25.9168899749406,301.534329379104,Post,111.485494107183,82.4965188967685,0,0.87738
4,mdcd,AM,spend_per_bene_mean,sens,c2014,2,117.62938910484,106.993102371951,-92.0770915441851,327.335869753865,Post,111.485494107183,82.4965188967685,0,0.87738
4,mdcd,AM,spend_per_bene_mean,sens,c2014,3,12.5621926538817,92.2184615791624,-168.185992041277,193.31037734904,Post,111.485494107183,82.4965188967685,0,0.87738
4,mdcd,AM,spend_per_bene_mean,sens,c2014,4,45.1169106168328,103.130235720571,-157.018351395486,247.252172629152,Post,111.485494107183,82.4965188967685,0,0.87738
5,mdcd,AM,spend_per_capita_mean,main,all_cohorts,-6,-11.6726842265399,10.7127779372247,-32.6697289835003,9.32436053042059,Pre,90.3401863821437,22.4014164942608,0,0
5,mdcd,AM,spend_per_capita_mean,main,all_cohorts,-5,-6.11597830538724,47.1449273041412,-98.520035821504,86.2880792107295,Pre,90.3401863821437,22.4014164942608,0,0
5,mdcd,AM,spend_per_capita_mean,main,all_cohorts,-4,12.6117816189274,28.4009168947143,-43.0540154947127,68.2775787325676,Pre,90.3401863821437,22.4014164942608,0,0
5,mdcd,AM,spend_per_capita_mean,main,all_cohorts,-3,0.0487971171377906,19.4220940517452,-38.0185072242828,38.1161014585583,Pre,90.3401863821437,22.4014164942608,0,0
5,mdcd,AM,spend_per_capita_mean,main,all_cohorts,-2,37.9544426399868,16.7160648636092,5.19095550731282,70.7179297726609,Pre,90.3401863821437,22.4014164942608,0,0
5,mdcd,AM,spend_per_capita_mean,main,all_cohorts,-1,9.85183564424403,8.60910758611153,-7.02201522453456,26.7256865130226,Pre,90.3401863821437,22.4014164942608,0,0
5,mdcd,AM,spend_per_capita_mean,main,all_cohorts,0,69.5189150086935,19.6601181395185,30.9850834552372,108.05274656215,Post,90.3401863821437,22.4014164942608,0,0
5,mdcd,AM,spend_per_capita_mean,main,all_cohorts,1,118.871736936849,25.9020567703885,68.1037056668875,169.63976820681,Post,90.3401863821437,22.4014164942608,0,0
5,mdcd,AM,spend_per_capita_mean,main,all_cohorts,2,94.9661243760177,30.4604513105673,35.2636398073057,154.66860894473,Post,90.3401863821437,22.4014164942608,0,0
5,mdcd,AM,spend_per_capita_mean,main,all_cohorts,3,81.0442809905659,25.833836120301,30.4099621947759,131.678599786356,Post,90.3401863821437,22.4014164942608,0,0
5,mdcd,AM,spend_per_capita_mean,main,all_cohorts,4,85.1462799563007,32.5468961524909,21.3543634974185,148.938196415183,Post,90.3401863821437,22.4014164942608,0,0
6,mdcd,AM,spend_per_capita_mean,main,c2014,-3,15.5056743718277,23.2342830426459,-30.0335203917582,61.0448691354135,Pre,83.0814019449961,27.1846159104873,0,0.81128
6,mdcd,AM,spend_per_capita_mean,main,c2014,-2,6.65765271933229,16.4839513113955,-25.6508918510029,38.9661972896675,Pre,83.0814019449961,27.1846159104873,0,0.81128
6,mdcd,AM,spend_per_capita_mean,main,c2014,-1,5.72283233252304,10.2683574004434,-14.403148172346,25.8488128373921,Pre,83.0814019449961,27.1846159104873,0,0.81128
6,mdcd,AM,spend_per_capita_mean,main,c2014,0,72.3549054895782,21.311297055697,30.5847632604121,114.125047718744,Post,83.0814019449961,27.1846159104873,0,0.81128
6,mdcd,AM,spend_per_capita_mean,main,c2014,1,101.587743157964,26.4235379664944,49.7976087436348,153.377877572293,Post,83.0814019449961,27.1846159104873,0,0.81128
6,mdcd,AM,spend_per_capita_mean,main,c2014,2,78.3629296098539,30.4964554457449,18.5898769361939,138.135982283514,Post,83.0814019449961,27.1846159104873,0,0.81128
6,mdcd,AM,spend_per_capita_mean,main,c2014,3,77.955151511284,30.2727540552079,18.6205535630765,137.289749459492,Post,83.0814019449961,27.1846159104873,0,0.81128
6,mdcd,AM,spend_per_capita_mean,main,c2014,4,85.1462799563007,34.5002133474773,17.5258617952452,152.766698117356,Post,83.0814019449961,27.1846159104873,0,0.81128
7,mdcd,AM,spend_per_capita_mean,sens,all_cohorts,-6,-3.92714494167439,8.18568233777992,-19.971082323723,12.1167924403743,Pre,125.117526700565,18.7277271725778,0,0
7,mdcd,AM,spend_per_capita_mean,sens,all_cohorts,-5,-7.30738267187575,47.2762034828268,-99.9687414982163,85.3539761544648,Pre,125.117526700565,18.7277271725778,0,0
7,mdcd,AM,spend_per_capita_mean,sens,all_cohorts,-4,12.2803093494468,25.3883414890633,-37.4808399691172,62.0414586680108,Pre,125.117526700565,18.7277271725778,0,0
7,mdcd,AM,spend_per_capita_mean,sens,all_cohorts,-3,1.06143348774475,17.6776795231524,-33.586818377634,35.7096853531235,Pre,125.117526700565,18.7277271725778,0,0
7,mdcd,AM,spend_per_capita_mean,sens,all_cohorts,-2,14.081609339567,10.3680725248819,-6.23981280920143,34.4030314883355,Pre,125.117526700565,18.7277271725778,0,0
7,mdcd,AM,spend_per_capita_mean,sens,all_cohorts,-1,19.2945842853287,8.51063751903968,2.61373474801097,35.9754338226465,Pre,125.117526700565,18.7277271725778,0,0
7,mdcd,AM,spend_per_capita_mean,sens,all_cohorts,0,86.5557079690877,12.3900529739502,62.2712041401454,110.84021179803,Post,125.117526700565,18.7277271725778,0,0
7,mdcd,AM,spend_per_capita_mean,sens,all_cohorts,1,128.113876780771,16.4908002422181,95.7919083060233,160.435845255518,Post,125.117526700565,18.7277271725778,0,0
7,mdcd,AM,spend_per_capita_mean,sens,all_cohorts,2,141.313181176297,21.4544983617105,99.2623643873443,183.36399796525,Post,125.117526700565,18.7277271725778,0,0
7,mdcd,AM,spend_per_capita_mean,sens,all_cohorts,3,132.796815153321,22.0009150154186,89.6750217231001,175.918608583541,Post,125.117526700565,18.7277271725778,0,0
7,mdcd,AM,spend_per_capita_mean,sens,all_cohorts,4,141.957911957199,26.4078990020449,90.1984299131907,193.717394001207,Post,125.117526700565,18.7277271725778,0,0
8,mdcd,AM,spend_per_capita_mean,sens,c2014,-3,4.10185807669656,17.0214019169468,-29.2600896805192,37.4638058339124,Pre,127.282002491075,18.8203463164777,0,0.66084
8,mdcd,AM,spend_per_capita_mean,sens,c2014,-2,0.237777015762824,8.94784384038744,-17.2999969113966,17.7755509429222,Pre,127.282002491075,18.8203463164777,0,0.66084
8,mdcd,AM,spend_per_capita_mean,sens,c2014,-1,12.0536641037393,10.0558232663356,-7.65574949827842,31.7630777057571,Pre,127.282002491075,18.8203463164777,0,0.66084
8,mdcd,AM,spend_per_capita_mean,sens,c2014,0,96.50078544243,14.5362993544358,68.0096387077358,124.991932177124,Post,127.282002491075,18.8203463164777,0,0.66084
8,mdcd,AM,spend_per_capita_mean,sens,c2014,1,126.036759804057,18.2867695238038,90.1946915374018,161.878828070713,Post,127.282002491075,18.8203463164777,0,0.66084
8,mdcd,AM,spend_per_capita_mean,sens,c2014,2,135.792176029947,20.6485872076038,95.3209451030434,176.26340695685,Post,127.282002491075,18.8203463164777,0,0.66084
8,mdcd,AM,spend_per_capita_mean,sens,c2014,3,136.122379221744,21.5811377248821,93.8233492809748,178.421409162513,Post,127.282002491075,18.8203463164777,0,0.66084
8,mdcd,AM,spend_per_capita_mean,sens,c2014,4,141.957911957199,27.5224539104928,88.0139022926328,195.901921621764,Post,127.282002491075,18.8203463164777,0,0.66084
9,mdcd,AM,spend_per_vol_mean,main,all_cohorts,-6,0.23930315274953,1.87551245704512,-3.43670126305891,3.91530756855797,Pre,7.46999393550934,3.54076930365366,0,0
9,mdcd,AM,spend_per_vol_mean,main,all_cohorts,-5,12.7705431912305,5.24913830532702,2.48223211278959,23.0588542696715,Pre,7.46999393550934,3.54076930365366,0,0
9,mdcd,AM,spend_per_vol_mean,main,all_cohorts,-4,9.18564569367756,4.48673874586162,0.391637751788789,17.9796536355663,Pre,7.46999393550934,3.54076930365366,0,0
9,mdcd,AM,spend_per_vol_mean,main,all_cohorts,-3,4.04139280435644,3.9073892946522,-3.61709021316188,11.6998758218748,Pre,7.46999393550934,3.54076930365366,0,0
9,mdcd,AM,spend_per_vol_mean,main,all_cohorts,-2,7.22015539659766,3.99328140746049,-0.606676162024908,15.0469869552202,Pre,7.46999393550934,3.54076930365366,0,0
9,mdcd,AM,spend_per_vol_mean,main,all_cohorts,-1,4.89191402755811,3.38313283557948,-1.73902633017767,11.5228543852939,Pre,7.46999393550934,3.54076930365366,0,0
9,mdcd,AM,spend_per_vol_mean,main,all_cohorts,0,8.21582114475075,3.99298989513762,0.389560950281013,16.0420813392205,Post,7.46999393550934,3.54076930365366,0,0
9,mdcd,AM,spend_per_vol_mean,main,all_cohorts,1,9.899858486008,6.0247443500258,-1.90864044004256,21.7083574120586,Post,7.46999393550934,3.54076930365366,0,0
9,mdcd,AM,spend_per_vol_mean,main,all_cohorts,2,11.0363158453059,3.38525704011728,4.40121204667607,17.6714196439358,Post,7.46999393550934,3.54076930365366,0,0
9,mdcd,AM,spend_per_vol_mean,main,all_cohorts,3,6.44021802619094,6.44908263131924,-6.19998393119477,19.0804199835766,Post,7.46999393550934,3.54076930365366,0,0
9,mdcd,AM,spend_per_vol_mean,main,all_cohorts,4,0.136218333330845,11.2903155288111,-21.992800103139,22.2652367698007,Post,7.46999393550934,3.54076930365366,0,0
10,mdcd,AM,spend_per_vol_mean,main,c2014,-3,8.68552038812122,2.14793673062777,4.47556439609079,12.8954763801516,Pre,8.77370944578277,3.90839056993247,0,0.00098
10,mdcd,AM,spend_per_vol_mean,main,c2014,-2,10.0719182345471,2.94107627970409,4.30740872632711,15.8364277427671,Pre,8.77370944578277,3.90839056993247,0,0.00098
10,mdcd,AM,spend_per_vol_mean,main,c2014,-1,7.57459983624726,3.45196756734938,0.808743404242473,14.3404562682521,Pre,8.77370944578277,3.90839056993247,0,0.00098
10,mdcd,AM,spend_per_vol_mean,main,c2014,0,9.96987901414458,3.39241848110875,3.32073879117142,16.6190192371177,Post,8.77370944578277,3.90839056993247,0,0.00098
10,mdcd,AM,spend_per_vol_mean,main,c2014,1,15.6031060680462,3.63436171545456,8.47975710575524,22.7264550303371,Post,8.77370944578277,3.90839056993247,0,0.00098
10,mdcd,AM,spend_per_vol_mean,main,c2014,2,12.2775611995737,4.29380201555604,3.86170924908383,20.6934131500635,Post,8.77370944578277,3.90839056993247,0,0.00098
10,mdcd,AM,spend_per_vol_mean,main,c2014,3,5.88178261381856,6.54384786829108,-6.94415920803196,18.7077244356691,Post,8.77370944578277,3.90839056993247,0,0.00098
10,mdcd,AM,spend_per_vol_mean,main,c2014,4,0.136218333330845,10.4266098752645,-20.2999370221875,20.5723736888492,Post,8.77370944578277,3.90839056993247,0,0.00098
11,mdcd,AM,spend_per_vol_mean,sens,all_cohorts,-6,2.79276193812941,1.99669808031409,-1.1207662992862,6.70629017554502,Pre,5.08095015427932,2.00192602909322,0,0
11,mdcd,AM,spend_per_vol_mean,sens,all_cohorts,-5,14.6665913719926,5.91440843064234,3.07435084793357,26.2588318960516,Pre,5.08095015427932,2.00192602909322,0,0
11,mdcd,AM,spend_per_vol_mean,sens,all_cohorts,-4,9.13116842375663,5.00910084429156,-0.68666923105482,18.9490060785681,Pre,5.08095015427932,2.00192602909322,0,0
11,mdcd,AM,spend_per_vol_mean,sens,all_cohorts,-3,0.231850235725313,2.01455378773601,-3.71667518823727,4.1803756596879,Pre,5.08095015427932,2.00192602909322,0,0
11,mdcd,AM,spend_per_vol_mean,sens,all_cohorts,-2,1.09769204993138,2.31133146095804,-3.43251761354638,5.62790171340914,Pre,5.08095015427932,2.00192602909322,0,0
11,mdcd,AM,spend_per_vol_mean,sens,all_cohorts,-1,-0.82935990317373,2.27250923162178,-5.28347799715242,3.62475819080496,Pre,5.08095015427932,2.00192602909322,0,0
11,mdcd,AM,spend_per_vol_mean,sens,all_cohorts,0,0.953510579244936,2.82943343689206,-4.5921789570635,6.49920011555338,Post,5.08095015427932,2.00192602909322,0,0
11,mdcd,AM,spend_per_vol_mean,sens,all_cohorts,1,0.0169996470142831,3.48469167358855,-6.81299603321928,6.84699532724785,Post,5.08095015427932,2.00192602909322,0,0
11,mdcd,AM,spend_per_vol_mean,sens,all_cohorts,2,3.55968207185103,2.85447913584729,-2.03509703440965,9.15446117811171,Post,5.08095015427932,2.00192602909322,0,0
11,mdcd,AM,spend_per_vol_mean,sens,all_cohorts,3,9.7525205434646,2.75283515884269,4.35696363213292,15.1480774547963,Post,5.08095015427932,2.00192602909322,0,0
11,mdcd,AM,spend_per_vol_mean,sens,all_cohorts,4,13.5001430459461,5.11231696019646,3.48000180396104,23.5202842879312,Post,5.08095015427932,2.00192602909322,0,0
12,mdcd,AM,spend_per_vol_mean,sens,c2014,-3,2.88092180441035,2.57796658623118,-2.17189270460277,7.93373631342347,Pre,6.47097911716261,2.03324060324373,0,0.41774
12,mdcd,AM,spend_per_vol_mean,sens,c2014,-2,3.11872202623237,2.63170503938282,-2.03941985095796,8.27686390342271,Pre,6.47097911716261,2.03324060324373,0,0.41774
12,mdcd,AM,spend_per_vol_mean,sens,c2014,-1,3.75822258260163,2.45095515386273,-1.04564951896932,8.56209468417259,Pre,6.47097911716261,2.03324060324373,0,0.41774
12,mdcd,AM,spend_per_vol_mean,sens,c2014,0,2.03901700597865,2.29683881210752,-2.46278706575209,6.54082107770938,Post,6.47097911716261,2.03324060324373,0,0.41774
12,mdcd,AM,spend_per_vol_mean,sens,c2014,1,4.38052149833671,3.35708207235636,-2.19935936348175,10.9604023601552,Post,6.47097911716261,2.03324060324373,0,0.41774
12,mdcd,AM,spend_per_vol_mean,sens,c2014,2,3.52210611239969,3.40842192782505,-3.15840086613741,10.2026130909368,Post,6.47097911716261,2.03324060324373,0,0.41774
12,mdcd,AM,spend_per_vol_mean,sens,c2014,3,8.91310792315191,2.79913258483468,3.42680805687593,14.3994077894279,Post,6.47097911716261,2.03324060324373,0,0.41774
12,mdcd,AM,spend_per_vol_mean,sens,c2014,4,13.5001430459461,5.75963256617349,2.21126321624606,24.7890228756461,Post,6.47097911716261,2.03324060324373,0,0.41774
13,mdcd,AM,vol_per_bene_mean,main,all_cohorts,-6,152.896643130093,444.676569117959,-718.669432341106,1024.46271860129,Pre,-530.847926723359,745.965470224173,0,0
13,mdcd,AM,vol_per_bene_mean,main,all_cohorts,-5,-1130.76269032165,820.80858620422,-2739.54751928193,478.022138638616,Pre,-530.847926723359,745.965470224173,0,0
13,mdcd,AM,vol_per_bene_mean,main,all_cohorts,-4,5.5029072545791,1066.548225009,-2084.93161376307,2095.93742827222,Pre,-530.847926723359,745.965470224173,0,0
13,mdcd,AM,vol_per_bene_mean,main,all_cohorts,-3,434.586210789175,819.422372333864,-1171.4816389852,2040.65406056355,Pre,-530.847926723359,745.965470224173,0,0
13,mdcd,AM,vol_per_bene_mean,main,all_cohorts,-2,914.93785537863,756.767625278956,-568.326690168124,2398.20240092538,Pre,-530.847926723359,745.965470224173,0,0
13,mdcd,AM,vol_per_bene_mean,main,all_cohorts,-1,-378.449151231836,635.77979505506,-1624.57754953975,867.679247076081,Pre,-530.847926723359,745.965470224173,0,0
13,mdcd,AM,vol_per_bene_mean,main,all_cohorts,0,-655.156579229736,718.238486875079,-2062.90401350489,752.590855045418,Post,-530.847926723359,745.965470224173,0,0
13,mdcd,AM,vol_per_bene_mean,main,all_cohorts,1,-578.193477051089,816.618286996344,-2178.76531956392,1022.37836546175,Post,-530.847926723359,745.965470224173,0,0
13,mdcd,AM,vol_per_bene_mean,main,all_cohorts,2,-837.536872199153,968.949449946804,-2736.67779409489,1061.60404969658,Post,-530.847926723359,745.965470224173,0,0
13,mdcd,AM,vol_per_bene_mean,main,all_cohorts,3,-534.636703028055,862.211430082701,-2224.57110599015,1155.29769993404,Post,-530.847926723359,745.965470224173,0,0
13,mdcd,AM,vol_per_bene_mean,main,all_cohorts,4,73.407174755546,910.05889188819,-1710.30825334531,1857.1226028564,Post,-530.847926723359,745.965470224173,0,0
14,mdcd,AM,vol_per_bene_mean,main,c2014,-3,327.72199365016,689.747881491426,-1024.18385407303,1679.62784137335,Pre,-565.698059290657,925.410496831226,0,0.49762
14,mdcd,AM,vol_per_bene_mean,main,c2014,-2,-706.727877353624,620.208475609231,-1922.33648954772,508.880734840469,Pre,-565.698059290657,925.410496831226,0,0.49762
14,mdcd,AM,vol_per_bene_mean,main,c2014,-1,-743.591235752797,1055.94291545069,-2813.23935003615,1326.05687853055,Pre,-565.698059290657,925.410496831226,0,0.49762
14,mdcd,AM,vol_per_bene_mean,main,c2014,0,-182.506160238032,867.201913950673,-1882.22191158135,1517.20959110529,Post,-565.698059290657,925.410496831226,0,0.49762
14,mdcd,AM,vol_per_bene_mean,main,c2014,1,-1201.74376825275,1039.72537969554,-3239.60551245601,836.117975950517,Post,-565.698059290657,925.410496831226,0,0.49762
14,mdcd,AM,vol_per_bene_mean,main,c2014,2,-993.744996455655,1251.01971331618,-3445.74363455537,1458.25364164406,Post,-565.698059290657,925.410496831226,0,0.49762
14,mdcd,AM,vol_per_bene_mean,main,c2014,3,-523.902546262395,906.701262673979,-2301.03702110339,1253.23192857861,Post,-565.698059290657,925.410496831226,0,0.49762
14,mdcd,AM,vol_per_bene_mean,main,c2014,4,73.407174755546,1000.60859469926,-1887.785670855,2034.60002036609,Post,-565.698059290657,925.410496831226,0,0.49762
15,mdcd,AM,vol_per_bene_mean,sens,all_cohorts,-6,118.503151941504,270.135445230258,-410.962320709801,647.968624592809,Pre,75.3848468759503,483.542804014722,0,0
15,mdcd,AM,vol_per_bene_mean,sens,all_cohorts,-5,-1263.77669425071,783.540406911996,-2799.51589179823,271.962503296799,Pre,75.3848468759503,483.542804014722,0,0
15,mdcd,AM,vol_per_bene_mean,sens,all_cohorts,-4,-37.5038134131561,971.220457225782,-1941.09590957569,1866.08828274938,Pre,75.3848468759503,483.542804014722,0,0
15,mdcd,AM,vol_per_bene_mean,sens,all_cohorts,-3,332.438068892939,586.146934813643,-816.409923341802,1481.28606112768,Pre,75.3848468759503,483.542804014722,0,0
15,mdcd,AM,vol_per_bene_mean,sens,all_cohorts,-2,641.075455399896,582.952905563907,-501.512239505362,1783.66315030515,Pre,75.3848468759503,483.542804014722,0,0
15,mdcd,AM,vol_per_bene_mean,sens,all_cohorts,-1,142.562051869025,390.16855626162,-622.16831840375,907.292422141799,Pre,75.3848468759503,483.542804014722,0,0
15,mdcd,AM,vol_per_bene_mean,sens,all_cohorts,0,388.034328366176,669.456491432035,-924.100394840613,1700.16905157296,Post,75.3848468759503,483.542804014722,0,0
15,mdcd,AM,vol_per_bene_mean,sens,all_cohorts,1,590.577222698108,587.181684834363,-560.298879577243,1741.45332497346,Post,75.3848468759503,483.542804014722,0,0
15,mdcd,AM,vol_per_bene_mean,sens,all_cohorts,2,301.478872893977,632.325051563998,-937.878228171458,1540.83597395941,Post,75.3848468759503,483.542804014722,0,0
15,mdcd,AM,vol_per_bene_mean,sens,all_cohorts,3,-584.4029627426,549.202776118146,-1660.84040393417,492.034478448967,Post,75.3848468759503,483.542804014722,0,0
15,mdcd,AM,vol_per_bene_mean,sens,all_cohorts,4,-525.646975973479,698.130855499829,-1893.98345275314,842.689500806186,Post,75.3848468759503,483.542804014722,0,0
16,mdcd,AM,vol_per_bene_mean,sens,c2014,-3,-144.881090938214,472.539981946355,-1071.05945555307,781.297273676641,Pre,320.884048211272,587.835454796014,0,0.66304
16,mdcd,AM,vol_per_bene_mean,sens,c2014,-2,-166.446598107556,448.194897811144,-1044.9085978174,712.015401602286,Pre,320.884048211272,587.835454796014,0,0.66304
16,mdcd,AM,vol_per_bene_mean,sens,c2014,-1,-394.916386414149,545.73358652451,-1464.55421600219,674.72144317389,Pre,320.884048211272,587.835454796014,0,0.66304
16,mdcd,AM,vol_per_bene_mean,sens,c2014,0,1502.55814100543,589.888414832274,346.376847934171,2658.73943407669,Post,320.884048211272,587.835454796014,0,0.66304
16,mdcd,AM,vol_per_bene_mean,sens,c2014,1,561.741133731138,699.477484074973,-809.234735055809,1932.71700251808,Post,320.884048211272,587.835454796014,0,0.66304
16,mdcd,AM,vol_per_bene_mean,sens,c2014,2,472.893407037636,740.108182271568,-977.718630214636,1923.50544428991,Post,320.884048211272,587.835454796014,0,0.66304
16,mdcd,AM,vol_per_bene_mean,sens,c2014,3,-407.125464744364,630.752541363672,-1643.40044581716,829.149516328433,Post,320.884048211272,587.835454796014,0,0.66304
16,mdcd,AM,vol_per_bene_mean,sens,c2014,4,-525.646975973479,701.447062261647,-1900.48321800631,849.189266059349,Post,320.884048211272,587.835454796014,0,0.66304
17,mdcd,AM,vol_per_capita_mean,main,all_cohorts,-6,-160.47848129576,73.8535493800909,-305.231438080738,-15.7255245107816,Pre,289.72530459966,157.14370814925,0,0
17,mdcd,AM,vol_per_capita_mean,main,all_cohorts,-5,-165.455746263321,170.357606943507,-499.356655872596,168.445163345953,Pre,289.72530459966,157.14370814925,0,0
17,mdcd,AM,vol_per_capita_mean,main,all_cohorts,-4,0.330953295540262,135.472195034731,-265.194548972533,265.856455563614,Pre,289.72530459966,157.14370814925,0,0
17,mdcd,AM,vol_per_capita_mean,main,all_cohorts,-3,42.6699817607076,120.497989763286,-193.506078175333,278.846041696748,Pre,289.72530459966,157.14370814925,0,0
17,mdcd,AM,vol_per_capita_mean,main,all_cohorts,-2,147.505487730965,102.205069110311,-52.8164477252436,347.827423187174,Pre,289.72530459966,157.14370814925,0,0
17,mdcd,AM,vol_per_capita_mean,main,all_cohorts,-1,-16.4151550645741,72.5606486306724,-158.634026380692,125.803716251544,Pre,289.72530459966,157.14370814925,0,0
17,mdcd,AM,vol_per_capita_mean,main,all_cohorts,0,181.719235509781,110.800269065675,-35.4492918589429,398.887762878505,Post,289.72530459966,157.14370814925,0,0
17,mdcd,AM,vol_per_capita_mean,main,all_cohorts,1,356.811423561543,169.155366359887,25.2669054961642,688.355941626922,Post,289.72530459966,157.14370814925,0,0
17,mdcd,AM,vol_per_capita_mean,main,all_cohorts,2,220.792880918201,186.226658978068,-144.211370678813,585.797132515215,Post,289.72530459966,157.14370814925,0,0
17,mdcd,AM,vol_per_capita_mean,main,all_cohorts,3,306.865519780436,156.030920981947,1.0449146558193,612.686124905053,Post,289.72530459966,157.14370814925,0,0
17,mdcd,AM,vol_per_capita_mean,main,all_cohorts,4,408.382005126036,182.204362117553,51.2614553756317,765.502554876441,Post,289.72530459966,157.14370814925,0,0
18,mdcd,AM,vol_per_capita_mean,main,c2014,-3,34.3353490783909,111.697124718158,-184.591015369199,253.261713525981,Pre,240.465481604043,182.143027988322,0,0.59408
18,mdcd,AM,vol_per_capita_mean,main,c2014,-2,-75.3939338402303,86.2099294522276,-244.365395566596,93.5775278861358,Pre,240.465481604043,182.143027988322,0,0.59408
18,mdcd,AM,vol_per_capita_mean,main,c2014,-1,-62.2039373070717,82.2606772533552,-223.434864723648,99.0269901095044,Pre,240.465481604043,182.143027988322,0,0.59408
18,mdcd,AM,vol_per_capita_mean,main,c2014,0,154.152471970785,170.957968840789,-180.925146957162,489.230090898732,Post,240.465481604043,182.143027988322,0,0.59408
18,mdcd,AM,vol_per_capita_mean,main,c2014,1,206.530596474977,207.862137280255,-200.879192594322,613.940385544276,Post,240.465481604043,182.143027988322,0,0.59408
18,mdcd,AM,vol_per_capita_mean,main,c2014,2,147.719662103948,215.224204827625,-274.119779358198,569.559103566094,Post,240.465481604043,182.143027988322,0,0.59408
18,mdcd,AM,vol_per_capita_mean,main,c2014,3,285.542672344467,167.092522661007,-41.9586720711065,613.044016760041,Post,240.465481604043,182.143027988322,0,0.59408
18,mdcd,AM,vol_per_capita_mean,main,c2014,4,408.382005126036,177.411991627819,60.6545015355115,756.109508716561,Post,240.465481604043,182.143027988322,0,0.59408
19,mdcd,AM,vol_per_capita_mean,sens,all_cohorts,-6,-171.797782619912,48.353690462195,-266.571015925814,-77.0245493140096,Pre,463.984780459997,94.2959605752861,0,0
19,mdcd,AM,vol_per_capita_mean,sens,all_cohorts,-5,-200.302138346509,139.319004346543,-473.367386865732,72.7631101727143,Pre,463.984780459997,94.2959605752861,0,0
19,mdcd,AM,vol_per_capita_mean,sens,all_cohorts,-4,6.32479101372051,152.40564871346,-292.390280464662,305.039862492103,Pre,463.984780459997,94.2959605752861,0,0
19,mdcd,AM,vol_per_capita_mean,sens,all_cohorts,-3,38.6822752170495,87.8323899562936,-133.469209097286,210.833759531385,Pre,463.984780459997,94.2959605752861,0,0
19,mdcd,AM,vol_per_capita_mean,sens,all_cohorts,-2,67.3979836758464,65.1067832981853,-60.2113115885968,195.00727894029,Pre,463.984780459997,94.2959605752861,0,0
19,mdcd,AM,vol_per_capita_mean,sens,all_cohorts,-1,92.9881670047854,47.9230009012774,-0.940914761718318,186.917248771289,Pre,463.984780459997,94.2959605752861,0,0
19,mdcd,AM,vol_per_capita_mean,sens,all_cohorts,0,368.140496927273,65.2605890629257,240.229742363939,496.051251490608,Post,463.984780459997,94.2959605752861,0,0
19,mdcd,AM,vol_per_capita_mean,sens,all_cohorts,1,553.478463684522,96.2179483610479,364.891284896869,742.065642472176,Post,463.984780459997,94.2959605752861,0,0
19,mdcd,AM,vol_per_capita_mean,sens,all_cohorts,2,536.484013348585,109.657952344717,321.554426752941,751.41359994423,Post,463.984780459997,94.2959605752861,0,0
19,mdcd,AM,vol_per_capita_mean,sens,all_cohorts,3,442.156206681983,114.061039428639,218.59656940185,665.715843962116,Post,463.984780459997,94.2959605752861,0,0
19,mdcd,AM,vol_per_capita_mean,sens,all_cohorts,4,406.662502704015,149.747465983592,113.157469376174,700.167536031856,Post,463.984780459997,94.2959605752861,0,0
20,mdcd,AM,vol_per_capita_mean,sens,c2014,-3,-1.99208223109523,83.4404901091613,-165.535442845051,161.551278382861,Pre,469.844468197254,109.788636716504,0,0.69958
20,mdcd,AM,vol_per_capita_mean,sens,c2014,-2,-40.845148721069,41.0449979939482,-121.293344789207,39.6030473470695,Pre,469.844468197254,109.788636716504,0,0.69958
20,mdcd,AM,vol_per_capita_mean,sens,c2014,-1,49.0857049733529,58.2723217253877,-65.1280456084069,163.299455555113,Pre,469.844468197254,109.788636716504,0,0.69958
20,mdcd,AM,vol_per_capita_mean,sens,c2014,0,436.640560035814,92.974613825896,254.410316937058,618.87080313457,Post,469.844468197254,109.788636716504,0,0.69958
20,mdcd,AM,vol_per_capita_mean,sens,c2014,1,507.744466986489,103.760978359843,304.372949401196,711.115984571781,Post,469.844468197254,109.788636716504,0,0.69958
20,mdcd,AM,vol_per_capita_mean,sens,c2014,2,541.224661259487,122.670493745386,300.790493518531,781.658829000443,Post,469.844468197254,109.788636716504,0,0.69958
20,mdcd,AM,vol_per_capita_mean,sens,c2014,3,456.950150000468,131.290060475732,199.621631468032,714.278668532903,Post,469.844468197254,109.788636716504,0,0.69958
20,mdcd,AM,vol_per_capita_mean,sens,c2014,4,406.662502704015,154.690763055893,103.468607114465,709.856398293565,Post,469.844468197254,109.788636716504,0,0.69958
21,mdcd,ED,spend_per_bene_mean,main,all_cohorts,-6,1.22954952539267,1.696630331998,-2.0958459253234,4.55494497610875,Pre,-3.80485476311028,3.49502371792323,0,0
21,mdcd,ED,spend_per_bene_mean,main,all_cohorts,-5,0.294164651925042,7.03946300717407,-13.5031828421361,14.0915121459862,Pre,-3.80485476311028,3.49502371792323,0,0
21,mdcd,ED,spend_per_bene_mean,main,all_cohorts,-4,3.30492204228256,3.48143178690701,-3.51868426005518,10.1285283446203,Pre,-3.80485476311028,3.49502371792323,0,0
21,mdcd,ED,spend_per_bene_mean,main,all_cohorts,-3,-0.485370459917654,2.6936373917426,-5.76489974773315,4.79415882789784,Pre,-3.80485476311028,3.49502371792323,0,0
21,mdcd,ED,spend_per_bene_mean,main,all_cohorts,-2,5.32968092148288,3.1390040690913,-0.822767053936066,11.4821288969018,Pre,-3.80485476311028,3.49502371792323,0,0
21,mdcd,ED,spend_per_bene_mean,main,all_cohorts,-1,0.0448997379602188,2.39530922588815,-4.64990634478055,4.73970582070098,Pre,-3.80485476311028,3.49502371792323,0,0
21,mdcd,ED,spend_per_bene_mean,main,all_cohorts,0,-1.64266122512642,3.17978789747265,-7.87504550417281,4.58972305391998,Post,-3.80485476311028,3.49502371792323,0,0
21,mdcd,ED,spend_per_bene_mean,main,all_cohorts,1,-1.6462192580395,3.73722653486776,-8.97118326638031,5.67874475030131,Post,-3.80485476311028,3.49502371792323,0,0
21,mdcd,ED,spend_per_bene_mean,main,all_cohorts,2,-4.48629343283384,4.06182420794816,-12.4474688804122,3.47488201474455,Post,-3.80485476311028,3.49502371792323,0,0
21,mdcd,ED,spend_per_bene_mean,main,all_cohorts,3,-6.50073483962958,3.66511657853897,-13.684363333566,0.6828936543068,Post,-3.80485476311028,3.49502371792323,0,0
21,mdcd,ED,spend_per_bene_mean,main,all_cohorts,4,-5.47114630206137,4.64057767139007,-14.5666785379859,3.62438593386316,Post,-3.80485476311028,3.49502371792323,0,0
22,mdcd,ED,spend_per_bene_mean,main,c2014,-3,3.46788153867536,2.71907036921083,-1.86149638497787,8.79725946232859,Pre,-3.98875273186842,4.43963708407991,0,0.52206
22,mdcd,ED,spend_per_bene_mean,main,c2014,-2,0.0787006577231866,4.38281899551524,-8.51162457348668,8.66902588893305,Pre,-3.98875273186842,4.43963708407991,0,0.52206
22,mdcd,ED,spend_per_bene_mean,main,c2014,-1,-1.8998086244863,7.21156731343132,-16.0344805588117,12.2348633098391,Pre,-3.98875273186842,4.43963708407991,0,0.52206
22,mdcd,ED,spend_per_bene_mean,main,c2014,0,-0.177182084345879,4.34220697879869,-8.68790776279131,8.33354359409955,Post,-3.98875273186842,4.43963708407991,0,0.52206
22,mdcd,ED,spend_per_bene_mean,main,c2014,1,-2.37338371214666,4.24938943069547,-10.7021869963098,5.95541957201647,Post,-3.98875273186842,4.43963708407991,0,0.52206
22,mdcd,ED,spend_per_bene_mean,main,c2014,2,-4.77407987245852,5.12929617279934,-14.8275003711452,5.27934062622818,Post,-3.98875273186842,4.43963708407991,0,0.52206
22,mdcd,ED,spend_per_bene_mean,main,c2014,3,-7.14797168832969,4.31597291098638,-15.607278593863,1.31133521720361,Post,-3.98875273186842,4.43963708407991,0,0.52206
22,mdcd,ED,spend_per_bene_mean,main,c2014,4,-5.47114630206137,4.87167859513992,-15.0196363485356,4.07734374441288,Post,-3.98875273186842,4.43963708407991,0,0.52206
23,mdcd,ED,spend_per_bene_mean,sens,all_cohorts,-6,2.07244386879521,1.29591289714818,-0.467545409615225,4.61243314720565,Pre,1.79231177402003,2.78088107790123,0,0
23,mdcd,ED,spend_per_bene_mean,sens,all_cohorts,-5,0.722382980826937,7.33745209136321,-13.659023118245,15.1037890798988,Pre,1.79231177402003,2.78088107790123,0,0
23,mdcd,ED,spend_per_bene_mean,sens,all_cohorts,-4,2.15682294937398,3.36293245925702,-4.43452467076978,8.74817056951774,Pre,1.79231177402003,2.78088107790123,0,0
23,mdcd,ED,spend_per_bene_mean,sens,all_cohorts,-3,-1.24759494289542,2.10462052947136,-5.3726511806593,2.87746129486845,Pre,1.79231177402003,2.78088107790123,0,0
23,mdcd,ED,spend_per_bene_mean,sens,all_cohorts,-2,4.67304203638614,2.48485501722171,-0.197273797368423,9.54335787014069,Pre,1.79231177402003,2.78088107790123,0,0
23,mdcd,ED,spend_per_bene_mean,sens,all_cohorts,-1,-0.0351876857594825,2.54353202989598,-5.0205104643556,4.95013509283663,Pre,1.79231177402003,2.78088107790123,0,0
23,mdcd,ED,spend_per_bene_mean,sens,all_cohorts,0,1.89344080437126,2.19682693211388,-2.41233998257195,6.19922159131446,Post,1.79231177402003,2.78088107790123,0,0
23,mdcd,ED,spend_per_bene_mean,sens,all_cohorts,1,2.02397389177211,2.896070994055,-3.65232525657569,7.70027304011991,Post,1.79231177402003,2.78088107790123,0,0
23,mdcd,ED,spend_per_bene_mean,sens,all_cohorts,2,2.13607585169856,3.39897972231446,-4.52592440403777,8.7980761074349,Post,1.79231177402003,2.78088107790123,0,0
23,mdcd,ED,spend_per_bene_mean,sens,all_cohorts,3,0.250998974259882,3.44862693021238,-6.50830980895637,7.01030775747614,Post,1.79231177402003,2.78088107790123,0,0
23,mdcd,ED,spend_per_bene_mean,sens,all_cohorts,4,2.66634198385778,5.03544877920129,-7.20313762337675,12.5358215910923,Post,1.79231177402003,2.78088107790123,0,0
24,mdcd,ED,spend_per_bene_mean,sens,c2014,-3,-0.164227263534763,1.83208034740228,-3.75510474444324,3.42665021737371,Pre,3.34117083053456,4.13124467861746,0,0.6292
24,mdcd,ED,spend_per_bene_mean,sens,c2014,-2,3.82067251877521,3.86925928743037,-3.76307568458833,11.4044207221387,Pre,3.34117083053456,4.13124467861746,0,0.6292
24,mdcd,ED,spend_per_bene_mean,sens,c2014,-1,-5.05802851438415,5.02788409516157,-14.9126813409008,4.79662431213253,Pre,3.34117083053456,4.13124467861746,0,0.6292
24,mdcd,ED,spend_per_bene_mean,sens,c2014,0,5.82904155224954,3.6054562807052,-1.23765275793265,12.8957358624317,Post,3.34117083053456,4.13124467861746,0,0.6292
24,mdcd,ED,spend_per_bene_mean,sens,c2014,1,3.82835239831988,3.89868366018153,-3.81306757563593,11.4697723722757,Post,3.34117083053456,4.13124467861746,0,0.6292
24,mdcd,ED,spend_per_bene_mean,sens,c2014,2,3.66541519338892,4.67029970396798,-5.48837222638832,12.8192026131662,Post,3.34117083053456,4.13124467861746,0,0.6292
24,mdcd,ED,spend_per_bene_mean,sens,c2014,3,0.716703024856665,3.74061426006391,-6.61490092486859,8.04830697458192,Post,3.34117083053456,4.13124467861746,0,0.6292
24,mdcd,ED,spend_per_bene_mean,sens,c2014,4,2.66634198385778,4.29193865856178,-5.7458577869233,11.0785417546389,Post,3.34117083053456,4.13124467861746,0,0.6292
25,mdcd,ED,spend_per_capita_mean,main,all_cohorts,-6,-0.600628115653863,0.31378741661926,-1.21565145222761,0.0143952209198862,Pre,2.00399756513367,0.778491166981005,0,0
25,mdcd,ED,spend_per_capita_mean,main,all_cohorts,-5,0.418677025249391,1.55983946255708,-2.63860832136248,3.47596237186126,Pre,2.00399756513367,0.778491166981005,0,0
25,mdcd,ED,spend_per_capita_mean,main,all_cohorts,-4,0.189143643601472,0.625843362336244,-1.03750934657757,1.41579663378051,Pre,2.00399756513367,0.778491166981005,0,0
25,mdcd,ED,spend_per_capita_mean,main,all_cohorts,-3,-0.213754230869271,0.496669055376342,-1.1872255794069,0.759717117668359,Pre,2.00399756513367,0.778491166981005,0,0
25,mdcd,ED,spend_per_capita_mean,main,all_cohorts,-2,0.750360166456547,0.400972771725553,-0.0355464661255356,1.53626679903863,Pre,2.00399756513367,0.778491166981005,0,0
25,mdcd,ED,spend_per_capita_mean,main,all_cohorts,-1,0.420944082860761,0.315069454706229,-0.196592048363447,1.03848021408497,Pre,2.00399756513367,0.778491166981005,0,0
25,mdcd,ED,spend_per_capita_mean,main,all_cohorts,0,1.57042204502506,0.604181851707924,0.386225615677529,2.75461847437259,Post,2.00399756513367,0.778491166981005,0,0
25,mdcd,ED,spend_per_capita_mean,main,all_cohorts,1,2.90272901680387,0.790707798853655,1.35294173105071,4.45251630255704,Post,2.00399756513367,0.778491166981005,0,0
25,mdcd,ED,spend_per_capita_mean,main,all_cohorts,2,2.17331034809119,0.927865704152234,0.354693567952811,3.99192712822957,Post,2.00399756513367,0.778491166981005,0,0
25,mdcd,ED,spend_per_capita_mean,main,all_cohorts,3,1.6686957667309,0.888546982795322,-0.0728563195479355,3.41024785300973,Post,2.00399756513367,0.778491166981005,0,0
25,mdcd,ED,spend_per_capita_mean,main,all_cohorts,4,1.57418813607861,1.1973544158708,-0.772626519028162,3.92100279118537,Post,2.00399756513367,0.778491166981005,0,0
26,mdcd,ED,spend_per_capita_mean,main,c2014,-3,0.123674135013782,0.482736695424267,-0.82248978801778,1.06983805804534,Pre,1.71813331146146,0.968645290045512,0,0.81771
26,mdcd,ED,spend_per_capita_mean,main,c2014,-2,-0.0270885289749277,0.501933583513277,-1.01087835266095,0.956701294711094,Pre,1.71813331146146,0.968645290045512,0,0.81771
26,mdcd,ED,spend_per_capita_mean,main,c2014,-1,0.36658694826832,0.363538385904349,-0.345948288104203,1.07912218464084,Pre,1.71813331146146,0.968645290045512,0,0.81771
26,mdcd,ED,spend_per_capita_mean,main,c2014,0,1.42088924868269,0.833572057413888,-0.212911983848532,3.05469048121391,Post,1.71813331146146,0.968645290045512,0,0.81771
26,mdcd,ED,spend_per_capita_mean,main,c2014,1,2.40351284360573,0.888930720277265,0.661208631862293,4.14581705534917,Post,1.71813331146146,0.968645290045512,0,0.81771
26,mdcd,ED,spend_per_capita_mean,main,c2014,2,1.63605038952501,1.11587029638833,-0.551055391396113,3.82315617044613,Post,1.71813331146146,0.968645290045512,0,0.81771
26,mdcd,ED,spend_per_capita_mean,main,c2014,3,1.55602593941528,0.955625520211237,-0.317000080198748,3.4290519590293,Post,1.71813331146146,0.968645290045512,0,0.81771
26,mdcd,ED,spend_per_capita_mean,main,c2014,4,1.57418813607861,1.14636630583037,-0.672689823348918,3.82106609550613,Post,1.71813331146146,0.968645290045512,0,0.81771
27,mdcd,ED,spend_per_capita_mean,sens,all_cohorts,-6,-0.458425141855832,0.185170765293694,-0.821359841831472,-0.095490441880191,Pre,3.33628192107344,0.569103338166287,0,0
27,mdcd,ED,spend_per_capita_mean,sens,all_cohorts,-5,0.316861914094099,1.51302053661833,-2.64865833767783,3.28238216586603,Pre,3.33628192107344,0.569103338166287,0,0
27,mdcd,ED,spend_per_capita_mean,sens,all_cohorts,-4,0.0759103661802323,0.610764535386316,-1.12118812317695,1.27300885553741,Pre,3.33628192107344,0.569103338166287,0,0
27,mdcd,ED,spend_per_capita_mean,sens,all_cohorts,-3,-0.142162135239784,0.426467401811618,-0.978038242790555,0.693713972310988,Pre,3.33628192107344,0.569103338166287,0,0
27,mdcd,ED,spend_per_capita_mean,sens,all_cohorts,-2,0.557245373390092,0.273695784579754,0.0208016356137735,1.09368911116641,Pre,3.33628192107344,0.569103338166287,0,0
27,mdcd,ED,spend_per_capita_mean,sens,all_cohorts,-1,0.52734782227484,0.297911880372423,-0.056559463255109,1.11125510780479,Pre,3.33628192107344,0.569103338166287,0,0
27,mdcd,ED,spend_per_capita_mean,sens,all_cohorts,0,2.22256879272308,0.372853862615596,1.49177522199651,2.95336236344965,Post,3.33628192107344,0.569103338166287,0,0
27,mdcd,ED,spend_per_capita_mean,sens,all_cohorts,1,3.33053112483738,0.469260054150159,2.41078141870307,4.25028083097169,Post,3.33628192107344,0.569103338166287,0,0
27,mdcd,ED,spend_per_capita_mean,sens,all_cohorts,2,3.78746796778178,0.673367041664265,2.46766856611982,5.10726736944374,Post,3.33628192107344,0.569103338166287,0,0
27,mdcd,ED,spend_per_capita_mean,sens,all_cohorts,3,3.56479873910814,0.696117739371364,2.20040796994027,4.92918950827601,Post,3.33628192107344,0.569103338166287,0,0
27,mdcd,ED,spend_per_capita_mean,sens,all_cohorts,4,3.95378621042681,0.994868097119901,2.00384474007181,5.90372768078182,Post,3.33628192107344,0.569103338166287,0,0
28,mdcd,ED,spend_per_capita_mean,sens,c2014,-3,0.0843370623814001,0.326167715444429,-0.554951659889681,0.723625784652481,Pre,3.42170864734984,0.621869889396569,0,0.54072
28,mdcd,ED,spend_per_capita_mean,sens,c2014,-2,0.372159739000399,0.341361433558684,-0.296908670774621,1.04122814877542,Pre,3.42170864734984,0.621869889396569,0,0.54072
28,mdcd,ED,spend_per_capita_mean,sens,c2014,-1,0.125427605123743,0.383371499649308,-0.625980534188901,0.876835744436386,Pre,3.42170864734984,0.621869889396569,0,0.54072
28,mdcd,ED,spend_per_capita_mean,sens,c2014,0,2.43512645396765,0.462697945994803,1.52823847981784,3.34201442811747,Post,3.42170864734984,0.621869889396569,0,0.54072
28,mdcd,ED,spend_per_capita_mean,sens,c2014,1,3.3451655494927,0.51591639015437,2.33396942479013,4.35636167419526,Post,3.42170864734984,0.621869889396569,0,0.54072
28,mdcd,ED,spend_per_capita_mean,sens,c2014,2,3.69513160261559,0.69361882086245,2.33563871372519,5.05462449150599,Post,3.42170864734984,0.621869889396569,0,0.54072
28,mdcd,ED,spend_per_capita_mean,sens,c2014,3,3.67933342024645,0.716734082068584,2.27453461939203,5.08413222110088,Post,3.42170864734984,0.621869889396569,0,0.54072
28,mdcd,ED,spend_per_capita_mean,sens,c2014,4,3.95378621042681,0.955641263757175,2.08072933346275,5.82684308739088,Post,3.42170864734984,0.621869889396569,0,0.54072
29,mdcd,ED,spend_per_vol_mean,main,all_cohorts,-6,-0.153728616384017,0.816886092900227,-1.75482535846846,1.44736812570043,Pre,3.40677611421366,1.44867182733823,0,0
29,mdcd,ED,spend_per_vol_mean,main,all_cohorts,-5,3.53950111356872,3.56073636163858,-3.4395421552429,10.5185443823803,Pre,3.40677611421366,1.44867182733823,0,0
29,mdcd,ED,spend_per_vol_mean,main,all_cohorts,-4,1.63808704670135,2.68956516751156,-3.63346068162131,6.90963477502401,Pre,3.40677611421366,1.44867182733823,0,0
29,mdcd,ED,spend_per_vol_mean,main,all_cohorts,-3,2.66257396894336,1.41379653377437,-0.108467237254407,5.43361517514112,Pre,3.40677611421366,1.44867182733823,0,0
29,mdcd,ED,spend_per_vol_mean,main,all_cohorts,-2,3.63091314283591,1.70187646165226,0.295235277997485,6.96659100767434,Pre,3.40677611421366,1.44867182733823,0,0
29,mdcd,ED,spend_per_vol_mean,main,all_cohorts,-1,4.6195020669343,1.91392124548593,0.868216425781878,8.37078770808671,Pre,3.40677611421366,1.44867182733823,0,0
29,mdcd,ED,spend_per_vol_mean,main,all_cohorts,0,6.30362397353607,3.24664793605978,-0.0598059811410971,12.6670539282132,Post,3.40677611421366,1.44867182733823,0,0
29,mdcd,ED,spend_per_vol_mean,main,all_cohorts,1,6.87956255445547,2.12941474879862,2.70590964681018,11.0532154621008,Post,3.40677611421366,1.44867182733823,0,0
29,mdcd,ED,spend_per_vol_mean,main,all_cohorts,2,6.58737219376487,1.61260331223989,3.42666970177468,9.74807468575507,Post,3.40677611421366,1.44867182733823,0,0
29,mdcd,ED,spend_per_vol_mean,main,all_cohorts,3,-0.428972232199146,2.51084596257027,-5.35023031883687,4.49228585443858,Post,3.40677611421366,1.44867182733823,0,0
29,mdcd,ED,spend_per_vol_mean,main,all_cohorts,4,-4.39425677988969,4.99794777259498,-14.1902344141758,5.40172085439646,Post,3.40677611421366,1.44867182733823,0,0
30,mdcd,ED,spend_per_vol_mean,main,c2014,-3,4.63771019116824,1.43440077159612,1.82628467883984,7.44913570349664,Pre,3.71093672452157,1.54028350108175,0,0.00137
30,mdcd,ED,spend_per_vol_mean,main,c2014,-2,3.6264803642017,1.22289147697987,1.22961306932115,6.02334765908225,Pre,3.71093672452157,1.54028350108175,0,0.00137
30,mdcd,ED,spend_per_vol_mean,main,c2014,-1,5.31786514878532,2.7615525574896,-0.0947778638942918,10.7305081614649,Pre,3.71093672452157,1.54028350108175,0,0.00137
30,mdcd,ED,spend_per_vol_mean,main,c2014,0,6.52695458316749,1.81492673849739,2.9696981757126,10.0842109906224,Post,3.71093672452157,1.54028350108175,0,0.00137
30,mdcd,ED,spend_per_vol_mean,main,c2014,1,9.91046503479355,2.44821540485679,5.11196284127424,14.7089672283129,Post,3.71093672452157,1.54028350108175,0,0.00137
30,mdcd,ED,spend_per_vol_mean,main,c2014,2,7.14303930100142,1.95905778956835,3.30328603344745,10.9827925685554,Post,3.71093672452157,1.54028350108175,0,0.00137
30,mdcd,ED,spend_per_vol_mean,main,c2014,3,-0.63151851646494,2.74130544233926,-6.00447718344989,4.74144015052001,Post,3.71093672452157,1.54028350108175,0,0.00137
30,mdcd,ED,spend_per_vol_mean,main,c2014,4,-4.39425677988969,4.928046304323,-14.0532275363628,5.26471397658339,Post,3.71093672452157,1.54028350108175,0,0.00137
31,mdcd,ED,spend_per_vol_mean,sens,all_cohorts,-6,0.937341181995125,0.702347709916655,-0.439260329441519,2.31394269343177,Pre,0.94128863748449,1.5549440061045,0,0
31,mdcd,ED,spend_per_vol_mean,sens,all_cohorts,-5,3.97784499374493,3.82564811078623,-3.52042530339609,11.4761152908859,Pre,0.94128863748449,1.5549440061045,0,0
31,mdcd,ED,spend_per_vol_mean,sens,all_cohorts,-4,1.26620728814044,2.72051659801091,-4.06600524396095,6.59841982024183,Pre,0.94128863748449,1.5549440061045,0,0
31,mdcd,ED,spend_per_vol_mean,sens,all_cohorts,-3,1.05773741251782,0.843204887471922,-0.594944166927149,2.71041899196279,Pre,0.94128863748449,1.5549440061045,0,0
31,mdcd,ED,spend_per_vol_mean,sens,all_cohorts,-2,1.53611464893701,1.19714337673023,-0.810286369454251,3.88251566732827,Pre,0.94128863748449,1.5549440061045,0,0
31,mdcd,ED,spend_per_vol_mean,sens,all_cohorts,-1,0.810016831135296,1.47397057487921,-2.07896549562795,3.69899915789854,Pre,0.94128863748449,1.5549440061045,0,0
31,mdcd,ED,spend_per_vol_mean,sens,all_cohorts,0,2.84256691199406,3.05019534913323,-3.13581597230707,8.82094979629518,Post,0.94128863748449,1.5549440061045,0,0
31,mdcd,ED,spend_per_vol_mean,sens,all_cohorts,1,1.92934226208635,1.69542783247175,-1.39369628955828,5.25238081373097,Post,0.94128863748449,1.5549440061045,0,0
31,mdcd,ED,spend_per_vol_mean,sens,all_cohorts,2,2.68733690421978,1.8446080025206,-0.928094780720595,6.30276858916015,Post,0.94128863748449,1.5549440061045,0,0
31,mdcd,ED,spend_per_vol_mean,sens,all_cohorts,3,-0.45342934679764,2.55573383639897,-5.46266766613961,4.55580897254433,Post,0.94128863748449,1.5549440061045,0,0
31,mdcd,ED,spend_per_vol_mean,sens,all_cohorts,4,-3.36007190173391,5.03131106829844,-13.2214415955988,6.50129779213103,Post,0.94128863748449,1.5549440061045,0,0
32,mdcd,ED,spend_per_vol_mean,sens,c2014,-3,1.85765352371932,0.817650249712495,0.255059034282834,3.46024801315581,Pre,0.524714000798469,1.70081181798719,0,0.03833
32,mdcd,ED,spend_per_vol_mean,sens,c2014,-2,1.5253663902488,1.07425475540242,-0.580172930339951,3.63090571083755,Pre,0.524714000798469,1.70081181798719,0,0.03833
32,mdcd,ED,spend_per_vol_mean,sens,c2014,-1,2.59552204759954,1.40019668849923,-0.148863461858939,5.33990755705803,Pre,0.524714000798469,1.70081181798719,0,0.03833
32,mdcd,ED,spend_per_vol_mean,sens,c2014,0,1.47692393788048,1.50870136657495,-1.48013074060643,4.43397861636739,Post,0.524714000798469,1.70081181798719,0,0.03833
32,mdcd,ED,spend_per_vol_mean,sens,c2014,1,2.98806230598599,1.97462149199663,-0.882195818327391,6.85832043029938,Post,0.524714000798469,1.70081181798719,0,0.03833
32,mdcd,ED,spend_per_vol_mean,sens,c2014,2,2.58757897015641,2.16404078268405,-1.65394096390433,6.82909890421714,Post,0.524714000798469,1.70081181798719,0,0.03833
32,mdcd,ED,spend_per_vol_mean,sens,c2014,3,-1.06892330829663,2.67172613422824,-6.30550653138397,4.16765991479072,Post,0.524714000798469,1.70081181798719,0,0.03833
32,mdcd,ED,spend_per_vol_mean,sens,c2014,4,-3.36007190173391,5.25479817214638,-13.6594763191408,6.93933251567299,Post,0.524714000798469,1.70081181798719,0,0.03833
33,mdcd,ED,vol_per_bene_mean,main,all_cohorts,-6,224.37661947042,62.3323613705982,102.205191184048,346.548047756793,Pre,-74.5955701696143,64.1147104582474,0,0
33,mdcd,ED,vol_per_bene_mean,main,all_cohorts,-5,-25.2951351132794,57.3657857043831,-137.73207509387,87.1418048673115,Pre,-74.5955701696143,64.1147104582474,0,0
33,mdcd,ED,vol_per_bene_mean,main,all_cohorts,-4,78.4312355647331,81.7999695692137,-81.8967047909257,238.759175920392,Pre,-74.5955701696143,64.1147104582474,0,0
33,mdcd,ED,vol_per_bene_mean,main,all_cohorts,-3,82.5602722344035,71.8369439955376,-58.2401379968502,223.360682465657,Pre,-74.5955701696143,64.1147104582474,0,0
33,mdcd,ED,vol_per_bene_mean,main,all_cohorts,-2,131.32367115937,57.3504509843405,18.9167872300626,243.730555088677,Pre,-74.5955701696143,64.1147104582474,0,0
33,mdcd,ED,vol_per_bene_mean,main,all_cohorts,-1,-0.175838689054129,55.5290269714359,-109.012731553069,108.66105417496,Pre,-74.5955701696143,64.1147104582474,0,0
33,mdcd,ED,vol_per_bene_mean,main,all_cohorts,0,-76.6315112279554,75.9317832745283,-225.457806446031,72.1947839901201,Post,-74.5955701696143,64.1147104582474,0,0
33,mdcd,ED,vol_per_bene_mean,main,all_cohorts,1,-154.683231530491,71.9668496483507,-295.738256841258,-13.6282062197234,Post,-74.5955701696143,64.1147104582474,0,0
33,mdcd,ED,vol_per_bene_mean,main,all_cohorts,2,-105.024338634457,71.2854067083354,-244.743735782794,34.6950585138807,Post,-74.5955701696143,64.1147104582474,0,0
33,mdcd,ED,vol_per_bene_mean,main,all_cohorts,3,-34.4945522850897,76.0798113117156,-183.610982456052,114.621877885873,Post,-74.5955701696143,64.1147104582474,0,0
33,mdcd,ED,vol_per_bene_mean,main,all_cohorts,4,23.3411737927214,107.647691020825,-187.648300608096,234.330648193539,Post,-74.5955701696143,64.1147104582474,0,0
34,mdcd,ED,vol_per_bene_mean,main,c2014,-3,266.615284974207,127.961793226099,15.8101702510543,517.420399697361,Pre,-67.3137561604601,79.1397888706793,0,0.18633
34,mdcd,ED,vol_per_bene_mean,main,c2014,-2,71.8294420945904,84.9649823352317,-94.7019232824638,238.360807471645,Pre,-67.3137561604601,79.1397888706793,0,0.18633
34,mdcd,ED,vol_per_bene_mean,main,c2014,-1,-10.9044094727256,153.562173456879,-311.886269448209,290.077450502758,Pre,-67.3137561604601,79.1397888706793,0,0.18633
34,mdcd,ED,vol_per_bene_mean,main,c2014,0,-38.8699324073933,66.7333204330298,-169.667240456132,91.9273756413451,Post,-67.3137561604601,79.1397888706793,0,0.18633
34,mdcd,ED,vol_per_bene_mean,main,c2014,1,-192.933459024112,87.0834843675067,-363.617088384425,-22.249829663799,Post,-67.3137561604601,79.1397888706793,0,0.18633
34,mdcd,ED,vol_per_bene_mean,main,c2014,2,-96.0250067834403,96.015492639108,-284.215372356092,92.1653587892114,Post,-67.3137561604601,79.1397888706793,0,0.18633
34,mdcd,ED,vol_per_bene_mean,main,c2014,3,-32.0815563800762,75.368972645603,-179.804742765458,115.641630005306,Post,-67.3137561604601,79.1397888706793,0,0.18633
34,mdcd,ED,vol_per_bene_mean,main,c2014,4,23.3411737927214,105.553590223495,-183.543863045329,230.226210630772,Post,-67.3137561604601,79.1397888706793,0,0.18633
35,mdcd,ED,vol_per_bene_mean,sens,all_cohorts,-6,183.988113446724,35.1852972297547,115.024930876405,252.951296017044,Pre,7.54320205984934,61.8849790495655,0,0
35,mdcd,ED,vol_per_bene_mean,sens,all_cohorts,-5,-10.5445733728848,58.68074956113,-125.5588425127,104.46969576693,Pre,7.54320205984934,61.8849790495655,0,0
35,mdcd,ED,vol_per_bene_mean,sens,all_cohorts,-4,73.820377190472,82.6217739626247,-88.1182997762725,235.759054157216,Pre,7.54320205984934,61.8849790495655,0,0
35,mdcd,ED,vol_per_bene_mean,sens,all_cohorts,-3,15.5726394186452,54.4587932781219,-91.1665954064737,122.311874243764,Pre,7.54320205984934,61.8849790495655,0,0
35,mdcd,ED,vol_per_bene_mean,sens,all_cohorts,-2,75.5654201311843,43.0167730859234,-8.74745511722561,159.878295379594,Pre,7.54320205984934,61.8849790495655,0,0
35,mdcd,ED,vol_per_bene_mean,sens,all_cohorts,-1,24.7653686081397,51.6047349044636,-76.379911804609,125.910649020888,Pre,7.54320205984934,61.8849790495655,0,0
35,mdcd,ED,vol_per_bene_mean,sens,all_cohorts,0,9.5214074481969,69.8667624736866,-127.417447000229,146.460261896623,Post,7.54320205984934,61.8849790495655,0,0
35,mdcd,ED,vol_per_bene_mean,sens,all_cohorts,1,23.0433551884011,60.7902597660556,-96.1055539530679,142.19226432987,Post,7.54320205984934,61.8849790495655,0,0
35,mdcd,ED,vol_per_bene_mean,sens,all_cohorts,2,10.1945222060943,77.4475095141351,-141.602596441611,161.991640853799,Post,7.54320205984934,61.8849790495655,0,0
35,mdcd,ED,vol_per_bene_mean,sens,all_cohorts,3,-29.2430305392116,78.611157170726,-183.320898593835,124.834837515411,Post,7.54320205984934,61.8849790495655,0,0
35,mdcd,ED,vol_per_bene_mean,sens,all_cohorts,4,23.0838466878228,108.89248433045,-190.345422599859,236.513115975505,Post,7.54320205984934,61.8849790495655,0,0
36,mdcd,ED,vol_per_bene_mean,sens,c2014,-3,66.7246870682975,92.1134012610708,-113.817579403401,247.266953539996,Pre,44.076392642577,85.4297020412972,0,0.63679
36,mdcd,ED,vol_per_bene_mean,sens,c2014,-2,78.1378765642178,88.1204944493112,-94.5782925564322,250.854045684868,Pre,44.076392642577,85.4297020412972,0,0.63679
36,mdcd,ED,vol_per_bene_mean,sens,c2014,-1,-32.6440115984646,112.849974806689,-253.829962219575,188.541939022646,Pre,44.076392642577,85.4297020412972,0,0.63679
36,mdcd,ED,vol_per_bene_mean,sens,c2014,0,116.843848786035,79.9515502568543,-39.8611897173995,273.548887289469,Post,44.076392642577,85.4297020412972,0,0.63679
36,mdcd,ED,vol_per_bene_mean,sens,c2014,1,43.5769088822084,89.0351665601063,-130.9320175756,218.085835340017,Post,44.076392642577,85.4297020412972,0,0.63679
36,mdcd,ED,vol_per_bene_mean,sens,c2014,2,44.4718031116763,96.8967504649499,-145.445827799625,234.389434022978,Post,44.076392642577,85.4297020412972,0,0.63679
36,mdcd,ED,vol_per_bene_mean,sens,c2014,3,-7.59444425485706,86.0213315201975,-176.196254034444,161.00736552473,Post,44.076392642577,85.4297020412972,0,0.63679
36,mdcd,ED,vol_per_bene_mean,sens,c2014,4,23.0838466878228,111.326024554919,-195.115161439818,241.282854815464,Post,44.076392642577,85.4297020412972,0,0.63679
37,mdcd,ED,vol_per_capita_mean,main,all_cohorts,-6,24.6849158098774,10.8961486701935,3.32846441629818,46.0413672034566,Pre,16.6911031099407,11.6814076837914,0,0
37,mdcd,ED,vol_per_capita_mean,main,all_cohorts,-5,1.46207746530837,9.11109873112129,-16.3956760476894,19.3198309783061,Pre,16.6911031099407,11.6814076837914,0,0
37,mdcd,ED,vol_per_capita_mean,main,all_cohorts,-4,6.60147182723395,14.8663765308761,-22.5366261732832,35.7395698277511,Pre,16.6911031099407,11.6814076837914,0,0
37,mdcd,ED,vol_per_capita_mean,main,all_cohorts,-3,4.06922990936859,11.4463230464655,-18.3655632617037,26.5040230804409,Pre,16.6911031099407,11.6814076837914,0,0
37,mdcd,ED,vol_per_capita_mean,main,all_cohorts,-2,16.3752654805829,9.25914209724504,-1.77265303001743,34.5231839911831,Pre,16.6911031099407,11.6814076837914,0,0
37,mdcd,ED,vol_per_capita_mean,main,all_cohorts,-1,1.70884367656181,7.13412605912406,-12.2740433993214,15.691730752445,Pre,16.6911031099407,11.6814076837914,0,0
37,mdcd,ED,vol_per_capita_mean,main,all_cohorts,0,8.65256257099217,9.85275219542353,-10.6588317320379,27.9639568740223,Post,16.6911031099407,11.6814076837914,0,0
37,mdcd,ED,vol_per_capita_mean,main,all_cohorts,1,8.51656397292,12.0644653277851,-15.1297880695389,32.1629160153789,Post,16.6911031099407,11.6814076837914,0,0
37,mdcd,ED,vol_per_capita_mean,main,all_cohorts,2,9.92529735011608,13.1704094267548,-15.8887051263234,35.7392998265555,Post,16.6911031099407,11.6814076837914,0,0
37,mdcd,ED,vol_per_capita_mean,main,all_cohorts,3,24.7152490934744,12.4972821118575,0.220576154233576,49.2099220327151,Post,16.6911031099407,11.6814076837914,0,0
37,mdcd,ED,vol_per_capita_mean,main,all_cohorts,4,36.8464007358063,17.3820811119839,2.77752175631784,70.9152797152948,Post,16.6911031099407,11.6814076837914,0,0
38,mdcd,ED,vol_per_capita_mean,main,c2014,-3,14.756218330939,26.7817070377549,-37.7359274630605,67.2483641249385,Pre,14.0371607119862,14.0410720671505,0,0.88233
38,mdcd,ED,vol_per_capita_mean,main,c2014,-2,1.94195855202253,13.0916039434656,-23.71758517717,27.601502281215,Pre,14.0371607119862,14.0410720671505,0,0.88233
38,mdcd,ED,vol_per_capita_mean,main,c2014,-1,-1.70775386526798,14.4923112770609,-30.1126839683073,26.6971762377713,Pre,14.0371607119862,14.0410720671505,0,0.88233
38,mdcd,ED,vol_per_capita_mean,main,c2014,0,4.30711313657696,12.6569872974897,-20.5005819665029,29.1148082396568,Post,14.0371607119862,14.0410720671505,0,0.88233
38,mdcd,ED,vol_per_capita_mean,main,c2014,1,-2.06807202867778,14.8939573734414,-31.2602284806229,27.1240844232673,Post,14.0371607119862,14.0410720671505,0,0.88233
38,mdcd,ED,vol_per_capita_mean,main,c2014,2,7.12627062416627,16.0911227735269,-24.4123300119465,38.664871260279,Post,14.0371607119862,14.0410720671505,0,0.88233
38,mdcd,ED,vol_per_capita_mean,main,c2014,3,23.9740910920592,12.8836050991642,-1.27777490230262,49.2259570864211,Post,14.0371607119862,14.0410720671505,0,0.88233
38,mdcd,ED,vol_per_capita_mean,main,c2014,4,36.8464007358063,16.3822904517964,4.73711145028528,68.9556900213273,Post,14.0371607119862,14.0410720671505,0,0.88233
39,mdcd,ED,vol_per_capita_mean,sens,all_cohorts,-6,14.2432097213942,6.66621060731347,1.17743693105982,27.3089825117286,Pre,30.873641602485,6.99735317112297,0,0
39,mdcd,ED,vol_per_capita_mean,sens,all_cohorts,-5,5.94010598300784,7.65306335792416,-9.05989819852353,20.9401101645392,Pre,30.873641602485,6.99735317112297,0,0
39,mdcd,ED,vol_per_capita_mean,sens,all_cohorts,-4,12.6402266737739,14.0111593949737,-14.8216457403746,40.1020990879224,Pre,30.873641602485,6.99735317112297,0,0
39,mdcd,ED,vol_per_capita_mean,sens,all_cohorts,-3,-7.02237942895796,10.3716372590755,-27.3507884567459,13.30602959883,Pre,30.873641602485,6.99735317112297,0,0
39,mdcd,ED,vol_per_capita_mean,sens,all_cohorts,-2,0.950672258471701,6.11733518743766,-11.0393047089061,12.9406492258495,Pre,30.873641602485,6.99735317112297,0,0
39,mdcd,ED,vol_per_capita_mean,sens,all_cohorts,-1,3.61740091414102,6.36951465742839,-8.86684781441862,16.1016496427007,Pre,30.873641602485,6.99735317112297,0,0
39,mdcd,ED,vol_per_capita_mean,sens,all_cohorts,0,18.9910803599987,6.78229065284651,5.69779068041954,32.2843700395779,Post,30.873641602485,6.99735317112297,0,0
39,mdcd,ED,vol_per_capita_mean,sens,all_cohorts,1,31.6752679068805,6.18504021803735,19.5525890795273,43.7979467342337,Post,30.873641602485,6.99735317112297,0,0
39,mdcd,ED,vol_per_capita_mean,sens,all_cohorts,2,31.530736212029,8.94754056824278,13.9935566982731,49.0679157257848,Post,30.873641602485,6.99735317112297,0,0
39,mdcd,ED,vol_per_capita_mean,sens,all_cohorts,3,33.1766440400337,9.01668700511274,15.5039375100128,50.8493505700547,Post,30.873641602485,6.99735317112297,0,0
39,mdcd,ED,vol_per_capita_mean,sens,all_cohorts,4,41.663078277352,13.6216768364579,14.9645916778946,68.3615648768094,Post,30.873641602485,6.99735317112297,0,0
40,mdcd,ED,vol_per_capita_mean,sens,c2014,-3,-7.95909006795842,18.416739628997,-44.0558997407925,28.1377196048757,Pre,32.9013608696499,8.58049321432301,0,0.95473
40,mdcd,ED,vol_per_capita_mean,sens,c2014,-2,-4.58630346000336,10.4717702315973,-25.110973113934,15.9383661939273,Pre,32.9013608696499,8.58049321432301,0,0.95473
40,mdcd,ED,vol_per_capita_mean,sens,c2014,-1,-5.14756685155501,11.3991510428446,-27.4899028955305,17.1947691924204,Pre,32.9013608696499,8.58049321432301,0,0.95473
40,mdcd,ED,vol_per_capita_mean,sens,c2014,0,23.9049330167593,6.92947276857204,10.3231663903581,37.4866996431605,Post,32.9013608696499,8.58049321432301,0,0.95473
40,mdcd,ED,vol_per_capita_mean,sens,c2014,1,30.132311557865,7.92497952365971,14.599351691492,45.665271424238,Post,32.9013608696499,8.58049321432301,0,0.95473
40,mdcd,ED,vol_per_capita_mean,sens,c2014,2,33.5266035925523,11.0839697817793,11.8020228202648,55.2511843648397,Post,32.9013608696499,8.58049321432301,0,0.95473
40,mdcd,ED,vol_per_capita_mean,sens,c2014,3,35.2798779037209,10.1600958927709,15.3660899538899,55.193665853552,Post,32.9013608696499,8.58049321432301,0,0.95473
40,mdcd,ED,vol_per_capita_mean,sens,c2014,4,41.663078277352,14.6686249087769,12.9125734561494,70.4135830985547,Post,32.9013608696499,8.58049321432301,0,0.95473
41,mdcd,IP,spend_per_bene_mean,main,all_cohorts,-6,96.8345965875039,57.1876589023519,-15.2532148611058,208.922408036114,Pre,25.184051195423,80.9056338187918,0,0
41,mdcd,IP,spend_per_bene_mean,main,all_cohorts,-5,-150.401856428787,162.806129501416,-469.501870251563,168.69815739399,Pre,25.184051195423,80.9056338187918,0,0
41,mdcd,IP,spend_per_bene_mean,main,all_cohorts,-4,156.070589257529,176.187853725467,-189.257604044386,501.398782559444,Pre,25.184051195423,80.9056338187918,0,0
41,mdcd,IP,spend_per_bene_mean,main,all_cohorts,-3,23.3098261394225,139.293705830883,-249.705837289108,296.325489567953,Pre,25.184051195423,80.9056338187918,0,0
41,mdcd,IP,spend_per_bene_mean,main,all_cohorts,-2,205.580228911828,81.6640751618491,45.5186415946034,365.641816229052,Pre,25.184051195423,80.9056338187918,0,0
41,mdcd,IP,spend_per_bene_mean,main,all_cohorts,-1,-70.8648144873755,72.5498963260148,-213.062611286364,71.3329823116135,Pre,25.184051195423,80.9056338187918,0,0
41,mdcd,IP,spend_per_bene_mean,main,all_cohorts,0,18.797461607856,90.6282827455008,-158.833972573326,196.428895789038,Post,25.184051195423,80.9056338187918,0,0
41,mdcd,IP,spend_per_bene_mean,main,all_cohorts,1,44.6522915281965,86.8253803597997,-125.525453977011,214.830037033404,Post,25.184051195423,80.9056338187918,0,0
41,mdcd,IP,spend_per_bene_mean,main,all_cohorts,2,6.78666277337559,118.605589315869,-225.680292285728,239.253617832479,Post,25.184051195423,80.9056338187918,0,0
41,mdcd,IP,spend_per_bene_mean,main,all_cohorts,3,-12.8013508295098,89.4920612143442,-188.205790809624,162.603089150605,Post,25.184051195423,80.9056338187918,0,0
41,mdcd,IP,spend_per_bene_mean,main,all_cohorts,4,73.7959501528217,78.115804225357,-79.311026128878,226.902926434521,Post,25.184051195423,80.9056338187918,0,0
42,mdcd,IP,spend_per_bene_mean,main,c2014,-3,123.901090092592,105.285981134621,-82.4594329312655,330.261613116448,Pre,68.2004422554539,96.2959912800444,0,0.19021
42,mdcd,IP,spend_per_bene_mean,main,c2014,-2,153.264977763489,134.871353611064,-111.082875314196,417.612830841173,Pre,68.2004422554539,96.2959912800444,0,0.19021
42,mdcd,IP,spend_per_bene_mean,main,c2014,-1,-13.5274442775466,171.336733617364,-349.34744216758,322.292553612487,Pre,68.2004422554539,96.2959912800444,0,0.19021
42,mdcd,IP,spend_per_bene_mean,main,c2014,0,167.512919769922,94.4577287674239,-17.6242286142287,352.650068154073,Post,68.2004422554539,96.2959912800444,0,0.19021
42,mdcd,IP,spend_per_bene_mean,main,c2014,1,54.3670108729355,105.475877986607,-152.365709980815,261.099731726686,Post,68.2004422554539,96.2959912800444,0,0.19021
42,mdcd,IP,spend_per_bene_mean,main,c2014,2,53.6903338127137,143.250060741441,-227.079785240511,334.460452865939,Post,68.2004422554539,96.2959912800444,0,0.19021
42,mdcd,IP,spend_per_bene_mean,main,c2014,3,-8.36400333112333,102.416340582751,-209.100030873315,192.372024211069,Post,68.2004422554539,96.2959912800444,0,0.19021
42,mdcd,IP,spend_per_bene_mean,main,c2014,4,73.7959501528217,87.4499893795923,-97.6060290311792,245.197929336823,Post,68.2004422554539,96.2959912800444,0,0.19021
43,mdcd,IP,spend_per_bene_mean,sens,all_cohorts,-6,147.183743218271,54.3117218073252,40.7327684759141,253.634717960629,Pre,-29.7814164635877,51.5025330851131,0,0
43,mdcd,IP,spend_per_bene_mean,sens,all_cohorts,-5,-149.232663538229,219.497707260928,-579.448169769649,280.98284269319,Pre,-29.7814164635877,51.5025330851131,0,0
43,mdcd,IP,spend_per_bene_mean,sens,all_cohorts,-4,151.047906814033,199.077548550636,-239.144088345213,541.239901973279,Pre,-29.7814164635877,51.5025330851131,0,0
43,mdcd,IP,spend_per_bene_mean,sens,all_cohorts,-3,-14.5433302823076,116.897187057762,-243.661816915522,214.575156350906,Pre,-29.7814164635877,51.5025330851131,0,0
43,mdcd,IP,spend_per_bene_mean,sens,all_cohorts,-2,65.6208863424222,63.427519002419,-58.697050902319,189.938823587164,Pre,-29.7814164635877,51.5025330851131,0,0
43,mdcd,IP,spend_per_bene_mean,sens,all_cohorts,-1,1.83705308889589,53.50405127978,-103.030887419473,106.704993597265,Pre,-29.7814164635877,51.5025330851131,0,0
43,mdcd,IP,spend_per_bene_mean,sens,all_cohorts,0,38.655863051383,56.1982504918287,-71.4927079126013,148.804434015367,Post,-29.7814164635877,51.5025330851131,0,0
43,mdcd,IP,spend_per_bene_mean,sens,all_cohorts,1,11.1798453991633,54.9126845151357,-96.4490162505026,118.808707048829,Post,-29.7814164635877,51.5025330851131,0,0
43,mdcd,IP,spend_per_bene_mean,sens,all_cohorts,2,-29.8705081063523,61.2640139624034,-149.947975472663,90.2069592599584,Post,-29.7814164635877,51.5025330851131,0,0
43,mdcd,IP,spend_per_bene_mean,sens,all_cohorts,3,-88.7861351383167,63.1371383740421,-212.534926351439,34.9626560748057,Post,-29.7814164635877,51.5025330851131,0,0
43,mdcd,IP,spend_per_bene_mean,sens,all_cohorts,4,-103.615790874347,68.0332280314752,-236.960917816038,29.7293360673444,Post,-29.7814164635877,51.5025330851131,0,0
44,mdcd,IP,spend_per_bene_mean,sens,c2014,-3,-74.9449792253778,75.3090910977779,-222.550797777023,72.6608393262669,Pre,10.6293845872323,53.9879856436265,0,0.7288
44,mdcd,IP,spend_per_bene_mean,sens,c2014,-2,68.2093368845844,89.8415578949071,-107.880116589433,244.298790358602,Pre,10.6293845872323,53.9879856436265,0,0.7288
44,mdcd,IP,spend_per_bene_mean,sens,c2014,-1,-29.6109567524567,95.4546153428894,-216.70200282452,157.480089319607,Pre,10.6293845872323,53.9879856436265,0,0.7288
44,mdcd,IP,spend_per_bene_mean,sens,c2014,0,185.032666208176,61.5223959350905,64.4487701753985,305.616562240953,Post,10.6293845872323,53.9879856436265,0,0.7288
44,mdcd,IP,spend_per_bene_mean,sens,c2014,1,49.7501233541493,54.0016805953805,-56.0931706127964,155.593417321095,Post,10.6293845872323,53.9879856436265,0,0.7288
44,mdcd,IP,spend_per_bene_mean,sens,c2014,2,6.05306183265337,73.3111156059143,-137.636724754939,149.742848420245,Post,10.6293845872323,53.9879856436265,0,0.7288
44,mdcd,IP,spend_per_bene_mean,sens,c2014,3,-84.0731375844698,66.3340247047793,-214.087826005837,45.9415508368977,Post,10.6293845872323,53.9879856436265,0,0.7288
44,mdcd,IP,spend_per_bene_mean,sens,c2014,4,-103.615790874347,68.9200618375434,-238.699112075932,31.467530327238,Post,10.6293845872323,53.9879856436265,0,0.7288
45,mdcd,IP,spend_per_capita_mean,main,all_cohorts,-6,-6.89105445252931,10.0132422865729,-26.5170093342122,12.7349004291536,Pre,71.8303551995001,14.7934861430883,0,0
45,mdcd,IP,spend_per_capita_mean,main,all_cohorts,-5,-10.8351256291661,29.1311159621311,-67.9321129149431,46.2618616566108,Pre,71.8303551995001,14.7934861430883,0,0
45,mdcd,IP,spend_per_capita_mean,main,all_cohorts,-4,19.6429857779781,34.06611036987,-47.126590546967,86.4125621029233,Pre,71.8303551995001,14.7934861430883,0,0
45,mdcd,IP,spend_per_capita_mean,main,all_cohorts,-3,0.375600454092453,25.7430511311037,-50.0807797628707,50.8319806710557,Pre,71.8303551995001,14.7934861430883,0,0
45,mdcd,IP,spend_per_capita_mean,main,all_cohorts,-2,30.306063513173,14.3722988455972,2.13635777580252,58.4757692505434,Pre,71.8303551995001,14.7934861430883,0,0
45,mdcd,IP,spend_per_capita_mean,main,all_cohorts,-1,-7.11868164082117,11.8457831036569,-30.3364165239886,16.0990532423463,Pre,71.8303551995001,14.7934861430883,0,0
45,mdcd,IP,spend_per_capita_mean,main,all_cohorts,0,54.7698628050458,15.9918937219718,23.4257511099812,86.1139745001105,Post,71.8303551995001,14.7934861430883,0,0
45,mdcd,IP,spend_per_capita_mean,main,all_cohorts,1,88.7943412906076,17.1335033467929,55.2126747308935,122.376007850322,Post,71.8303551995001,14.7934861430883,0,0
45,mdcd,IP,spend_per_capita_mean,main,all_cohorts,2,73.625484788469,21.0877958889635,32.2934048461006,114.957564730838,Post,71.8303551995001,14.7934861430883,0,0
45,mdcd,IP,spend_per_capita_mean,main,all_cohorts,3,66.6777440077664,17.3906756711065,32.5920196923975,100.763468323135,Post,71.8303551995001,14.7934861430883,0,0
45,mdcd,IP,spend_per_capita_mean,main,all_cohorts,4,75.4988471122039,20.4219650947299,35.4717955265333,115.525898697875,Post,71.8303551995001,14.7934861430883,0,0
46,mdcd,IP,spend_per_capita_mean,main,c2014,-3,10.6476031939275,17.546478970244,-23.7434955877507,45.0387019756057,Pre,74.0612335405694,17.8687620120444,0,0.72339
46,mdcd,IP,spend_per_capita_mean,main,c2014,-2,19.2477284867007,23.7481803425024,-27.298704984604,65.7941619580053,Pre,74.0612335405694,17.8687620120444,0,0.72339
46,mdcd,IP,spend_per_capita_mean,main,c2014,-1,-11.3961364987167,19.8352559092172,-50.2732380807824,27.480965083349,Pre,74.0612335405694,17.8687620120444,0,0.72339
46,mdcd,IP,spend_per_capita_mean,main,c2014,0,68.9967881786555,16.7100705005652,36.2450499975477,101.748526359763,Post,74.0612335405694,17.8687620120444,0,0.72339
46,mdcd,IP,spend_per_capita_mean,main,c2014,1,82.8320066459246,20.4576487589766,42.7350150783305,122.928998213519,Post,74.0612335405694,17.8687620120444,0,0.72339
46,mdcd,IP,spend_per_capita_mean,main,c2014,2,75.114787219508,23.2137184159215,29.6158991243018,120.613675314714,Post,74.0612335405694,17.8687620120444,0,0.72339
46,mdcd,IP,spend_per_capita_mean,main,c2014,3,67.8637385465551,19.8586279434541,28.9408277773851,106.786649315725,Post,74.0612335405694,17.8687620120444,0,0.72339
46,mdcd,IP,spend_per_capita_mean,main,c2014,4,75.4988471122039,20.7028033789638,34.9213524894348,116.076341734973,Post,74.0612335405694,17.8687620120444,0,0.72339
47,mdcd,IP,spend_per_capita_mean,sens,all_cohorts,-6,3.39051777409007,7.94028439361755,-12.1724396374003,18.9534751855805,Pre,73.1010945168358,12.5090854415931,0,0
47,mdcd,IP,spend_per_capita_mean,sens,all_cohorts,-5,-12.539345385604,37.66799950834,-86.3686244219504,61.2899336507423,Pre,73.1010945168358,12.5090854415931,0,0
47,mdcd,IP,spend_per_capita_mean,sens,all_cohorts,-4,19.2127991230843,30.4625705577414,-40.4938391700888,78.9194374162574,Pre,73.1010945168358,12.5090854415931,0,0
47,mdcd,IP,spend_per_capita_mean,sens,all_cohorts,-3,-0.962892360641998,19.8614086897099,-39.8912533924734,37.9654686711894,Pre,73.1010945168358,12.5090854415931,0,0
47,mdcd,IP,spend_per_capita_mean,sens,all_cohorts,-2,5.76518737341811,9.74078722607195,-13.3267555896829,24.8571303365191,Pre,73.1010945168358,12.5090854415931,0,0
47,mdcd,IP,spend_per_capita_mean,sens,all_cohorts,-1,6.16071988251851,8.35465376694302,-10.2144015006898,22.5358412657268,Pre,73.1010945168358,12.5090854415931,0,0
47,mdcd,IP,spend_per_capita_mean,sens,all_cohorts,0,61.2814040174834,11.3612230288955,39.0134068808482,83.5494011541186,Post,73.1010945168358,12.5090854415931,0,0
47,mdcd,IP,spend_per_capita_mean,sens,all_cohorts,1,79.6893268802034,14.8089781736898,50.6637296597714,108.714924100635,Post,73.1010945168358,12.5090854415931,0,0
47,mdcd,IP,spend_per_capita_mean,sens,all_cohorts,2,80.4952475886933,16.5620594606363,48.0336110458462,112.95688413154,Post,73.1010945168358,12.5090854415931,0,0
47,mdcd,IP,spend_per_capita_mean,sens,all_cohorts,3,73.4376939081684,14.6950414399331,44.6354126858996,102.239975130437,Post,73.1010945168358,12.5090854415931,0,0
47,mdcd,IP,spend_per_capita_mean,sens,all_cohorts,4,70.2516198035006,18.6358774462065,33.7253000089359,106.777939598065,Post,73.1010945168358,12.5090854415931,0,0
48,mdcd,IP,spend_per_capita_mean,sens,c2014,-3,-6.64867915936321,14.7701741749269,-35.59822054222,22.3008622234936,Pre,76.0234453062308,14.7015424694983,0,0.94495
48,mdcd,IP,spend_per_capita_mean,sens,c2014,-2,3.40321262647612,13.3615233818669,-22.785373201983,29.5917984549352,Pre,76.0234453062308,14.7015424694983,0,0.94495
48,mdcd,IP,spend_per_capita_mean,sens,c2014,-1,2.23067761371285,11.8396803199729,-20.975095813434,25.4364510408597,Pre,76.0234453062308,14.7015424694983,0,0.94495
48,mdcd,IP,spend_per_capita_mean,sens,c2014,0,72.3415787517491,12.4486579451407,47.9422091792733,96.7409483242248,Post,76.0234453062308,14.7015424694983,0,0.94495
48,mdcd,IP,spend_per_capita_mean,sens,c2014,1,79.5490799731899,15.6189503919806,48.9359372049079,110.162222741472,Post,76.0234453062308,14.7015424694983,0,0.94495
48,mdcd,IP,spend_per_capita_mean,sens,c2014,2,82.2307677490215,19.3377640436954,44.3287502233785,120.132785274664,Post,76.0234453062308,14.7015424694983,0,0.94495
48,mdcd,IP,spend_per_capita_mean,sens,c2014,3,75.7441802536929,15.08194285313,46.1835722615581,105.304788245828,Post,76.0234453062308,14.7015424694983,0,0.94495
48,mdcd,IP,spend_per_capita_mean,sens,c2014,4,70.2516198035006,17.8515897587591,35.2625038763327,105.240735730668,Post,76.0234453062308,14.7015424694983,0,0.94495
49,mdcd,IP,spend_per_vol_mean,main,all_cohorts,-6,-752.4275025537,86.2935607441856,-921.562881612303,-583.292123495096,Pre,659.461916038566,176.363190860948,0,0
49,mdcd,IP,spend_per_vol_mean,main,all_cohorts,-5,55.2084229133864,228.067033682474,-391.802963104262,502.219808931035,Pre,659.461916038566,176.363190860948,0,0
49,mdcd,IP,spend_per_vol_mean,main,all_cohorts,-4,146.585420437478,172.689723378957,-191.886437385277,485.057278260233,Pre,659.461916038566,176.363190860948,0,0
49,mdcd,IP,spend_per_vol_mean,main,all_cohorts,-3,-36.8115200595791,107.527089030679,-247.564614559711,173.941574440552,Pre,659.461916038566,176.363190860948,0,0
49,mdcd,IP,spend_per_vol_mean,main,all_cohorts,-2,146.610126251858,100.349127203164,-50.0741630663441,343.294415570059,Pre,659.461916038566,176.363190860948,0,0
49,mdcd,IP,spend_per_vol_mean,main,all_cohorts,-1,130.116392454502,107.550880302755,-80.6833329388964,340.916117847901,Pre,659.461916038566,176.363190860948,0,0
49,mdcd,IP,spend_per_vol_mean,main,all_cohorts,0,398.118514161917,130.327192007023,142.677217828152,653.559810495681,Post,659.461916038566,176.363190860948,0,0
49,mdcd,IP,spend_per_vol_mean,main,all_cohorts,1,588.864794466699,172.945211962365,249.892179020464,927.837409912935,Post,659.461916038566,176.363190860948,0,0
49,mdcd,IP,spend_per_vol_mean,main,all_cohorts,2,485.557582188491,180.517553486293,131.743177355357,839.371987021625,Post,659.461916038566,176.363190860948,0,0
49,mdcd,IP,spend_per_vol_mean,main,all_cohorts,3,682.972140385094,273.622518553193,146.672004020837,1219.27227674935,Post,659.461916038566,176.363190860948,0,0
49,mdcd,IP,spend_per_vol_mean,main,all_cohorts,4,1273.65570875865,373.030422255836,542.516081137208,2004.79533638008,Post,659.461916038566,176.363190860948,0,0
50,mdcd,IP,spend_per_vol_mean,main,c2014,-3,-21.4126925693088,195.043056834375,-403.697083964684,360.871698826066,Pre,672.622985368225,229.735261528518,0,0.19175
50,mdcd,IP,spend_per_vol_mean,main,c2014,-2,225.223877185812,169.804169662699,-107.592295353079,558.040049724702,Pre,672.622985368225,229.735261528518,0,0.19175
50,mdcd,IP,spend_per_vol_mean,main,c2014,-1,147.611217342542,376.680407907229,-590.682382155626,885.904816840711,Pre,672.622985368225,229.735261528518,0,0.19175
50,mdcd,IP,spend_per_vol_mean,main,c2014,0,314.290594624579,172.816467330554,-24.4296813433074,653.010870592465,Post,672.622985368225,229.735261528518,0,0.19175
50,mdcd,IP,spend_per_vol_mean,main,c2014,1,667.657148368716,234.43320717348,208.168062308697,1127.14623442874,Post,672.622985368225,229.735261528518,0,0.19175
50,mdcd,IP,spend_per_vol_mean,main,c2014,2,398.999046033424,206.392219333307,-5.52970385985731,803.527795926706,Post,672.622985368225,229.735261528518,0,0.19175
50,mdcd,IP,spend_per_vol_mean,main,c2014,3,708.512429055757,305.678982066863,109.381624204705,1307.64323390681,Post,672.622985368225,229.735261528518,0,0.19175
50,mdcd,IP,spend_per_vol_mean,main,c2014,4,1273.65570875865,361.005318986569,566.085283544971,1981.22613397232,Post,672.622985368225,229.735261528518,0,0.19175
51,mdcd,IP,spend_per_vol_mean,sens,all_cohorts,-6,-726.55607128703,73.6281662397853,-870.867277117009,-582.24486545705,Pre,414.650848145186,139.951661482223,0,0
51,mdcd,IP,spend_per_vol_mean,sens,all_cohorts,-5,39.7855934192864,202.678388842558,-357.464048712126,437.035235550699,Pre,414.650848145186,139.951661482223,0,0
51,mdcd,IP,spend_per_vol_mean,sens,all_cohorts,-4,104.946119721052,172.704421547094,-233.554546511252,443.446785953357,Pre,414.650848145186,139.951661482223,0,0
51,mdcd,IP,spend_per_vol_mean,sens,all_cohorts,-3,12.9389607824421,81.2875279627644,-146.384594024576,172.26251558946,Pre,414.650848145186,139.951661482223,0,0
51,mdcd,IP,spend_per_vol_mean,sens,all_cohorts,-2,12.2109137594123,77.0912788390889,-138.887992765202,163.309820284027,Pre,414.650848145186,139.951661482223,0,0
51,mdcd,IP,spend_per_vol_mean,sens,all_cohorts,-1,29.3691877291134,83.5361187430333,-134.361605007232,193.099980465459,Pre,414.650848145186,139.951661482223,0,0
51,mdcd,IP,spend_per_vol_mean,sens,all_cohorts,0,86.3354030822081,118.052754767764,-145.047996262609,317.718802427026,Post,414.650848145186,139.951661482223,0,0
51,mdcd,IP,spend_per_vol_mean,sens,all_cohorts,1,245.599869881263,156.861357212072,-61.8483902543979,553.048130016923,Post,414.650848145186,139.951661482223,0,0
51,mdcd,IP,spend_per_vol_mean,sens,all_cohorts,2,308.829016220361,189.416278080184,-62.4268888168005,680.084921257522,Post,414.650848145186,139.951661482223,0,0
51,mdcd,IP,spend_per_vol_mean,sens,all_cohorts,3,549.792625730532,211.099868525749,136.036883420063,963.548368041,Post,414.650848145186,139.951661482223,0,0
51,mdcd,IP,spend_per_vol_mean,sens,all_cohorts,4,1031.14015069481,315.467290889357,412.824260551673,1649.45604083795,Post,414.650848145186,139.951661482223,0,0
52,mdcd,IP,spend_per_vol_mean,sens,c2014,-3,121.067415785485,145.466032883146,-164.046008665482,406.180840236452,Pre,385.915405932212,170.130506174773,0,0.55829
52,mdcd,IP,spend_per_vol_mean,sens,c2014,-2,119.94824472777,120.918183223219,-117.05139438974,356.94788384528,Pre,385.915405932212,170.130506174773,0,0.55829
52,mdcd,IP,spend_per_vol_mean,sens,c2014,-1,169.430831484428,192.897434895084,-208.648140909936,547.509803878793,Pre,385.915405932212,170.130506174773,0,0.55829
52,mdcd,IP,spend_per_vol_mean,sens,c2014,0,-56.9522577433028,139.761156257946,-330.884124008877,216.979608522272,Post,385.915405932212,170.130506174773,0,0.55829
52,mdcd,IP,spend_per_vol_mean,sens,c2014,1,221.659801710956,200.855503960136,-172.016986050911,615.336589472822,Post,385.915405932212,170.130506174773,0,0.55829
52,mdcd,IP,spend_per_vol_mean,sens,c2014,2,173.64708116794,216.234381956418,-250.172307466639,597.46646980252,Post,385.915405932212,170.130506174773,0,0.55829
52,mdcd,IP,spend_per_vol_mean,sens,c2014,3,560.082253830654,228.306880845441,112.60076737359,1007.56374028772,Post,385.915405932212,170.130506174773,0,0.55829
52,mdcd,IP,spend_per_vol_mean,sens,c2014,4,1031.14015069481,320.702829890557,402.562604109322,1659.71769728031,Post,385.915405932212,170.130506174773,0,0.55829
53,mdcd,IP,vol_per_bene_mean,main,all_cohorts,-6,76.409516371468,16.4600010873839,44.1479142401955,108.671118502741,Pre,1.52152427161198,17.0321215149528,0,0
53,mdcd,IP,vol_per_bene_mean,main,all_cohorts,-5,-21.6236575435876,29.5658461322543,-79.5727159628061,36.3254008756309,Pre,1.52152427161198,17.0321215149528,0,0
53,mdcd,IP,vol_per_bene_mean,main,all_cohorts,-4,21.4111360779824,49.0078278457771,-74.6442064997406,117.466478655706,Pre,1.52152427161198,17.0321215149528,0,0
53,mdcd,IP,vol_per_bene_mean,main,all_cohorts,-3,25.3108203080343,38.0300064096129,-49.227992254807,99.8496328708756,Pre,1.52152427161198,17.0321215149528,0,0
53,mdcd,IP,vol_per_bene_mean,main,all_cohorts,-2,34.3471545128567,17.9035423726718,-0.743788537580038,69.4380975632935,Pre,1.52152427161198,17.0321215149528,0,0
53,mdcd,IP,vol_per_bene_mean,main,all_cohorts,-1,-15.9855834229894,20.1452794542366,-55.4703311532931,23.4991643073142,Pre,1.52152427161198,17.0321215149528,0,0
53,mdcd,IP,vol_per_bene_mean,main,all_cohorts,0,-25.3038049958821,29.300973390249,-82.7337128407701,32.1261028490059,Post,1.52152427161198,17.0321215149528,0,0
53,mdcd,IP,vol_per_bene_mean,main,all_cohorts,1,-25.3532447894076,19.8600464585469,-64.2789358481594,13.5724462693443,Post,1.52152427161198,17.0321215149528,0,0
53,mdcd,IP,vol_per_bene_mean,main,all_cohorts,2,8.43308246203318,21.6646697780641,-34.0296703029724,50.8958352270388,Post,1.52152427161198,17.0321215149528,0,0
53,mdcd,IP,vol_per_bene_mean,main,all_cohorts,3,25.0961633068544,23.1312691417486,-20.2411242109729,70.4334508246816,Post,1.52152427161198,17.0321215149528,0,0
53,mdcd,IP,vol_per_bene_mean,main,all_cohorts,4,35.2837222565156,24.1308724353546,-12.0127877167795,82.5802322298108,Post,1.52152427161198,17.0321215149528,0,0
54,mdcd,IP,vol_per_bene_mean,main,c2014,-3,34.6103332992918,22.0727836328749,-8.65232262114307,77.8729892197267,Pre,18.0299597818034,21.8238442938833,0,0.33691
54,mdcd,IP,vol_per_bene_mean,main,c2014,-2,15.9468144198668,21.5112397575473,-26.215215504926,58.1088443446596,Pre,18.0299597818034,21.8238442938833,0,0.33691
54,mdcd,IP,vol_per_bene_mean,main,c2014,-1,3.04138259785748,44.8206146053535,-84.8070220286353,90.8897872243503,Pre,18.0299597818034,21.8238442938833,0,0.33691
54,mdcd,IP,vol_per_bene_mean,main,c2014,0,25.2569227781369,24.4523769614065,-22.6697360662199,73.1835816224937,Post,18.0299597818034,21.8238442938833,0,0.33691
54,mdcd,IP,vol_per_bene_mean,main,c2014,1,-31.2454835658025,26.9564930341098,-84.0802099126577,21.5892427810526,Post,18.0299597818034,21.8238442938833,0,0.33691
54,mdcd,IP,vol_per_bene_mean,main,c2014,2,27.3290362460488,29.6227952552759,-30.7316424542919,85.3897149463895,Post,18.0299597818034,21.8238442938833,0,0.33691
54,mdcd,IP,vol_per_bene_mean,main,c2014,3,33.5256011941183,23.7553580067988,-13.0349004992073,80.0861028874439,Post,18.0299597818034,21.8238442938833,0,0.33691
54,mdcd,IP,vol_per_bene_mean,main,c2014,4,35.2837222565156,24.7841816414175,-13.2932737606627,83.860718273694,Post,18.0299597818034,21.8238442938833,0,0.33691
55,mdcd,IP,vol_per_bene_mean,sens,all_cohorts,-6,81.203143023439,9.52208969078571,62.539847229499,99.866438817379,Pre,-23.2238389383887,16.4880629491742,0,0
55,mdcd,IP,vol_per_bene_mean,sens,all_cohorts,-5,-23.201804550542,24.6987503597924,-71.611355255735,25.2077461546511,Pre,-23.2238389383887,16.4880629491742,0,0
55,mdcd,IP,vol_per_bene_mean,sens,all_cohorts,-4,25.3351267116123,49.1008052235324,-70.9024515265112,121.572704949736,Pre,-23.2238389383887,16.4880629491742,0,0
55,mdcd,IP,vol_per_bene_mean,sens,all_cohorts,-3,9.24556827384347,29.2886936579343,-48.1602712957077,66.6514078433947,Pre,-23.2238389383887,16.4880629491742,0,0
55,mdcd,IP,vol_per_bene_mean,sens,all_cohorts,-2,12.6234589397024,14.6480734113314,-16.0867649465072,41.333682825912,Pre,-23.2238389383887,16.4880629491742,0,0
55,mdcd,IP,vol_per_bene_mean,sens,all_cohorts,-1,3.12292900063896,13.8570180235674,-24.0368263255531,30.282684326831,Pre,-23.2238389383887,16.4880629491742,0,0
55,mdcd,IP,vol_per_bene_mean,sens,all_cohorts,0,-2.57123121096545,29.2306292852863,-59.8632646101267,54.7208021881958,Post,-23.2238389383887,16.4880629491742,0,0
55,mdcd,IP,vol_per_bene_mean,sens,all_cohorts,1,-3.89951047781759,15.2812296489366,-33.8507205897332,26.0516996340981,Post,-23.2238389383887,16.4880629491742,0,0
55,mdcd,IP,vol_per_bene_mean,sens,all_cohorts,2,-12.8217676759218,18.962606177249,-49.9884757833298,24.3449404314862,Post,-23.2238389383887,16.4880629491742,0,0
55,mdcd,IP,vol_per_bene_mean,sens,all_cohorts,3,-49.6444347267604,26.8525326439928,-102.275398708986,2.98652925546553,Post,-23.2238389383887,16.4880629491742,0,0
55,mdcd,IP,vol_per_bene_mean,sens,all_cohorts,4,-57.7018183415042,28.5789624422293,-113.716584728274,-1.68705195473464,Post,-23.2238389383887,16.4880629491742,0,0
56,mdcd,IP,vol_per_bene_mean,sens,c2014,-3,-15.2838497414366,16.6798618922306,-47.9763790502086,17.4086795673354,Pre,-9.85203194205296,19.1484550477659,0,0.79016
56,mdcd,IP,vol_per_bene_mean,sens,c2014,-2,-0.0667695306343918,18.5848436637004,-36.4930631114872,36.3595240502185,Pre,-9.85203194205296,19.1484550477659,0,0.79016
56,mdcd,IP,vol_per_bene_mean,sens,c2014,-1,0.44775008979993,26.4816069149816,-51.456199463564,52.3516996431639,Pre,-9.85203194205296,19.1484550477659,0,0.79016
56,mdcd,IP,vol_per_bene_mean,sens,c2014,0,50.5138748417171,18.353727955462,14.5405680490117,86.4871816344226,Post,-9.85203194205296,19.1484550477659,0,0.79016
56,mdcd,IP,vol_per_bene_mean,sens,c2014,1,2.50573397842593,20.132478037084,-36.9539229742588,41.9653909311106,Post,-9.85203194205296,19.1484550477659,0,0.79016
56,mdcd,IP,vol_per_bene_mean,sens,c2014,2,0.851158638124619,22.356340883316,-42.9672694931748,44.669586769424,Post,-9.85203194205296,19.1484550477659,0,0.79016
56,mdcd,IP,vol_per_bene_mean,sens,c2014,3,-45.4291088270283,29.0060171189733,-102.280902380216,11.4226847261592,Post,-9.85203194205296,19.1484550477659,0,0.79016
56,mdcd,IP,vol_per_bene_mean,sens,c2014,4,-57.7018183415042,26.228575934636,-109.109827173391,-6.29380950961759,Post,-9.85203194205296,19.1484550477659,0,0.79016
57,mdcd,IP,vol_per_capita_mean,main,all_cohorts,-6,11.3325678485377,2.90719060258091,5.63447426747913,17.0306614295963,Pre,8.03830950561788,2.25990308665019,0,0
57,mdcd,IP,vol_per_capita_mean,main,all_cohorts,-5,-1.08186425242271,4.77207667933071,-10.4351345439109,8.27140603906548,Pre,8.03830950561788,2.25990308665019,0,0
57,mdcd,IP,vol_per_capita_mean,main,all_cohorts,-4,3.05088138698965,7.64331645156894,-11.9300188580855,18.0317816320648,Pre,8.03830950561788,2.25990308665019,0,0
57,mdcd,IP,vol_per_capita_mean,main,all_cohorts,-3,3.37796110898254,6.0817455590306,-8.54226018671744,15.2981824046825,Pre,8.03830950561788,2.25990308665019,0,0
57,mdcd,IP,vol_per_capita_mean,main,all_cohorts,-2,4.90658029645091,2.3586272505184,0.283670885434845,9.52948970746698,Pre,8.03830950561788,2.25990308665019,0,0
57,mdcd,IP,vol_per_capita_mean,main,all_cohorts,-1,-2.41771705849434,2.4096519548108,-7.14063488992351,2.30520077293483,Pre,8.03830950561788,2.25990308665019,0,0
57,mdcd,IP,vol_per_capita_mean,main,all_cohorts,0,3.40722539322676,2.95340128108344,-2.38144111769678,9.1958919041503,Post,8.03830950561788,2.25990308665019,0,0
57,mdcd,IP,vol_per_capita_mean,main,all_cohorts,1,5.1657875330084,2.48218723555645,0.300700551317768,10.030874514699,Post,8.03830950561788,2.25990308665019,0,0
57,mdcd,IP,vol_per_capita_mean,main,all_cohorts,2,9.20119718871595,2.73835814333254,3.83401522778417,14.5683791496477,Post,8.03830950561788,2.25990308665019,0,0
57,mdcd,IP,vol_per_capita_mean,main,all_cohorts,3,11.5983336709419,2.69305062893854,6.31995443822237,16.8767129036614,Post,8.03830950561788,2.25990308665019,0,0
57,mdcd,IP,vol_per_capita_mean,main,all_cohorts,4,12.2137175022141,4.04704626145128,4.2815068297696,20.1459281746586,Post,8.03830950561788,2.25990308665019,0,0
58,mdcd,IP,vol_per_capita_mean,main,c2014,-3,4.25087935719714,3.01725734980478,-1.66294504842023,10.1647037628145,Pre,9.17271345074101,3.00583566169484,0,0.38768
58,mdcd,IP,vol_per_capita_mean,main,c2014,-2,1.8169276569073,2.77191812212793,-3.61603186246344,7.24988717627803,Pre,9.17271345074101,3.00583566169484,0,0.38768
58,mdcd,IP,vol_per_capita_mean,main,c2014,-1,-2.12949080339345,4.7718100182061,-11.4822384390774,7.2232568322905,Pre,9.17271345074101,3.00583566169484,0,0.38768
58,mdcd,IP,vol_per_capita_mean,main,c2014,0,6.78013199584537,3.45792180084054,0.00260526619791879,13.5576587254928,Post,9.17271345074101,3.00583566169484,0,0.38768
58,mdcd,IP,vol_per_capita_mean,main,c2014,1,3.60086057299131,3.8661292978803,-3.97675285085408,11.1784739968367,Post,9.17271345074101,3.00583566169484,0,0.38768
58,mdcd,IP,vol_per_capita_mean,main,c2014,2,11.1271314570952,3.72558556177812,3.82498375601014,18.4292791581804,Post,9.17271345074101,3.00583566169484,0,0.38768
58,mdcd,IP,vol_per_capita_mean,main,c2014,3,12.141725725559,2.92018121619048,6.41817054182568,17.8652809092923,Post,9.17271345074101,3.00583566169484,0,0.38768
58,mdcd,IP,vol_per_capita_mean,main,c2014,4,12.2137175022141,4.13408051858836,4.11091968578093,20.3165153186473,Post,9.17271345074101,3.00583566169484,0,0.38768
59,mdcd,IP,vol_per_capita_mean,sens,all_cohorts,-6,12.1692731184706,1.54099510625374,9.14892271021323,15.1896235267279,Pre,7.45082864161027,1.88378853681979,0,0
59,mdcd,IP,vol_per_capita_mean,sens,all_cohorts,-5,-1.86338775753446,3.9290580925318,-9.56434161889678,5.83756610382786,Pre,7.45082864161027,1.88378853681979,0,0
59,mdcd,IP,vol_per_capita_mean,sens,all_cohorts,-4,3.51443391401711,7.29034947139145,-10.7746510499101,17.8035188779443,Pre,7.45082864161027,1.88378853681979,0,0
59,mdcd,IP,vol_per_capita_mean,sens,all_cohorts,-3,1.93771783748883,4.35137169506128,-6.59097068483127,10.4664063598089,Pre,7.45082864161027,1.88378853681979,0,0
59,mdcd,IP,vol_per_capita_mean,sens,all_cohorts,-2,2.02619648676493,2.06593780709486,-2.02304161514099,6.07543458867086,Pre,7.45082864161027,1.88378853681979,0,0
59,mdcd,IP,vol_per_capita_mean,sens,all_cohorts,-1,1.58094767979154,1.47970025313675,-1.31926481635648,4.48116017593957,Pre,7.45082864161027,1.88378853681979,0,0
59,mdcd,IP,vol_per_capita_mean,sens,all_cohorts,0,8.04109949020759,1.96684060146954,4.1860919113273,11.8961070690879,Post,7.45082864161027,1.88378853681979,0,0
59,mdcd,IP,vol_per_capita_mean,sens,all_cohorts,1,10.0090191937719,2.01553895180729,6.05856284822962,13.9594755393142,Post,7.45082864161027,1.88378853681979,0,0
59,mdcd,IP,vol_per_capita_mean,sens,all_cohorts,2,9.07210927442694,2.28517304000496,4.59317011601722,13.5510484328367,Post,7.45082864161027,1.88378853681979,0,0
59,mdcd,IP,vol_per_capita_mean,sens,all_cohorts,3,5.5570021672354,2.54040888715245,0.57780074841659,10.5362035860542,Post,7.45082864161027,1.88378853681979,0,0
59,mdcd,IP,vol_per_capita_mean,sens,all_cohorts,4,3.53149571524596,3.34167683397798,-3.01819087935089,10.0811823098428,Post,7.45082864161027,1.88378853681979,0,0
60,mdcd,IP,vol_per_capita_mean,sens,c2014,-3,-1.16480304135981,2.45285262538212,-5.97239418710877,3.64278810438916,Pre,8.5345674360539,2.16174409831974,0,0.83153
60,mdcd,IP,vol_per_capita_mean,sens,c2014,-2,0.22475350094108,1.8877918088288,-3.47531844436337,3.92482544624553,Pre,8.5345674360539,2.16174409831974,0,0.83153
60,mdcd,IP,vol_per_capita_mean,sens,c2014,-1,1.17893088041247,2.05712834816948,-2.85304068199971,5.21090244282464,Pre,8.5345674360539,2.16174409831974,0,0.83153
60,mdcd,IP,vol_per_capita_mean,sens,c2014,0,12.2321285823051,2.20125578772545,7.9176672383632,16.546589926247,Post,8.5345674360539,2.16174409831974,0,0.83153
60,mdcd,IP,vol_per_capita_mean,sens,c2014,1,10.5013397735048,2.2849476149573,6.0228424481885,14.9798370988211,Post,8.5345674360539,2.16174409831974,0,0.83153
60,mdcd,IP,vol_per_capita_mean,sens,c2014,2,10.5942226860154,2.58570799457787,5.52623501664278,15.662210355388,Post,8.5345674360539,2.16174409831974,0,0.83153
60,mdcd,IP,vol_per_capita_mean,sens,c2014,3,5.81365042319824,3.02043896265091,-0.106409943597542,11.733710789994,Post,8.5345674360539,2.16174409831974,0,0.83153
60,mdcd,IP,vol_per_capita_mean,sens,c2014,4,3.53149571524596,3.286741102313,-2.91051684528751,9.97350827577944,Post,8.5345674360539,2.16174409831974,0,0.83153
61,mdcd,NF,spend_per_bene_mean,main,all_cohorts,-6,-73.4062407617568,47.5255407935395,-166.556300717094,19.7438191935808,Pre,-183.36522935505,128.316893337031,0,0
61,mdcd,NF,spend_per_bene_mean,main,all_cohorts,-5,-159.030920576987,161.335537958764,-475.248574976164,157.18673382219,Pre,-183.36522935505,128.316893337031,0,0
61,mdcd,NF,spend_per_bene_mean,main,all_cohorts,-4,-81.9319080899347,87.1911512604278,-252.826564560373,88.9627483805038,Pre,-183.36522935505,128.316893337031,0,0
61,mdcd,NF,spend_per_bene_mean,main,all_cohorts,-3,189.253695319845,100.268115929427,-7.27181190183265,385.779202541522,Pre,-183.36522935505,128.316893337031,0,0
61,mdcd,NF,spend_per_bene_mean,main,all_cohorts,-2,25.9331747523174,49.0835160653812,-70.2705167358297,122.136866240465,Pre,-183.36522935505,128.316893337031,0,0
61,mdcd,NF,spend_per_bene_mean,main,all_cohorts,-1,-42.5483072632868,26.7476629637449,-94.9737266722267,9.8771121456532,Pre,-183.36522935505,128.316893337031,0,0
61,mdcd,NF,spend_per_bene_mean,main,all_cohorts,0,-174.589717787391,100.695686692611,-371.953263704909,22.7738281301275,Post,-183.36522935505,128.316893337031,0,0
61,mdcd,NF,spend_per_bene_mean,main,all_cohorts,1,-168.474943361806,73.4681707004058,-312.472557934601,-24.4773287890104,Post,-183.36522935505,128.316893337031,0,0
61,mdcd,NF,spend_per_bene_mean,main,all_cohorts,2,-201.106447056354,127.907941627439,-451.806012646134,49.5931185334262,Post,-183.36522935505,128.316893337031,0,0
61,mdcd,NF,spend_per_bene_mean,main,all_cohorts,3,-201.119651722001,176.718709030986,-547.488321422732,145.249017978731,Post,-183.36522935505,128.316893337031,0,0
61,mdcd,NF,spend_per_bene_mean,main,all_cohorts,4,-171.773387232406,185.803964406717,-535.949157469571,192.402383004759,Post,-183.36522935505,128.316893337031,0,0
62,mdcd,NF,spend_per_bene_mean,main,c2014,-3,99.3470997817778,75.9871177330509,-49.5876509750021,248.281850538558,Pre,-158.086804360125,131.294239928279,0,0.51347
62,mdcd,NF,spend_per_bene_mean,main,c2014,-2,93.543869244747,95.9291147379709,-94.4771956416759,281.56493413117,Pre,-158.086804360125,131.294239928279,0,0.51347
62,mdcd,NF,spend_per_bene_mean,main,c2014,-1,-89.0600690466939,71.0272536358762,-228.273486173011,50.1533480796234,Pre,-158.086804360125,131.294239928279,0,0.51347
62,mdcd,NF,spend_per_bene_mean,main,c2014,0,-98.7014078061919,112.163547109971,-318.541960141735,121.139144529352,Post,-158.086804360125,131.294239928279,0,0.51347
62,mdcd,NF,spend_per_bene_mean,main,c2014,1,-130.046674263128,61.021767853586,-249.649339256157,-10.4440092700998,Post,-158.086804360125,131.294239928279,0,0.51347
62,mdcd,NF,spend_per_bene_mean,main,c2014,2,-203.80360908554,147.656662484386,-493.210667554936,85.6034493838559,Post,-158.086804360125,131.294239928279,0,0.51347
62,mdcd,NF,spend_per_bene_mean,main,c2014,3,-186.10894341336,176.263962592614,-531.586310094883,159.368423268163,Post,-158.086804360125,131.294239928279,0,0.51347
62,mdcd,NF,spend_per_bene_mean,main,c2014,4,-171.773387232406,178.909467953485,-522.435944421238,178.889169956425,Post,-158.086804360125,131.294239928279,0,0.51347
63,mdcd,NF,spend_per_bene_mean,sens,all_cohorts,-6,-17.1063995443502,14.0484525377534,-44.6413665183469,10.4285674296466,Pre,-197.747601141291,66.8018982530606,0,0
63,mdcd,NF,spend_per_bene_mean,sens,all_cohorts,-5,-164.696238520873,155.578032056089,-469.629181350806,140.236704309061,Pre,-197.747601141291,66.8018982530606,0,0
63,mdcd,NF,spend_per_bene_mean,sens,all_cohorts,-4,-57.4374415540889,94.9869134158621,-243.611791849179,128.736908741001,Pre,-197.747601141291,66.8018982530606,0,0
63,mdcd,NF,spend_per_bene_mean,sens,all_cohorts,-3,107.989879143561,70.8684484797813,-30.91227987681,246.892038163933,Pre,-197.747601141291,66.8018982530606,0,0
63,mdcd,NF,spend_per_bene_mean,sens,all_cohorts,-2,-34.6038107399349,29.6079192232703,-92.6353324175447,23.427710937675,Pre,-197.747601141291,66.8018982530606,0,0
63,mdcd,NF,spend_per_bene_mean,sens,all_cohorts,-1,-44.1050452899031,30.0884543371397,-103.078415790697,14.8683252108908,Pre,-197.747601141291,66.8018982530606,0,0
63,mdcd,NF,spend_per_bene_mean,sens,all_cohorts,0,-182.307979325996,72.4150912868277,-324.241558248179,-40.3744004038141,Post,-197.747601141291,66.8018982530606,0,0
63,mdcd,NF,spend_per_bene_mean,sens,all_cohorts,1,-202.359040821663,52.7217753923154,-305.693720590602,-99.0243610527252,Post,-197.747601141291,66.8018982530606,0,0
63,mdcd,NF,spend_per_bene_mean,sens,all_cohorts,2,-184.26535157796,70.4132402677414,-322.275302502733,-46.2554006531867,Post,-197.747601141291,66.8018982530606,0,0
63,mdcd,NF,spend_per_bene_mean,sens,all_cohorts,3,-236.870233657748,102.660970170459,-438.085735191847,-35.6547321236493,Post,-197.747601141291,66.8018982530606,0,0
63,mdcd,NF,spend_per_bene_mean,sens,all_cohorts,4,-184.508315314087,102.22787512717,-384.874950563339,15.8583199351654,Post,-197.747601141291,66.8018982530606,0,0
64,mdcd,NF,spend_per_bene_mean,sens,c2014,-3,-41.4344467745576,50.3711244265996,-140.161850650693,57.2929571015776,Pre,-173.232480978988,76.0447401742019,0,0.10859
64,mdcd,NF,spend_per_bene_mean,sens,c2014,-2,-34.2063628788663,29.9663508058599,-92.9404104583518,24.5276847006191,Pre,-173.232480978988,76.0447401742019,0,0.10859
64,mdcd,NF,spend_per_bene_mean,sens,c2014,-1,-53.6135509190253,42.8209915146003,-137.542694287642,30.3155924495912,Pre,-173.232480978988,76.0447401742019,0,0.10859
64,mdcd,NF,spend_per_bene_mean,sens,c2014,0,-78.7285502415034,45.5991817116066,-168.102946396252,10.6458459132454,Post,-173.232480978988,76.0447401742019,0,0.10859
64,mdcd,NF,spend_per_bene_mean,sens,c2014,1,-179.818433255745,54.1912516325116,-286.033286455468,-73.6035800560221,Post,-173.232480978988,76.0447401742019,0,0.10859
64,mdcd,NF,spend_per_bene_mean,sens,c2014,2,-187.508157310657,73.3918840237894,-331.356249997285,-43.6600646240301,Post,-173.232480978988,76.0447401742019,0,0.10859
64,mdcd,NF,spend_per_bene_mean,sens,c2014,3,-235.598948772947,115.327370637758,-461.640595222952,-9.55730232294172,Post,-173.232480978988,76.0447401742019,0,0.10859
64,mdcd,NF,spend_per_bene_mean,sens,c2014,4,-184.508315314087,101.89814502921,-384.228679571339,15.2120489431653,Post,-173.232480978988,76.0447401742019,0,0.10859
65,mdcd,NF,spend_per_capita_mean,main,all_cohorts,-6,-13.3971265284695,6.62829247560323,-26.3885797806518,-0.4056732762872,Pre,-2.63201770661558,12.3843046931094,0,0
65,mdcd,NF,spend_per_capita_mean,main,all_cohorts,-5,-31.7561391531422,39.1474860188551,-108.485211750098,44.9729334438138,Pre,-2.63201770661558,12.3843046931094,0,0
65,mdcd,NF,spend_per_capita_mean,main,all_cohorts,-4,-1.75522039794527,4.40124734613023,-10.3816651963605,6.87122440046998,Pre,-2.63201770661558,12.3843046931094,0,0
65,mdcd,NF,spend_per_capita_mean,main,all_cohorts,-3,17.0602016759489,11.9308921422204,-6.32434692280314,40.4447502747009,Pre,-2.63201770661558,12.3843046931094,0,0
65,mdcd,NF,spend_per_capita_mean,main,all_cohorts,-2,8.35322286279141,5.46091156818166,-2.35016381084464,19.0566095364275,Pre,-2.63201770661558,12.3843046931094,0,0
65,mdcd,NF,spend_per_capita_mean,main,all_cohorts,-1,-0.00238303560970385,4.01381934879789,-7.86946895925356,7.86470288803416,Pre,-2.63201770661558,12.3843046931094,0,0
65,mdcd,NF,spend_per_capita_mean,main,all_cohorts,0,-5.18345819177874,9.13193017038631,-23.0820413257359,12.7151249421784,Post,-2.63201770661558,12.3843046931094,0,0
65,mdcd,NF,spend_per_capita_mean,main,all_cohorts,1,3.15985978074135,8.88564672116709,-14.2560077927462,20.5757273542289,Post,-2.63201770661558,12.3843046931094,0,0
65,mdcd,NF,spend_per_capita_mean,main,all_cohorts,2,-2.63030748919334,12.4640753500852,-27.0598951753603,21.7992801969737,Post,-2.63201770661558,12.3843046931094,0,0
65,mdcd,NF,spend_per_capita_mean,main,all_cohorts,3,-5.0259981451633,16.4656660886461,-37.2987036789097,27.2467073885831,Post,-2.63201770661558,12.3843046931094,0,0
65,mdcd,NF,spend_per_capita_mean,main,all_cohorts,4,-4.10063964785373,17.3169466404432,-38.0418550631225,29.840575767415,Post,-2.63201770661558,12.3843046931094,0,0
66,mdcd,NF,spend_per_capita_mean,main,c2014,-3,11.0180176955014,9.08251092653072,-6.78370372049883,28.8197391115016,Pre,-0.663611604656866,12.1811800891674,0,0.26145
66,mdcd,NF,spend_per_capita_mean,main,c2014,-2,14.6867192530625,9.31631913553123,-3.57326625257874,32.9467047587037,Pre,-0.663611604656866,12.1811800891674,0,0.26145
66,mdcd,NF,spend_per_capita_mean,main,c2014,-1,-12.6121094159159,8.33831462004796,-28.9552060712099,3.73098723937809,Pre,-0.663611604656866,12.1811800891674,0,0.26145
66,mdcd,NF,spend_per_capita_mean,main,c2014,0,2.23263855768536,9.48942211545037,-16.3666287885974,20.8319059039681,Post,-0.663611604656866,12.1811800891674,0,0.26145
66,mdcd,NF,spend_per_capita_mean,main,c2014,1,5.33683897265421,7.35789728944501,-9.08463971465801,19.7583176599664,Post,-0.663611604656866,12.1811800891674,0,0.26145
66,mdcd,NF,spend_per_capita_mean,main,c2014,2,-3.11410143577248,13.421332222165,-29.4199125912159,23.1917097196709,Post,-0.663611604656866,12.1811800891674,0,0.26145
66,mdcd,NF,spend_per_capita_mean,main,c2014,3,-3.67279446999769,15.7420246330414,-34.5271627507588,27.1815738107634,Post,-0.663611604656866,12.1811800891674,0,0.26145
66,mdcd,NF,spend_per_capita_mean,main,c2014,4,-4.10063964785373,17.3904640387344,-38.1859491637731,29.9846698680657,Post,-0.663611604656866,12.1811800891674,0,0.26145
67,mdcd,NF,spend_per_capita_mean,sens,all_cohorts,-6,-7.29551564422692,2.04596879532876,-11.3056144830713,-3.28541680538255,Pre,-5.57061701076234,5.89941651568083,0,0
67,mdcd,NF,spend_per_capita_mean,sens,all_cohorts,-5,-34.2613151732383,38.8137594853277,-110.336283764481,41.813653418004,Pre,-5.57061701076234,5.89941651568083,0,0
67,mdcd,NF,spend_per_capita_mean,sens,all_cohorts,-4,1.65551346635975,4.9266722079606,-8.00076406124303,11.3117909939625,Pre,-5.57061701076234,5.89941651568083,0,0
67,mdcd,NF,spend_per_capita_mean,sens,all_cohorts,-3,11.5456789061772,6.80009471433887,-1.782506733927,24.8738645462814,Pre,-5.57061701076234,5.89941651568083,0,0
67,mdcd,NF,spend_per_capita_mean,sens,all_cohorts,-2,-2.90248269407655,4.01204627753214,-10.7660933980395,4.96112800988645,Pre,-5.57061701076234,5.89941651568083,0,0
67,mdcd,NF,spend_per_capita_mean,sens,all_cohorts,-1,-0.411107435709688,3.79195559556662,-7.84334040302027,7.02112553160089,Pre,-5.57061701076234,5.89941651568083,0,0
67,mdcd,NF,spend_per_capita_mean,sens,all_cohorts,0,-8.62406493991017,3.91501090307132,-16.29748630993,-0.950643569890394,Post,-5.57061701076234,5.89941651568083,0,0
67,mdcd,NF,spend_per_capita_mean,sens,all_cohorts,1,-6.29216348486838,5.11075902597783,-16.3092511757849,3.72492420604816,Post,-5.57061701076234,5.89941651568083,0,0
67,mdcd,NF,spend_per_capita_mean,sens,all_cohorts,2,-3.49170872931931,6.78177042798432,-16.7839787681686,9.80056130952997,Post,-5.57061701076234,5.89941651568083,0,0
67,mdcd,NF,spend_per_capita_mean,sens,all_cohorts,3,-6.52470168526159,9.30843184547176,-24.7692281023863,11.7198247318631,Post,-5.57061701076234,5.89941651568083,0,0
67,mdcd,NF,spend_per_capita_mean,sens,all_cohorts,4,-2.24789560814757,8.95658822782729,-19.8028085346891,15.3070173183939,Post,-5.57061701076234,5.89941651568083,0,0
68,mdcd,NF,spend_per_capita_mean,sens,c2014,-3,-0.826572714884942,5.7321464195127,-12.0615796971298,10.40843426736,Pre,-3.43224963225249,6.9168235167979,0,0.19969
68,mdcd,NF,spend_per_capita_mean,sens,c2014,-2,-5.65277523535076,4.98865846208503,-15.4305458210374,4.1249953503359,Pre,-3.43224963225249,6.9168235167979,0,0.19969
68,mdcd,NF,spend_per_capita_mean,sens,c2014,-1,-4.68569777476365,4.23959432783176,-12.9953026573139,3.6239071077866,Pre,-3.43224963225249,6.9168235167979,0,0.19969
68,mdcd,NF,spend_per_capita_mean,sens,c2014,0,-0.0948794335833085,3.52720494593311,-7.00820112761221,6.81844226044559,Post,-3.43224963225249,6.9168235167979,0,0.19969
68,mdcd,NF,spend_per_capita_mean,sens,c2014,1,-3.522541828838,4.7561965830757,-12.8446871316664,5.79960347399038,Post,-3.43224963225249,6.9168235167979,0,0.19969
68,mdcd,NF,spend_per_capita_mean,sens,c2014,2,-4.69726911880925,7.6052693506761,-19.6035970461344,10.2090588085159,Post,-3.43224963225249,6.9168235167979,0,0.19969
68,mdcd,NF,spend_per_capita_mean,sens,c2014,3,-6.59866217188432,9.16275675426449,-24.5576654102427,11.3603410664741,Post,-3.43224963225249,6.9168235167979,0,0.19969
68,mdcd,NF,spend_per_capita_mean,sens,c2014,4,-2.24789560814757,9.78118457924528,-21.4190173834683,16.9232261671732,Post,-3.43224963225249,6.9168235167979,0,0.19969
69,mdcd,NF,spend_per_vol_mean,main,all_cohorts,-6,31.6994660238504,23.0207991018092,-13.4213002156957,76.8202322633965,Pre,-95.6775091879285,69.0983502355205,0,0
69,mdcd,NF,spend_per_vol_mean,main,all_cohorts,-5,20.4919790715993,42.6536036987041,-63.1090841778607,104.093042321059,Pre,-95.6775091879285,69.0983502355205,0,0
69,mdcd,NF,spend_per_vol_mean,main,all_cohorts,-4,24.5857288753374,30.1176059769598,-34.4447788395038,83.6162365901785,Pre,-95.6775091879285,69.0983502355205,0,0
69,mdcd,NF,spend_per_vol_mean,main,all_cohorts,-3,-16.3197023036987,38.6528807943053,-92.0793486605372,59.4399440531397,Pre,-95.6775091879285,69.0983502355205,0,0
69,mdcd,NF,spend_per_vol_mean,main,all_cohorts,-2,34.0379253871315,29.134139281379,-23.0649876043712,91.1408383786343,Pre,-95.6775091879285,69.0983502355205,0,0
69,mdcd,NF,spend_per_vol_mean,main,all_cohorts,-1,-36.0726800189245,33.2230799933253,-101.189916805842,29.044556767993,Pre,-95.6775091879285,69.0983502355205,0,0
69,mdcd,NF,spend_per_vol_mean,main,all_cohorts,0,108.994559823717,63.6730793200939,-15.8046756436673,233.793795291101,Post,-95.6775091879285,69.0983502355205,0,0
69,mdcd,NF,spend_per_vol_mean,main,all_cohorts,1,73.5881294760525,58.6686017024506,-41.4023298607506,188.578588812856,Post,-95.6775091879285,69.0983502355205,0,0
69,mdcd,NF,spend_per_vol_mean,main,all_cohorts,2,-60.7090551319397,77.8057123823188,-213.208251401284,91.7901411374051,Post,-95.6775091879285,69.0983502355205,0,0
69,mdcd,NF,spend_per_vol_mean,main,all_cohorts,3,-251.538520817391,123.818493631018,-494.222768334187,-8.85427330059611,Post,-95.6775091879285,69.0983502355205,0,0
69,mdcd,NF,spend_per_vol_mean,main,all_cohorts,4,-443.114325017158,178.936938070658,-793.830723635648,-92.3979263986674,Post,-95.6775091879285,69.0983502355205,0,0
70,mdcd,NF,spend_per_vol_mean,main,c2014,-3,31.1140954440307,49.5275099406663,-65.9598240396752,128.188014927737,Pre,-125.55933118722,85.4661049548697,0,0.53139
70,mdcd,NF,spend_per_vol_mean,main,c2014,-2,42.8261816648544,35.1270007621939,-26.0227398290456,111.675103158754,Pre,-125.55933118722,85.4661049548697,0,0.53139
70,mdcd,NF,spend_per_vol_mean,main,c2014,-1,-47.2656981058904,56.9344831275854,-158.857285035958,64.325888824177,Pre,-125.55933118722,85.4661049548697,0,0.53139
70,mdcd,NF,spend_per_vol_mean,main,c2014,0,13.1776170448225,53.2838707807669,-91.2587696854807,117.614003775126,Post,-125.55933118722,85.4661049548697,0,0.53139
70,mdcd,NF,spend_per_vol_mean,main,c2014,1,70.2923997485652,81.558286859091,-89.5618424952531,230.146641992384,Post,-125.55933118722,85.4661049548697,0,0.53139
70,mdcd,NF,spend_per_vol_mean,main,c2014,2,-38.7880117099262,90.1079175837024,-215.399530173983,137.82350675413,Post,-125.55933118722,85.4661049548697,0,0.53139
70,mdcd,NF,spend_per_vol_mean,main,c2014,3,-229.364336002402,135.502182628395,-494.948613954057,36.219941949252,Post,-125.55933118722,85.4661049548697,0,0.53139
70,mdcd,NF,spend_per_vol_mean,main,c2014,4,-443.114325017158,174.968624232497,-786.052828512852,-100.175821521464,Post,-125.55933118722,85.4661049548697,0,0.53139
71,mdcd,NF,spend_per_vol_mean,sens,all_cohorts,-6,30.7781522212136,13.6596076646631,4.00532119847388,57.5509832439532,Pre,-37.4230665454628,63.4824871718259,0,0
71,mdcd,NF,spend_per_vol_mean,sens,all_cohorts,-5,25.5532424464392,45.1354208358962,-62.9121823919174,114.018667284796,Pre,-37.4230665454628,63.4824871718259,0,0
71,mdcd,NF,spend_per_vol_mean,sens,all_cohorts,-4,19.9718029227393,25.4711309235745,-29.9516136874667,69.8952195329454,Pre,-37.4230665454628,63.4824871718259,0,0
71,mdcd,NF,spend_per_vol_mean,sens,all_cohorts,-3,7.55368915179282,22.0326631149126,-35.6303305534358,50.7377088570214,Pre,-37.4230665454628,63.4824871718259,0,0
71,mdcd,NF,spend_per_vol_mean,sens,all_cohorts,-2,27.4700105037404,23.5205379672411,-18.6302439120521,73.570264919533,Pre,-37.4230665454628,63.4824871718259,0,0
71,mdcd,NF,spend_per_vol_mean,sens,all_cohorts,-1,-23.0540358482254,34.9834155291182,-91.621530285297,45.5134585888462,Pre,-37.4230665454628,63.4824871718259,0,0
71,mdcd,NF,spend_per_vol_mean,sens,all_cohorts,0,57.3996603618026,72.1640079691042,-84.0417952576416,198.841115981247,Post,-37.4230665454628,63.4824871718259,0,0
71,mdcd,NF,spend_per_vol_mean,sens,all_cohorts,1,19.3652409537808,53.1516915616112,-84.8120745069771,123.542556414539,Post,-37.4230665454628,63.4824871718259,0,0
71,mdcd,NF,spend_per_vol_mean,sens,all_cohorts,2,-44.5963920069986,57.0944584381107,-156.501530545696,67.3087465316985,Post,-37.4230665454628,63.4824871718259,0,0
71,mdcd,NF,spend_per_vol_mean,sens,all_cohorts,3,-124.887214226359,87.7238722404012,-296.826003817546,47.051575364827,Post,-37.4230665454628,63.4824871718259,0,0
71,mdcd,NF,spend_per_vol_mean,sens,all_cohorts,4,-124.630421610886,166.495231543077,-450.961075435317,201.700232213546,Post,-37.4230665454628,63.4824871718259,0,0
72,mdcd,NF,spend_per_vol_mean,sens,c2014,-3,43.9625506689659,34.2312386626744,-23.130677109876,111.055778447808,Pre,-46.0651925048588,75.3792023689282,0,0.57821
72,mdcd,NF,spend_per_vol_mean,sens,c2014,-2,28.2410368983325,32.4755224120768,-35.410987029338,91.893060826003,Pre,-46.0651925048588,75.3792023689282,0,0.57821
72,mdcd,NF,spend_per_vol_mean,sens,c2014,-1,-0.0323377474521553,55.4214890943881,-108.658456372453,108.593780877548,Pre,-46.0651925048588,75.3792023689282,0,0.57821
72,mdcd,NF,spend_per_vol_mean,sens,c2014,0,-24.8102188403135,52.0483252608864,-126.824936351651,77.2044986710238,Post,-46.0651925048588,75.3792023689282,0,0.57821
72,mdcd,NF,spend_per_vol_mean,sens,c2014,1,9.77569481239946,68.1737616918392,-123.844878103605,143.396267728404,Post,-46.0651925048588,75.3792023689282,0,0.57821
72,mdcd,NF,spend_per_vol_mean,sens,c2014,2,-16.329674848222,77.2252937429121,-167.69125058433,135.031900887886,Post,-46.0651925048588,75.3792023689282,0,0.57821
72,mdcd,NF,spend_per_vol_mean,sens,c2014,3,-74.3313420372725,93.3999642402148,-257.395271948094,108.732587873548,Post,-46.0651925048588,75.3792023689282,0,0.57821
72,mdcd,NF,spend_per_vol_mean,sens,c2014,4,-124.630421610886,144.114598807853,-407.095035274277,157.834192052506,Post,-46.0651925048588,75.3792023689282,0,0.57821
73,mdcd,NF,vol_per_bene_mean,main,all_cohorts,-6,-5.63980802009577,3.40869757976728,-12.3208552764396,1.04123923624811,Pre,-10.2241157896224,7.58053875397888,0,0
73,mdcd,NF,vol_per_bene_mean,main,all_cohorts,-5,-4.19339409536207,5.52605314076993,-15.0244582512711,6.637670060547,Pre,-10.2241157896224,7.58053875397888,0,0
73,mdcd,NF,vol_per_bene_mean,main,all_cohorts,-4,-5.66082512665993,7.56417406435821,-20.486606292802,9.16495603948217,Pre,-10.2241157896224,7.58053875397888,0,0
73,mdcd,NF,vol_per_bene_mean,main,all_cohorts,-3,13.4400198748036,6.7306779454965,0.24789110163044,26.6321486479767,Pre,-10.2241157896224,7.58053875397888,0,0
73,mdcd,NF,vol_per_bene_mean,main,all_cohorts,-2,2.5983664518768,3.75003755705884,-4.75170715995852,9.94844006371213,Pre,-10.2241157896224,7.58053875397888,0,0
73,mdcd,NF,vol_per_bene_mean,main,all_cohorts,-1,-2.63235888308506,2.82605377807458,-8.17142428811124,2.90670652194113,Pre,-10.2241157896224,7.58053875397888,0,0
73,mdcd,NF,vol_per_bene_mean,main,all_cohorts,0,-12.8725846219402,8.16180840288396,-28.8697290915928,3.12455984771232,Post,-10.2241157896224,7.58053875397888,0,0
73,mdcd,NF,vol_per_bene_mean,main,all_cohorts,1,-10.9188116401889,4.76972079128955,-20.2674643911164,-1.57015888926133,Post,-10.2241157896224,7.58053875397888,0,0
73,mdcd,NF,vol_per_bene_mean,main,all_cohorts,2,-10.1181792872166,8.28897827245476,-26.3645767012279,6.1282181267947,Post,-10.2241157896224,7.58053875397888,0,0
73,mdcd,NF,vol_per_bene_mean,main,all_cohorts,3,-10.6027026853057,11.7892342930049,-33.7096018995952,12.5041965289838,Post,-10.2241157896224,7.58053875397888,0,0
73,mdcd,NF,vol_per_bene_mean,main,all_cohorts,4,-5.65220893534835,11.2643314556698,-27.7302985884612,16.4258807177645,Post,-10.2241157896224,7.58053875397888,0,0
74,mdcd,NF,vol_per_bene_mean,main,c2014,-3,8.91935640993117,8.55526831537747,-7.84896948820868,25.687682308071,Pre,-7.58413147557587,9.29153899421706,0,0.62345
74,mdcd,NF,vol_per_bene_mean,main,c2014,-2,7.65789051483175,6.81247762665126,-5.69456563340471,21.0103466630682,Pre,-7.58413147557587,9.29153899421706,0,0.62345
74,mdcd,NF,vol_per_bene_mean,main,c2014,-1,-7.62745869627542,7.13519873782247,-21.6124482224075,6.35753082985663,Pre,-7.58413147557587,9.29153899421706,0,0.62345
74,mdcd,NF,vol_per_bene_mean,main,c2014,0,-5.40194703485647,8.73946928678575,-22.5313068369565,11.7274127672436,Post,-7.58413147557587,9.29153899421706,0,0.62345
74,mdcd,NF,vol_per_bene_mean,main,c2014,1,-7.74265313982394,4.4991585896033,-16.5610039754464,1.07569769579852,Post,-7.58413147557587,9.29153899421706,0,0.62345
74,mdcd,NF,vol_per_bene_mean,main,c2014,2,-9.6740884389717,9.65132184998669,-28.5906792649456,9.24250238700222,Post,-7.58413147557587,9.29153899421706,0,0.62345
74,mdcd,NF,vol_per_bene_mean,main,c2014,3,-9.44975982887889,12.6875447058922,-34.3173474524276,15.4178277946698,Post,-7.58413147557587,9.29153899421706,0,0.62345
74,mdcd,NF,vol_per_bene_mean,main,c2014,4,-5.65220893534835,11.5514255545824,-28.2930030223299,16.9885851516332,Post,-7.58413147557587,9.29153899421706,0,0.62345
75,mdcd,NF,vol_per_bene_mean,sens,all_cohorts,-6,-1.9757258855998,1.00675620695812,-3.94896805123772,-0.0024837199618839,Pre,-12.7648564651982,5.01023878860052,0,0
75,mdcd,NF,vol_per_bene_mean,sens,all_cohorts,-5,-5.06554477960134,5.95622712998142,-16.7397499543649,6.60866039516224,Pre,-12.7648564651982,5.01023878860052,0,0
75,mdcd,NF,vol_per_bene_mean,sens,all_cohorts,-4,-3.36019302613191,7.60554445959915,-18.2670601669462,11.5466741146824,Pre,-12.7648564651982,5.01023878860052,0,0
75,mdcd,NF,vol_per_bene_mean,sens,all_cohorts,-3,6.87658799821974,5.60889853115263,-4.11685312283941,17.8700291192789,Pre,-12.7648564651982,5.01023878860052,0,0
75,mdcd,NF,vol_per_bene_mean,sens,all_cohorts,-2,-2.8688510198161,2.3826312419328,-7.53880825400438,1.80110621437218,Pre,-12.7648564651982,5.01023878860052,0,0
75,mdcd,NF,vol_per_bene_mean,sens,all_cohorts,-1,-3.57101079200265,3.16749050573243,-9.7792921832382,2.63727059923291,Pre,-12.7648564651982,5.01023878860052,0,0
75,mdcd,NF,vol_per_bene_mean,sens,all_cohorts,0,-13.7891127323495,6.19177014061734,-25.9249822079595,-1.65324325673952,Post,-12.7648564651982,5.01023878860052,0,0
75,mdcd,NF,vol_per_bene_mean,sens,all_cohorts,1,-13.506129442603,3.6636435149697,-20.6868707319436,-6.32538815326235,Post,-12.7648564651982,5.01023878860052,0,0
75,mdcd,NF,vol_per_bene_mean,sens,all_cohorts,2,-10.8407983939323,5.04803094109565,-20.7349390384798,-0.946657749384821,Post,-12.7648564651982,5.01023878860052,0,0
75,mdcd,NF,vol_per_bene_mean,sens,all_cohorts,3,-14.878471449403,7.925152901096,-30.4117711355512,0.654828236745122,Post,-12.7648564651982,5.01023878860052,0,0
75,mdcd,NF,vol_per_bene_mean,sens,all_cohorts,4,-10.5235622582268,8.18536894672664,-26.566885393811,5.51976087735739,Post,-12.7648564651982,5.01023878860052,0,0
76,mdcd,NF,vol_per_bene_mean,sens,c2014,-3,-2.38339511794966,4.28234696139104,-10.7767951622761,6.01000492637678,Pre,-11.0269317139531,5.53511465564308,0,0.09063
76,mdcd,NF,vol_per_bene_mean,sens,c2014,-2,-2.97290038735971,2.18708194558459,-7.2595810007055,1.31378022598608,Pre,-11.0269317139531,5.53511465564308,0,0.09063
76,mdcd,NF,vol_per_bene_mean,sens,c2014,-1,-4.95455497109736,4.38277304171068,-13.5447901328503,3.63568019065557,Pre,-11.0269317139531,5.53511465564308,0,0.09063
76,mdcd,NF,vol_per_bene_mean,sens,c2014,0,-5.56076126369179,3.29000146872171,-12.0091641423864,0.887641615002766,Post,-11.0269317139531,5.53511465564308,0,0.09063
76,mdcd,NF,vol_per_bene_mean,sens,c2014,1,-12.468055890382,4.06913358685828,-20.4435577206242,-4.49255406013976,Post,-11.0269317139531,5.53511465564308,0,0.09063
76,mdcd,NF,vol_per_bene_mean,sens,c2014,2,-11.1523766863683,6.02911818847956,-22.9694483357883,0.664694963051604,Post,-11.0269317139531,5.53511465564308,0,0.09063
76,mdcd,NF,vol_per_bene_mean,sens,c2014,3,-15.4299024710965,8.47445762914099,-32.0398394242128,1.18003448201985,Post,-11.0269317139531,5.53511465564308,0,0.09063
76,mdcd,NF,vol_per_bene_mean,sens,c2014,4,-10.5235622582268,8.29421088567707,-26.7802155941539,5.73309107770024,Post,-11.0269317139531,5.53511465564308,0,0.09063
77,mdcd,NF,vol_per_capita_mean,main,all_cohorts,-6,-0.938341493430315,0.4415287373815,-1.80373781869805,-0.0729451681625745,Pre,0.180592212408067,0.702748674516217,0,0
77,mdcd,NF,vol_per_capita_mean,main,all_cohorts,-5,-1.011557037612,1.2349419464925,-3.43204325273731,1.4089291775133,Pre,0.180592212408067,0.702748674516217,0,0
77,mdcd,NF,vol_per_capita_mean,main,all_cohorts,-4,0.0276813265191231,0.278086143397694,-0.517367514540357,0.572730167578603,Pre,0.180592212408067,0.702748674516217,0,0
77,mdcd,NF,vol_per_capita_mean,main,all_cohorts,-3,0.941356769388472,0.582622546905934,-0.200583422547159,2.0832969613241,Pre,0.180592212408067,0.702748674516217,0,0
77,mdcd,NF,vol_per_capita_mean,main,all_cohorts,-2,0.690130212780648,0.431752749156139,-0.156105175565384,1.53636560112668,Pre,0.180592212408067,0.702748674516217,0,0
77,mdcd,NF,vol_per_capita_mean,main,all_cohorts,-1,0.0924947756199021,0.551874777426505,-0.989179788136047,1.17416933937585,Pre,0.180592212408067,0.702748674516217,0,0
77,mdcd,NF,vol_per_capita_mean,main,all_cohorts,0,-0.428302466490695,0.620003188274021,-1.64350871550778,0.786903782526387,Post,0.180592212408067,0.702748674516217,0,0
77,mdcd,NF,vol_per_capita_mean,main,all_cohorts,1,0.357748450751392,0.568030423342665,-0.755591179000232,1.47108808050302,Post,0.180592212408067,0.702748674516217,0,0
77,mdcd,NF,vol_per_capita_mean,main,all_cohorts,2,0.356593293822576,0.864187496516853,-1.33721419935046,2.05040078699561,Post,0.180592212408067,0.702748674516217,0,0
77,mdcd,NF,vol_per_capita_mean,main,all_cohorts,3,0.0990417747473241,0.993794686404885,-1.84879581060625,2.0468793601009,Post,0.180592212408067,0.702748674516217,0,0
77,mdcd,NF,vol_per_capita_mean,main,all_cohorts,4,0.606312565545068,1.23503210761921,-1.81435036538859,3.02697549647873,Post,0.180592212408067,0.702748674516217,0,0
78,mdcd,NF,vol_per_capita_mean,main,c2014,-3,0.763510937842922,0.820910038506126,-0.845472737629085,2.37249461331493,Pre,0.434627853966955,0.78154978447079,0,0.25322
78,mdcd,NF,vol_per_capita_mean,main,c2014,-2,1.19069542055745,0.737769634486557,-0.255333063036203,2.6367239041511,Pre,0.434627853966955,0.78154978447079,0,0.25322
78,mdcd,NF,vol_per_capita_mean,main,c2014,-1,-1.29813584841027,0.855351179025846,-2.97462415930093,0.378352462480385,Pre,0.434627853966955,0.78154978447079,0,0.25322
78,mdcd,NF,vol_per_capita_mean,main,c2014,0,0.371733592338601,0.701922811176007,-1.00403511756637,1.74750230224357,Post,0.434627853966955,0.78154978447079,0,0.25322
78,mdcd,NF,vol_per_capita_mean,main,c2014,1,0.599493252030915,0.509109808375314,-0.398361972384701,1.59734847644653,Post,0.434627853966955,0.78154978447079,0,0.25322
78,mdcd,NF,vol_per_capita_mean,main,c2014,2,0.418137368471676,0.941779186023934,-1.42774983613523,2.26402457307859,Post,0.434627853966955,0.78154978447079,0,0.25322
78,mdcd,NF,vol_per_capita_mean,main,c2014,3,0.177462491448518,1.04636419801189,-1.87341133665478,2.22833631955182,Post,0.434627853966955,0.78154978447079,0,0.25322
78,mdcd,NF,vol_per_capita_mean,main,c2014,4,0.606312565545068,1.18272936826904,-1.71183699626225,2.92446212735238,Post,0.434627853966955,0.78154978447079,0,0.25322
79,mdcd,NF,vol_per_capita_mean,sens,all_cohorts,-6,-0.582843205754249,0.167803045417548,-0.911737174772643,-0.253949236735855,Pre,-0.158833905166321,0.488296739138516,0,0
79,mdcd,NF,vol_per_capita_mean,sens,all_cohorts,-5,-1.20004562610013,1.62330296250085,-4.3817194326018,1.98162818040153,Pre,-0.158833905166321,0.488296739138516,0,0
79,mdcd,NF,vol_per_capita_mean,sens,all_cohorts,-4,0.31249407629165,0.29639320462654,-0.268436604776369,0.893424757359668,Pre,-0.158833905166321,0.488296739138516,0,0
79,mdcd,NF,vol_per_capita_mean,sens,all_cohorts,-3,0.479112542928231,0.37404007345801,-0.254006001049468,1.21223108690593,Pre,-0.158833905166321,0.488296739138516,0,0
79,mdcd,NF,vol_per_capita_mean,sens,all_cohorts,-2,-0.220457664315997,0.304257024639745,-0.816801432609896,0.375886103977903,Pre,-0.158833905166321,0.488296739138516,0,0
79,mdcd,NF,vol_per_capita_mean,sens,all_cohorts,-1,-0.0509416025851103,0.527611518658378,-1.08506017915553,0.98317697398531,Pre,-0.158833905166321,0.488296739138516,0,0
79,mdcd,NF,vol_per_capita_mean,sens,all_cohorts,0,-0.640803278094309,0.367025572044899,-1.36017339930231,0.0785668431136919,Post,-0.158833905166321,0.488296739138516,0,0
79,mdcd,NF,vol_per_capita_mean,sens,all_cohorts,1,-0.213835684550671,0.348017147803068,-0.895949294244684,0.468277925143341,Post,-0.158833905166321,0.488296739138516,0,0
79,mdcd,NF,vol_per_capita_mean,sens,all_cohorts,2,0.0574404552022574,0.537427511712671,-0.995917467754577,1.11079837815909,Post,-0.158833905166321,0.488296739138516,0,0
79,mdcd,NF,vol_per_capita_mean,sens,all_cohorts,3,-0.091095143067895,0.731350038931589,-1.52454121937381,1.34235093323802,Post,-0.158833905166321,0.488296739138516,0,0
79,mdcd,NF,vol_per_capita_mean,sens,all_cohorts,4,0.184441549386201,0.788970891756852,-1.36194139845723,1.73082449722963,Post,-0.158833905166321,0.488296739138516,0,0
80,mdcd,NF,vol_per_capita_mean,sens,c2014,-3,-0.121265372100042,0.448458882440041,-1.00024478168252,0.757714037482438,Pre,-0.053162787306673,0.560134786331615,0,0.16746
80,mdcd,NF,vol_per_capita_mean,sens,c2014,-2,-0.422576330960064,0.354432820132356,-1.11726465841948,0.272111996499353,Pre,-0.053162787306673,0.560134786331615,0,0.16746
80,mdcd,NF,vol_per_capita_mean,sens,c2014,-1,-0.534675689167563,0.620441708747315,-1.7507414383123,0.681390059977175,Pre,-0.053162787306673,0.560134786331615,0,0.16746
80,mdcd,NF,vol_per_capita_mean,sens,c2014,0,-0.0561715638960359,0.325170251958338,-0.693505257734378,0.581162129942307,Post,-0.053162787306673,0.560134786331615,0,0.16746
80,mdcd,NF,vol_per_capita_mean,sens,c2014,1,-0.141593094020386,0.432321504707599,-0.988943243247281,0.705757055206508,Post,-0.053162787306673,0.560134786331615,0,0.16746
80,mdcd,NF,vol_per_capita_mean,sens,c2014,2,-0.0428627342805693,0.666966655984169,-1.35011738000954,1.2643919114484,Post,-0.053162787306673,0.560134786331615,0,0.16746
80,mdcd,NF,vol_per_capita_mean,sens,c2014,3,-0.209628093722575,0.691420438738758,-1.56481215365054,1.14555596620539,Post,-0.053162787306673,0.560134786331615,0,0.16746
80,mdcd,NF,vol_per_capita_mean,sens,c2014,4,0.184441549386201,0.790228245119008,-1.36440581104705,1.73328890981946,Post,-0.053162787306673,0.560134786331615,0,0.16746
81,mdcd,RX,spend_per_bene_mean,main,all_cohorts,-6,5.78049784022089,19.8432368909728,-33.1122464660858,44.6732421465276,Pre,-99.9038819135966,97.1054433375859,0,0
81,mdcd,RX,spend_per_bene_mean,main,all_cohorts,-5,-21.3246750564572,59.6627943596352,-138.263752001342,95.6144018884277,Pre,-99.9038819135966,97.1054433375859,0,0
81,mdcd,RX,spend_per_bene_mean,main,all_cohorts,-4,2.61566871462183,79.6842950848699,-153.565549651723,158.796887080967,Pre,-99.9038819135966,97.1054433375859,0,0
81,mdcd,RX,spend_per_bene_mean,main,all_cohorts,-3,-52.0329668670488,35.3484168372323,-121.315863868024,17.2499301339266,Pre,-99.9038819135966,97.1054433375859,0,0
81,mdcd,RX,spend_per_bene_mean,main,all_cohorts,-2,-48.1938333517205,23.9135362104493,-95.0643643242012,-1.32330237923978,Pre,-99.9038819135966,97.1054433375859,0,0
81,mdcd,RX,spend_per_bene_mean,main,all_cohorts,-1,-13.4173514833702,50.9450699076203,-113.269688502306,86.4349855355656,Pre,-99.9038819135966,97.1054433375859,0,0
81,mdcd,RX,spend_per_bene_mean,main,all_cohorts,0,8.55030626445238,59.9210752967175,-108.895001317114,125.995613846019,Post,-99.9038819135966,97.1054433375859,0,0
81,mdcd,RX,spend_per_bene_mean,main,all_cohorts,1,-103.539531642643,106.711323601438,-312.693725901462,105.614662616175,Post,-99.9038819135966,97.1054433375859,0,0
81,mdcd,RX,spend_per_bene_mean,main,all_cohorts,2,-110.322483372161,74.5721482858241,-256.483894012376,35.8389272680541,Post,-99.9038819135966,97.1054433375859,0,0
81,mdcd,RX,spend_per_bene_mean,main,all_cohorts,3,-173.180989917045,107.829811001636,-384.527419480252,38.1654396461622,Post,-99.9038819135966,97.1054433375859,0,0
81,mdcd,RX,spend_per_bene_mean,main,all_cohorts,4,-139.082184355836,135.545720691031,-404.751796910258,126.587428198585,Post,-99.9038819135966,97.1054433375859,0,0
82,mdcd,RX,spend_per_bene_mean,main,c2014,-3,-51.829187452198,49.3818043793291,-148.617524035683,44.959149131287,Pre,-134.850766518385,97.8546843139557,0,0.184
82,mdcd,RX,spend_per_bene_mean,main,c2014,-2,-29.5705310666366,29.7319972554437,-87.8452456873062,28.704183554033,Pre,-134.850766518385,97.8546843139557,0,0.184
82,mdcd,RX,spend_per_bene_mean,main,c2014,-1,-36.6304979071879,42.1319377970541,-119.209095989414,45.9481001750381,Pre,-134.850766518385,97.8546843139557,0,0.184
82,mdcd,RX,spend_per_bene_mean,main,c2014,0,-57.3185465593383,83.668183313784,-221.308185854355,106.671092735678,Post,-134.850766518385,97.8546843139557,0,0.184
82,mdcd,RX,spend_per_bene_mean,main,c2014,1,-160.506945578496,84.0766522592122,-325.297184006552,4.28329284955944,Post,-134.850766518385,97.8546843139557,0,0.184
82,mdcd,RX,spend_per_bene_mean,main,c2014,2,-129.791853345052,92.7653519749651,-311.611943215984,52.0282365258796,Post,-134.850766518385,97.8546843139557,0,0.184
82,mdcd,RX,spend_per_bene_mean,main,c2014,3,-187.554302753201,113.061128678081,-409.15411496224,34.0455094558387,Post,-134.850766518385,97.8546843139557,0,0.184
82,mdcd,RX,spend_per_bene_mean,main,c2014,4,-139.082184355836,142.473302098047,-418.329856468009,140.165487756336,Post,-134.850766518385,97.8546843139557,0,0.184
83,mdcd,RX,spend_per_bene_mean,sens,all_cohorts,-6,14.2971649122547,11.3146400916975,-7.87952966747229,36.4738594919817,Pre,-26.5879279582812,50.8052026216201,0,0
83,mdcd,RX,spend_per_bene_mean,sens,all_cohorts,-5,-17.5433490781654,61.242331348731,-137.578318521678,102.491620365347,Pre,-26.5879279582812,50.8052026216201,0,0
83,mdcd,RX,spend_per_bene_mean,sens,all_cohorts,-4,-0.994951394520683,74.2305667469179,-146.48686221848,144.496959429438,Pre,-26.5879279582812,50.8052026216201,0,0
83,mdcd,RX,spend_per_bene_mean,sens,all_cohorts,-3,-6.46337426411019,21.7159633869192,-49.0266625024719,36.0999139742515,Pre,-26.5879279582812,50.8052026216201,0,0
83,mdcd,RX,spend_per_bene_mean,sens,all_cohorts,-2,-23.0703903443795,18.1084916505232,-58.563033979405,12.422253290646,Pre,-26.5879279582812,50.8052026216201,0,0
83,mdcd,RX,spend_per_bene_mean,sens,all_cohorts,-1,-25.6874888806492,30.6694098710896,-85.7995322279849,34.4245544666865,Pre,-26.5879279582812,50.8052026216201,0,0
83,mdcd,RX,spend_per_bene_mean,sens,all_cohorts,0,3.63094568152295,31.1198301888118,-57.3639214885482,64.6258128515941,Post,-26.5879279582812,50.8052026216201,0,0
83,mdcd,RX,spend_per_bene_mean,sens,all_cohorts,1,-30.6368423578217,48.554552567112,-125.803765389361,64.5300806737177,Post,-26.5879279582812,50.8052026216201,0,0
83,mdcd,RX,spend_per_bene_mean,sens,all_cohorts,2,-18.5518019082181,52.0890926241952,-120.646423451641,83.5428196352044,Post,-26.5879279582812,50.8052026216201,0,0
83,mdcd,RX,spend_per_bene_mean,sens,all_cohorts,3,-58.5088349230547,68.5123773060104,-192.793094442835,75.7754245967257,Post,-26.5879279582812,50.8052026216201,0,0
83,mdcd,RX,spend_per_bene_mean,sens,all_cohorts,4,-34.2988562873505,85.5716294850663,-202.01925007808,133.421537503379,Post,-26.5879279582812,50.8052026216201,0,0
84,mdcd,RX,spend_per_bene_mean,sens,c2014,-3,-19.1399810529088,23.8351825113011,-65.856938775059,27.5769766692414,Pre,-45.4961181212238,65.8837260413498,0,0.62427
84,mdcd,RX,spend_per_bene_mean,sens,c2014,-2,-6.74541263593794,25.9241407610226,-57.5567285275423,44.0659032556664,Pre,-45.4961181212238,65.8837260413498,0,0.62427
84,mdcd,RX,spend_per_bene_mean,sens,c2014,-1,-35.1445033840632,41.5234087632804,-116.530384560093,46.2413777919664,Pre,-45.4961181212238,65.8837260413498,0,0.62427
84,mdcd,RX,spend_per_bene_mean,sens,c2014,0,-27.9763974069517,40.1894504856451,-106.747720358816,50.7949255449128,Post,-45.4961181212238,65.8837260413498,0,0.62427
84,mdcd,RX,spend_per_bene_mean,sens,c2014,1,-79.0368757411083,55.3215504966965,-187.467114714633,29.3933632324168,Post,-45.4961181212238,65.8837260413498,0,0.62427
84,mdcd,RX,spend_per_bene_mean,sens,c2014,2,-18.2622010530502,60.8933812177785,-137.613228239896,101.088826133796,Post,-45.4961181212238,65.8837260413498,0,0.62427
84,mdcd,RX,spend_per_bene_mean,sens,c2014,3,-67.9062601176584,71.9845686145208,-208.996014602119,73.1834943668024,Post,-45.4961181212238,65.8837260413498,0,0.62427
84,mdcd,RX,spend_per_bene_mean,sens,c2014,4,-34.2988562873505,84.8149269865643,-200.536113181016,131.938400606315,Post,-45.4961181212238,65.8837260413498,0,0.62427
85,mdcd,RX,spend_per_capita_mean,main,all_cohorts,-6,-0.15432315474282,3.42281155462157,-6.8630338018011,6.55438749231546,Pre,7.96305068367764,11.1486854160583,0,0
85,mdcd,RX,spend_per_capita_mean,main,all_cohorts,-5,0.0562411358489037,12.2404611467549,-23.9350627117906,24.0475449834884,Pre,7.96305068367764,11.1486854160583,0,0
85,mdcd,RX,spend_per_capita_mean,main,all_cohorts,-4,-3.43778253887289,16.9980687572544,-36.7539973030916,29.8784322253458,Pre,7.96305068367764,11.1486854160583,0,0
85,mdcd,RX,spend_per_capita_mean,main,all_cohorts,-3,-7.18239926714128,5.19401503572396,-17.3626687371602,2.99787020287767,Pre,7.96305068367764,11.1486854160583,0,0
85,mdcd,RX,spend_per_capita_mean,main,all_cohorts,-2,-7.66555170976641,3.51033334178222,-14.5458050596596,-0.785298359873253,Pre,7.96305068367764,11.1486854160583,0,0
85,mdcd,RX,spend_per_capita_mean,main,all_cohorts,-1,1.36232119032957,6.62095555732211,-11.6147517020218,14.3393940826809,Pre,7.96305068367764,11.1486854160583,0,0
85,mdcd,RX,spend_per_capita_mean,main,all_cohorts,0,17.0822789904478,7.87487860960182,1.64751691562827,32.5170410652674,Post,7.96305068367764,11.1486854160583,0,0
85,mdcd,RX,spend_per_capita_mean,main,all_cohorts,1,11.3681675525164,10.9919330546151,-10.1760212345292,32.9123563395619,Post,7.96305068367764,11.1486854160583,0,0
85,mdcd,RX,spend_per_capita_mean,main,all_cohorts,2,6.32914496177437,8.38531648234195,-10.1060753436159,22.7643652671646,Post,7.96305068367764,11.1486854160583,0,0
85,mdcd,RX,spend_per_capita_mean,main,all_cohorts,3,-1.30355956999884,12.9582246791229,-26.7016799410797,24.094560801082,Post,7.96305068367764,11.1486854160583,0,0
85,mdcd,RX,spend_per_capita_mean,main,all_cohorts,4,4.33653543817592,18.3117490403651,-31.5544926809396,40.2275635572915,Post,7.96305068367764,11.1486854160583,0,0
86,mdcd,RX,spend_per_capita_mean,main,c2014,-3,-5.46419378867427,6.2750529458332,-17.7632975625073,6.8349099851588,Pre,3.35305275185965,12.0715059689335,0,0.49173
86,mdcd,RX,spend_per_capita_mean,main,c2014,-2,-3.80217280032207,3.03278607287338,-9.74643350315389,2.14208790250976,Pre,3.35305275185965,12.0715059689335,0,0.49173
86,mdcd,RX,spend_per_capita_mean,main,c2014,-1,-1.72614953966996,6.86857272976094,-15.1885520900014,11.7362530106615,Pre,3.35305275185965,12.0715059689335,0,0.49173
86,mdcd,RX,spend_per_capita_mean,main,c2014,0,7.2063612611574,9.11705030909186,-10.6630573446626,25.0757798669775,Post,3.35305275185965,12.0715059689335,0,0.49173
86,mdcd,RX,spend_per_capita_mean,main,c2014,1,4.68734853832475,9.15703395751714,-13.2604380184089,22.6351350950584,Post,3.35305275185965,12.0715059689335,0,0.49173
86,mdcd,RX,spend_per_capita_mean,main,c2014,2,3.50900901255912,10.2863544160578,-16.6522456429142,23.6702636680324,Post,3.35305275185965,12.0715059689335,0,0.49173
86,mdcd,RX,spend_per_capita_mean,main,c2014,3,-2.97399049091895,13.7650315475452,-29.9534523241076,24.0054713422697,Post,3.35305275185965,12.0715059689335,0,0.49173
86,mdcd,RX,spend_per_capita_mean,main,c2014,4,4.33653543817592,18.4844805845731,-31.8930465075873,40.5661173839391,Post,3.35305275185965,12.0715059689335,0,0.49173
87,mdcd,RX,spend_per_capita_mean,sens,all_cohorts,-6,-0.552786976362771,1.96783548233044,-4.40974452173043,3.30417056900489,Pre,18.8020247932215,7.3691020094503,0,0
87,mdcd,RX,spend_per_capita_mean,sens,all_cohorts,-5,1.11109366878589,12.2854823874061,-22.9684518105301,25.1906391481018,Pre,18.8020247932215,7.3691020094503,0,0
87,mdcd,RX,spend_per_capita_mean,sens,all_cohorts,-4,-2.51077825862182,16.3145902557314,-34.4873751598553,29.4658186426117,Pre,18.8020247932215,7.3691020094503,0,0
87,mdcd,RX,spend_per_capita_mean,sens,all_cohorts,-3,-0.818942076036203,3.04645266212748,-6.78998929380607,5.15210514173366,Pre,18.8020247932215,7.3691020094503,0,0
87,mdcd,RX,spend_per_capita_mean,sens,all_cohorts,-2,-5.18887900142656,2.54072700808502,-10.1687039372732,-0.209054065579908,Pre,18.8020247932215,7.3691020094503,0,0
87,mdcd,RX,spend_per_capita_mean,sens,all_cohorts,-1,-0.864121995145635,3.63066137668607,-7.98021829345033,6.25197430315906,Pre,18.8020247932215,7.3691020094503,0,0
87,mdcd,RX,spend_per_capita_mean,sens,all_cohorts,0,15.0439306800861,4.02407710904656,7.15673954635481,22.9311218138173,Post,18.8020247932215,7.3691020094503,0,0
87,mdcd,RX,spend_per_capita_mean,sens,all_cohorts,1,18.826163864296,5.95627296381755,7.15186885521358,30.5004588733784,Post,18.8020247932215,7.3691020094503,0,0
87,mdcd,RX,spend_per_capita_mean,sens,all_cohorts,2,21.9521754874284,7.82149478429292,6.62204571021428,37.2823052646425,Post,18.8020247932215,7.3691020094503,0,0
87,mdcd,RX,spend_per_capita_mean,sens,all_cohorts,3,16.9428143838211,10.3698905448849,-3.38217108415321,37.2677998517955,Post,18.8020247932215,7.3691020094503,0,0
87,mdcd,RX,spend_per_capita_mean,sens,all_cohorts,4,21.7576160447716,12.1458349227514,-2.04822040382112,45.5634524933643,Post,18.8020247932215,7.3691020094503,0,0
88,mdcd,RX,spend_per_capita_mean,sens,c2014,-3,-2.27180213785511,3.81867685877796,-9.75640878105992,5.2128045053497,Pre,16.863681198447,9.05510331603234,0,0.61764
88,mdcd,RX,spend_per_capita_mean,sens,c2014,-2,-3.19521901463038,2.84243519091334,-8.76639198882053,2.37595395955976,Pre,16.863681198447,9.05510331603234,0,0.61764
88,mdcd,RX,spend_per_capita_mean,sens,c2014,-1,-1.53702608538075,5.00405172499348,-11.344967466368,8.27091529560647,Pre,16.863681198447,9.05510331603234,0,0.61764
88,mdcd,RX,spend_per_capita_mean,sens,c2014,0,9.77796655360832,5.41244299733452,-0.830421721167344,20.386354828384,Post,16.863681198447,9.05510331603234,0,0.61764
88,mdcd,RX,spend_per_capita_mean,sens,c2014,1,14.2985681240076,7.22441064867591,0.138723252602848,28.4584129954124,Post,16.863681198447,9.05510331603234,0,0.61764
88,mdcd,RX,spend_per_capita_mean,sens,c2014,2,22.5821691066041,9.45495488270497,4.05045753650234,41.1138806767058,Post,16.863681198447,9.05510331603234,0,0.61764
88,mdcd,RX,spend_per_capita_mean,sens,c2014,3,15.9020861632436,10.7640632283788,-5.19547776437887,36.999650090866,Post,16.863681198447,9.05510331603234,0,0.61764
88,mdcd,RX,spend_per_capita_mean,sens,c2014,4,21.7576160447716,12.7188156911035,-3.17126270979129,46.6864947993345,Post,16.863681198447,9.05510331603234,0,0.61764
89,mdcd,RX,spend_per_vol_mean,main,all_cohorts,-6,-0.308523588756247,0.157321731403195,-0.616874182306509,-0.000172995205983906,Pre,0.420491807686852,0.964059467385174,0,4e-05
89,mdcd,RX,spend_per_vol_mean,main,all_cohorts,-5,-0.274079380538647,0.124230207448736,-0.51757058713817,-0.0305881739391254,Pre,0.420491807686852,0.964059467385174,0,4e-05
89,mdcd,RX,spend_per_vol_mean,main,all_cohorts,-4,0.0929862267699247,0.298971882756496,-0.492998663432808,0.678971116972657,Pre,0.420491807686852,0.964059467385174,0,4e-05
89,mdcd,RX,spend_per_vol_mean,main,all_cohorts,-3,-0.0188061211003212,0.240834909558351,-0.490842543834689,0.453230301634046,Pre,0.420491807686852,0.964059467385174,0,4e-05
89,mdcd,RX,spend_per_vol_mean,main,all_cohorts,-2,0.461454166791585,0.417754983532997,-0.35734560093309,1.28025393451626,Pre,0.420491807686852,0.964059467385174,0,4e-05
89,mdcd,RX,spend_per_vol_mean,main,all_cohorts,-1,0.111731978220576,0.47953719439765,-0.828160922798818,1.05162487923997,Pre,0.420491807686852,0.964059467385174,0,4e-05
89,mdcd,RX,spend_per_vol_mean,main,all_cohorts,0,1.91815832834099,1.03933726320033,-0.118942707531667,3.95525936421364,Post,0.420491807686852,0.964059467385174,0,4e-05
89,mdcd,RX,spend_per_vol_mean,main,all_cohorts,1,1.06044375345394,0.724734734303273,-0.360036325780473,2.48092383268836,Post,0.420491807686852,0.964059467385174,0,4e-05
89,mdcd,RX,spend_per_vol_mean,main,all_cohorts,2,-0.552948805712962,1.33883818190108,-3.17707164223907,2.07117403081315,Post,0.420491807686852,0.964059467385174,0,4e-05
89,mdcd,RX,spend_per_vol_mean,main,all_cohorts,3,-0.528301962254722,1.57868046650125,-3.62251567659718,2.56591175208773,Post,0.420491807686852,0.964059467385174,0,4e-05
89,mdcd,RX,spend_per_vol_mean,main,all_cohorts,4,-0.0459444463819878,1.67250007917681,-3.32404460156854,3.23215570880456,Post,0.420491807686852,0.964059467385174,0,4e-05
90,mdcd,RX,spend_per_vol_mean,main,c2014,-3,0.0285805121698175,0.457719780758024,-0.86855025811591,0.925711282455545,Pre,-0.224654694882085,1.18697494232705,0,0.62301
90,mdcd,RX,spend_per_vol_mean,main,c2014,-2,0.671974976099153,0.725202338948381,-0.749421608239674,2.09337156043798,Pre,-0.224654694882085,1.18697494232705,0,0.62301
90,mdcd,RX,spend_per_vol_mean,main,c2014,-1,0.0100552797192395,1.77088922882788,-3.4608876087834,3.48099816822188,Pre,-0.224654694882085,1.18697494232705,0,0.62301
90,mdcd,RX,spend_per_vol_mean,main,c2014,0,0.738682780668315,0.728805757790591,-0.689776504601243,2.16714206593787,Post,-0.224654694882085,1.18697494232705,0,0.62301
90,mdcd,RX,spend_per_vol_mean,main,c2014,1,0.658979223896049,0.76669170679153,-0.84373652141535,2.16169496920745,Post,-0.224654694882085,1.18697494232705,0,0.62301
90,mdcd,RX,spend_per_vol_mean,main,c2014,2,-1.53567521593395,1.59409994050493,-4.66011109932361,1.5887606674557,Post,-0.224654694882085,1.18697494232705,0,0.62301
90,mdcd,RX,spend_per_vol_mean,main,c2014,3,-0.93931581665885,1.68364580994547,-4.23926160415198,2.36062997083428,Post,-0.224654694882085,1.18697494232705,0,0.62301
90,mdcd,RX,spend_per_vol_mean,main,c2014,4,-0.0459444463819878,1.68626575187606,-3.35102532005907,3.2591364272951,Post,-0.224654694882085,1.18697494232705,0,0.62301
91,mdcd,RX,spend_per_vol_mean,sens,all_cohorts,-6,-0.255484821117058,0.134312899603236,-0.518738104339401,0.00776846210528498,Pre,1.40422611918016,0.915261217435494,0,0
91,mdcd,RX,spend_per_vol_mean,sens,all_cohorts,-5,-0.33089690450718,0.160721041481382,-0.645910145810688,-0.0158836632036713,Pre,1.40422611918016,0.915261217435494,0,0
91,mdcd,RX,spend_per_vol_mean,sens,all_cohorts,-4,-0.0401681723958811,0.180211843103787,-0.393383384879304,0.313047040087541,Pre,1.40422611918016,0.915261217435494,0,0
91,mdcd,RX,spend_per_vol_mean,sens,all_cohorts,-3,0.217141602106673,0.165300487991912,-0.106847354357473,0.54113055857082,Pre,1.40422611918016,0.915261217435494,0,0
91,mdcd,RX,spend_per_vol_mean,sens,all_cohorts,-2,0.13851235041647,0.361256088490183,-0.56954958302429,0.846574283857229,Pre,1.40422611918016,0.915261217435494,0,0
91,mdcd,RX,spend_per_vol_mean,sens,all_cohorts,-1,0.34554041571239,0.519943114347622,-0.673548088408948,1.36462891983373,Pre,1.40422611918016,0.915261217435494,0,0
91,mdcd,RX,spend_per_vol_mean,sens,all_cohorts,0,1.14181227850577,1.09343232103213,-1.0013150707172,3.28493962772873,Post,1.40422611918016,0.915261217435494,0,0
91,mdcd,RX,spend_per_vol_mean,sens,all_cohorts,1,1.17098681082265,0.677304561664315,-0.156530130039412,2.4985037516847,Post,1.40422611918016,0.915261217435494,0,0
91,mdcd,RX,spend_per_vol_mean,sens,all_cohorts,2,1.34759430018572,1.04449075922658,-0.699607587898375,3.39479618826981,Post,1.40422611918016,0.915261217435494,0,0
91,mdcd,RX,spend_per_vol_mean,sens,all_cohorts,3,1.649750623951,1.18143841528371,-0.665868670005082,3.96536991790708,Post,1.40422611918016,0.915261217435494,0,0
91,mdcd,RX,spend_per_vol_mean,sens,all_cohorts,4,1.83389816015078,1.38613155386653,-0.882919685427622,4.55071600572917,Post,1.40422611918016,0.915261217435494,0,0
92,mdcd,RX,spend_per_vol_mean,sens,c2014,-3,0.280158278105055,0.25909367048331,-0.227665316042233,0.787981872252343,Pre,0.881302768285873,1.05066185345176,0,0.32618
92,mdcd,RX,spend_per_vol_mean,sens,c2014,-2,0.29100345597474,0.802037058210373,-1.28098917811759,1.86299609006707,Pre,0.881302768285873,1.05066185345176,0,0.32618
92,mdcd,RX,spend_per_vol_mean,sens,c2014,-1,0.999699430033327,1.25208297968923,-1.45438321015756,3.45378207022422,Pre,0.881302768285873,1.05066185345176,0,0.32618
92,mdcd,RX,spend_per_vol_mean,sens,c2014,0,-0.287736807358529,0.931719119451696,-2.11390628148385,1.5384326667668,Post,0.881302768285873,1.05066185345176,0,0.32618
92,mdcd,RX,spend_per_vol_mean,sens,c2014,1,0.820053309961366,0.885967714914847,-0.916443411271735,2.55655003119447,Post,0.881302768285873,1.05066185345176,0,0.32618
92,mdcd,RX,spend_per_vol_mean,sens,c2014,2,0.693336885110013,1.08676118556902,-1.43671503860527,2.8233888088253,Post,0.881302768285873,1.05066185345176,0,0.32618
92,mdcd,RX,spend_per_vol_mean,sens,c2014,3,1.34696229356574,1.36214151388535,-1.32283507364955,4.01675966078103,Post,0.881302768285873,1.05066185345176,0,0.32618
92,mdcd,RX,spend_per_vol_mean,sens,c2014,4,1.83389816015078,1.30609237326552,-0.726042891449653,4.3938392117512,Post,0.881302768285873,1.05066185345176,0,0.32618
93,mdcd,RX,vol_per_bene_mean,main,all_cohorts,-6,99.5815771381375,257.367910242806,-404.859526937763,604.022681214038,Pre,-1984.48786647352,1433.73511822355,0,0
93,mdcd,RX,vol_per_bene_mean,main,all_cohorts,-5,-230.712541928438,756.132629709399,-1712.73249615886,1251.30741230198,Pre,-1984.48786647352,1433.73511822355,0,0
93,mdcd,RX,vol_per_bene_mean,main,all_cohorts,-4,-18.7933492438871,929.098904573065,-1839.82720220709,1802.24050371932,Pre,-1984.48786647352,1433.73511822355,0,0
93,mdcd,RX,vol_per_bene_mean,main,all_cohorts,-3,-510.690415853974,397.969507710784,-1290.71065096711,269.329819259161,Pre,-1984.48786647352,1433.73511822355,0,0
93,mdcd,RX,vol_per_bene_mean,main,all_cohorts,-2,-729.887427065414,344.819471392631,-1405.73359099497,-54.0412631358579,Pre,-1984.48786647352,1433.73511822355,0,0
93,mdcd,RX,vol_per_bene_mean,main,all_cohorts,-1,-295.86906316298,730.876444900305,-1728.38689516758,1136.64876884162,Pre,-1984.48786647352,1433.73511822355,0,0
93,mdcd,RX,vol_per_bene_mean,main,all_cohorts,0,-367.472155963851,941.002937892191,-2211.83791423255,1476.89360230484,Post,-1984.48786647352,1433.73511822355,0,0
93,mdcd,RX,vol_per_bene_mean,main,all_cohorts,1,-2383.76253614265,1664.6128562023,-5646.40373429916,878.878662013863,Post,-1984.48786647352,1433.73511822355,0,0
93,mdcd,RX,vol_per_bene_mean,main,all_cohorts,2,-2060.73233213636,1290.82801622264,-4590.75524393273,469.290579660006,Post,-1984.48786647352,1433.73511822355,0,0
93,mdcd,RX,vol_per_bene_mean,main,all_cohorts,3,-2740.53110088568,1478.48668594308,-5638.36500533413,157.302803562762,Post,-1984.48786647352,1433.73511822355,0,0
93,mdcd,RX,vol_per_bene_mean,main,all_cohorts,4,-2601.88483878585,2036.65009452786,-6593.71902406045,1389.94934648875,Post,-1984.48786647352,1433.73511822355,0,0
94,mdcd,RX,vol_per_bene_mean,main,c2014,-3,-385.157396370958,556.509950842434,-1475.91690002213,705.602107280213,Pre,-2464.23169419137,1495.29821007802,0,0.11618
94,mdcd,RX,vol_per_bene_mean,main,c2014,-2,-390.872987498023,373.383932135766,-1122.70549448412,340.959519488078,Pre,-2464.23169419137,1495.29821007802,0,0.11618
94,mdcd,RX,vol_per_bene_mean,main,c2014,-1,-727.403761252446,490.957531428749,-1689.68052285279,234.873000347901,Pre,-2464.23169419137,1495.29821007802,0,0.11618
94,mdcd,RX,vol_per_bene_mean,main,c2014,0,-1147.70924697324,1033.73195789686,-3173.82388445109,878.405390504599,Post,-2464.23169419137,1495.29821007802,0,0.11618
94,mdcd,RX,vol_per_bene_mean,main,c2014,1,-3364.23495294578,1388.42552413601,-6085.54898025237,-642.920925639188,Post,-2464.23169419137,1495.29821007802,0,0.11618
94,mdcd,RX,vol_per_bene_mean,main,c2014,2,-2332.92472539751,1438.72686064806,-5152.82937226771,486.979921472689,Post,-2464.23169419137,1495.29821007802,0,0.11618
94,mdcd,RX,vol_per_bene_mean,main,c2014,3,-2874.40470685446,1598.58435522693,-6007.63004309924,258.820629390314,Post,-2464.23169419137,1495.29821007802,0,0.11618
94,mdcd,RX,vol_per_bene_mean,main,c2014,4,-2601.88483878585,2015.23632418868,-6551.74803419566,1347.97835662395,Post,-2464.23169419137,1495.29821007802,0,0.11618
95,mdcd,RX,vol_per_bene_mean,sens,all_cohorts,-6,194.095966672654,142.891019873714,-85.9704322798258,474.162365625134,Pre,-724.837818142439,823.733622432928,0,0
95,mdcd,RX,vol_per_bene_mean,sens,all_cohorts,-5,-198.271710457089,742.365880024262,-1653.30883530464,1256.76541439046,Pre,-724.837818142439,823.733622432928,0,0
95,mdcd,RX,vol_per_bene_mean,sens,all_cohorts,-4,-43.4922932447793,913.9253576016,-1834.78599414392,1747.80140765436,Pre,-724.837818142439,823.733622432928,0,0
95,mdcd,RX,vol_per_bene_mean,sens,all_cohorts,-3,-101.669115617595,257.691974348957,-606.745385341551,403.407154106361,Pre,-724.837818142439,823.733622432928,0,0
95,mdcd,RX,vol_per_bene_mean,sens,all_cohorts,-2,-397.298600377829,251.855805695918,-890.935979541827,96.3387787861694,Pre,-724.837818142439,823.733622432928,0,0
95,mdcd,RX,vol_per_bene_mean,sens,all_cohorts,-1,-410.546458822775,501.65987648889,-1393.799816741,572.70689909545,Pre,-724.837818142439,823.733622432928,0,0
95,mdcd,RX,vol_per_bene_mean,sens,all_cohorts,0,-228.803449429563,559.407627619389,-1325.24239956357,867.635500704439,Post,-724.837818142439,823.733622432928,0,0
95,mdcd,RX,vol_per_bene_mean,sens,all_cohorts,1,-763.798228640184,783.889906158252,-2300.22244471036,772.62598742999,Post,-724.837818142439,823.733622432928,0,0
95,mdcd,RX,vol_per_bene_mean,sens,all_cohorts,2,-656.55592216839,801.197443712738,-2226.90291184536,913.791067508576,Post,-724.837818142439,823.733622432928,0,0
95,mdcd,RX,vol_per_bene_mean,sens,all_cohorts,3,-1192.72875082397,1010.66432868807,-3173.63083505259,788.173333404648,Post,-724.837818142439,823.733622432928,0,0
95,mdcd,RX,vol_per_bene_mean,sens,all_cohorts,4,-870.524191062313,1253.38124428848,-3327.15142986773,1586.10304774311,Post,-724.837818142439,823.733622432928,0,0
96,mdcd,RX,vol_per_bene_mean,sens,c2014,-3,-298.105329429777,303.906791193864,-893.76264016975,297.551981310197,Pre,-922.722730404633,956.418060376985,0,0.22863
96,mdcd,RX,vol_per_bene_mean,sens,c2014,-2,-235.026892231523,340.079492885877,-901.582698287843,431.528913824796,Pre,-922.722730404633,956.418060376985,0,0.22863
96,mdcd,RX,vol_per_bene_mean,sens,c2014,-1,-649.62895098779,487.464674538133,-1605.05971308253,305.80181110695,Pre,-922.722730404633,956.418060376985,0,0.22863
96,mdcd,RX,vol_per_bene_mean,sens,c2014,0,-380.263146670712,666.932386811253,-1687.45062482077,926.924331479343,Post,-922.722730404633,956.418060376985,0,0.22863
96,mdcd,RX,vol_per_bene_mean,sens,c2014,1,-1471.55379863611,1016.43436492709,-3463.7651538932,520.65755662098,Post,-922.722730404633,956.418060376985,0,0.22863
96,mdcd,RX,vol_per_bene_mean,sens,c2014,2,-635.622126076601,1036.08959568409,-2666.35773361742,1395.11348146422,Post,-922.722730404633,956.418060376985,0,0.22863
96,mdcd,RX,vol_per_bene_mean,sens,c2014,3,-1255.65038957743,1043.43679701566,-3300.78651172812,789.485732573264,Post,-922.722730404633,956.418060376985,0,0.22863
96,mdcd,RX,vol_per_bene_mean,sens,c2014,4,-870.524191062313,1261.85369914081,-3343.75744137831,1602.70905925368,Post,-922.722730404633,956.418060376985,0,0.22863
97,mdcd,RX,vol_per_capita_mean,main,all_cohorts,-6,11.9437572396356,44.5412296637172,-75.3570529012501,99.2445673805213,Pre,20.0573005617602,162.765747171139,0,0
97,mdcd,RX,vol_per_capita_mean,main,all_cohorts,-5,8.57158187515825,149.149298827635,-283.761043827006,300.904207577323,Pre,20.0573005617602,162.765747171139,0,0
97,mdcd,RX,vol_per_capita_mean,main,all_cohorts,-4,-45.5251138348714,210.266683103077,-457.647812716903,366.59758504716,Pre,20.0573005617602,162.765747171139,0,0
97,mdcd,RX,vol_per_capita_mean,main,all_cohorts,-3,-76.0778834334747,59.8475255857133,-193.379033581473,41.2232667145233,Pre,20.0573005617602,162.765747171139,0,0
97,mdcd,RX,vol_per_capita_mean,main,all_cohorts,-2,-116.34198116549,47.7392782773652,-209.910966589126,-22.772995741854,Pre,20.0573005617602,162.765747171139,0,0
97,mdcd,RX,vol_per_capita_mean,main,all_cohorts,-1,0.87855558494831,90.4583591100432,-176.419828270736,178.176939440633,Pre,20.0573005617602,162.765747171139,0,0
97,mdcd,RX,vol_per_capita_mean,main,all_cohorts,0,160.918553611368,106.262026528564,-47.355018384618,369.192125607354,Post,20.0573005617602,162.765747171139,0,0
97,mdcd,RX,vol_per_capita_mean,main,all_cohorts,1,4.60034639411971,166.145130043223,-321.044108490598,330.244801278837,Post,20.0573005617602,162.765747171139,0,0
97,mdcd,RX,vol_per_capita_mean,main,all_cohorts,2,14.1604332531374,122.095592914383,-225.146928859053,253.467795365328,Post,20.0573005617602,162.765747171139,0,0
97,mdcd,RX,vol_per_capita_mean,main,all_cohorts,3,-67.3026306931646,180.317195224182,-420.724333332561,286.119071946232,Post,20.0573005617602,162.765747171139,0,0
97,mdcd,RX,vol_per_capita_mean,main,all_cohorts,4,-35.3049635389498,271.205633841723,-566.868005868728,496.258078790828,Post,20.0573005617602,162.765747171139,0,0
98,mdcd,RX,vol_per_capita_mean,main,c2014,-3,-42.0817159990968,70.0786082309979,-179.435788131853,95.2723561336591,Pre,-39.2367792274224,161.60434339771,0,0.37728
98,mdcd,RX,vol_per_capita_mean,main,c2014,-2,-55.0649187729895,35.623348979596,-124.886682772998,14.7568452270187,Pre,-39.2367792274224,161.60434339771,0,0.37728
98,mdcd,RX,vol_per_capita_mean,main,c2014,-1,-51.2638752518894,71.7940824330027,-191.980276820575,89.4525263167959,Pre,-39.2367792274224,161.60434339771,0,0.37728
98,mdcd,RX,vol_per_capita_mean,main,c2014,0,34.61844372211,106.393442565757,-173.912703706774,243.149591150994,Post,-39.2367792274224,161.60434339771,0,0.37728
98,mdcd,RX,vol_per_capita_mean,main,c2014,1,-97.5896519777114,146.988299195959,-385.68671840179,190.507414446368,Post,-39.2367792274224,161.60434339771,0,0.37728
98,mdcd,RX,vol_per_capita_mean,main,c2014,2,-11.3474724830714,147.237482466097,-299.932938116622,277.237993150479,Post,-39.2367792274224,161.60434339771,0,0.37728
98,mdcd,RX,vol_per_capita_mean,main,c2014,3,-86.5602518594893,197.268277856585,-473.206076458395,300.085572739416,Post,-39.2367792274224,161.60434339771,0,0.37728
98,mdcd,RX,vol_per_capita_mean,main,c2014,4,-35.3049635389498,239.630507089428,-504.980757434228,434.370830356328,Post,-39.2367792274224,161.60434339771,0,0.37728
99,mdcd,RX,vol_per_capita_mean,sens,all_cohorts,-6,1.70072001827888,28.1243763906647,-53.423057707424,56.8244977439818,Pre,166.966387687162,99.7969882995986,0,0
99,mdcd,RX,vol_per_capita_mean,sens,all_cohorts,-5,22.5388439028656,151.632580942056,-274.661014743564,319.738702549295,Pre,166.966387687162,99.7969882995986,0,0
99,mdcd,RX,vol_per_capita_mean,sens,all_cohorts,-4,-32.4655120743895,208.984724850667,-442.075572781696,377.144548632918,Pre,166.966387687162,99.7969882995986,0,0
99,mdcd,RX,vol_per_capita_mean,sens,all_cohorts,-3,-17.0487162322533,37.0453710238301,-89.6576434389603,55.5602109744536,Pre,166.966387687162,99.7969882995986,0,0
99,mdcd,RX,vol_per_capita_mean,sens,all_cohorts,-2,-79.0204436822511,31.0056675908854,-139.791552160386,-18.2493352041157,Pre,166.966387687162,99.7969882995986,0,0
99,mdcd,RX,vol_per_capita_mean,sens,all_cohorts,-1,-21.5043296549727,51.8571790983719,-123.144400687782,80.1357413778362,Pre,166.966387687162,99.7969882995986,0,0
99,mdcd,RX,vol_per_capita_mean,sens,all_cohorts,0,153.966804920802,59.5176163356593,37.3122769029097,270.621332938694,Post,166.966387687162,99.7969882995986,0,0
99,mdcd,RX,vol_per_capita_mean,sens,all_cohorts,1,172.100881952201,89.4666338271448,-3.25372034900278,347.455484253405,Post,166.966387687162,99.7969882995986,0,0
99,mdcd,RX,vol_per_capita_mean,sens,all_cohorts,2,202.771413952898,104.373056733771,-1.79977724529411,407.342605151089,Post,166.966387687162,99.7969882995986,0,0
99,mdcd,RX,vol_per_capita_mean,sens,all_cohorts,3,132.372342920633,124.25198556413,-111.161548785062,375.906234626328,Post,166.966387687162,99.7969882995986,0,0
99,mdcd,RX,vol_per_capita_mean,sens,all_cohorts,4,171.380798537852,150.147203861484,-122.907721030657,465.669318106361,Post,166.966387687162,99.7969882995986,0,0
100,mdcd,RX,vol_per_capita_mean,sens,c2014,-3,-40.0249571448019,46.1162680511137,-130.412842524985,50.362928235381,Pre,145.2296240805,118.955544458935,0,0.27275
100,mdcd,RX,vol_per_capita_mean,sens,c2014,-2,-57.0733504517234,35.1839444990428,-126.033881669847,11.8871807664005,Pre,145.2296240805,118.955544458935,0,0.27275
100,mdcd,RX,vol_per_capita_mean,sens,c2014,-1,-40.2563311862366,60.5107864711179,-158.857472669628,78.3448102971545,Pre,145.2296240805,118.955544458935,0,0.27275
100,mdcd,RX,vol_per_capita_mean,sens,c2014,0,105.070887470768,73.0005993045186,-38.0102871660888,248.152062107624,Post,145.2296240805,118.955544458935,0,0.27275
100,mdcd,RX,vol_per_capita_mean,sens,c2014,1,112.712998585584,115.641565340799,-113.944469482382,339.370466653551,Post,145.2296240805,118.955544458935,0,0.27275
100,mdcd,RX,vol_per_capita_mean,sens,c2014,2,217.113084632652,121.21415135723,-20.4666520275189,454.692821292823,Post,145.2296240805,118.955544458935,0,0.27275
100,mdcd,RX,vol_per_capita_mean,sens,c2014,3,119.870351175644,137.29578176416,-149.22938108211,388.970083433398,Post,145.2296240805,118.955544458935,0,0.27275
100,mdcd,RX,vol_per_capita_mean,sens,c2014,4,171.380798537852,161.319065522319,-144.804569885893,487.566166961598,Post,145.2296240805,118.955544458935,0,0.27275
101,mdcd,Total,spend_per_bene_mean,main,all_cohorts,-6,104.146941848057,147.157366456515,-184.281496406713,392.575380102827,Pre,-332.42773437089,230.288335656801,0,0
101,mdcd,Total,spend_per_bene_mean,main,all_cohorts,-5,-455.080942046878,419.506147968713,-1277.31299206555,367.1511079718,Pre,-332.42773437089,230.288335656801,0,0
101,mdcd,Total,spend_per_bene_mean,main,all_cohorts,-4,183.659875544212,331.556420953611,-466.190709524866,833.51046061329,Pre,-332.42773437089,230.288335656801,0,0
101,mdcd,Total,spend_per_bene_mean,main,all_cohorts,-3,196.512540615332,382.391848312523,-552.975482077214,946.000563307878,Pre,-332.42773437089,230.288335656801,0,0
101,mdcd,Total,spend_per_bene_mean,main,all_cohorts,-2,406.896401240519,189.239811720995,35.9863702673696,777.806432213669,Pre,-332.42773437089,230.288335656801,0,0
101,mdcd,Total,spend_per_bene_mean,main,all_cohorts,-1,-146.803228706945,159.364299964115,-459.157256636611,165.55079922272,Pre,-332.42773437089,230.288335656801,0,0
101,mdcd,Total,spend_per_bene_mean,main,all_cohorts,0,-151.425136492624,293.586522738065,-726.854721059232,424.004448073983,Post,-332.42773437089,230.288335656801,0,0
101,mdcd,Total,spend_per_bene_mean,main,all_cohorts,1,-224.107486625676,211.550446146231,-638.746361072288,190.531387820937,Post,-332.42773437089,230.288335656801,0,0
101,mdcd,Total,spend_per_bene_mean,main,all_cohorts,2,-399.057177379949,304.175945910369,-995.242031364273,197.127676604374,Post,-332.42773437089,230.288335656801,0,0
101,mdcd,Total,spend_per_bene_mean,main,all_cohorts,3,-564.812215531244,290.543031509648,-1134.27655729015,4.65212622766649,Post,-332.42773437089,230.288335656801,0,0
101,mdcd,Total,spend_per_bene_mean,main,all_cohorts,4,-359.869848538115,248.677643535225,-847.278029867155,127.538332790926,Post,-332.42773437089,230.288335656801,0,0
102,mdcd,Total,spend_per_bene_mean,main,c2014,-3,304.612790064554,229.560979319266,-145.326729401207,754.552309530316,Pre,-299.206112990089,260.273773025064,0,0.3715
102,mdcd,Total,spend_per_bene_mean,main,c2014,-2,212.616911853226,281.59756934442,-339.314324061837,764.548147768289,Pre,-299.206112990089,260.273773025064,0,0.3715
102,mdcd,Total,spend_per_bene_mean,main,c2014,-1,-205.316554847693,359.282387861795,-909.510035056812,498.876925361425,Pre,-299.206112990089,260.273773025064,0,0.3715
102,mdcd,Total,spend_per_bene_mean,main,c2014,0,110.23369647634,276.183049299666,-431.085080151006,651.552473103686,Post,-299.206112990089,260.273773025064,0,0.3715
102,mdcd,Total,spend_per_bene_mean,main,c2014,1,-274.029257506018,234.386287393335,-733.426380796956,185.367865784919,Post,-299.206112990089,260.273773025064,0,0.3715
102,mdcd,Total,spend_per_bene_mean,main,c2014,2,-394.39960028403,354.575371777228,-1089.3673289674,300.568128399337,Post,-299.206112990089,260.273773025064,0,0.3715
102,mdcd,Total,spend_per_bene_mean,main,c2014,3,-577.965555098621,330.356922416055,-1225.46512303409,69.534012836847,Post,-299.206112990089,260.273773025064,0,0.3715
102,mdcd,Total,spend_per_bene_mean,main,c2014,4,-359.869848538115,240.171604960659,-830.606194261006,110.866497184777,Post,-299.206112990089,260.273773025064,0,0.3715
103,mdcd,Total,spend_per_bene_mean,sens,all_cohorts,-6,264.242986181666,114.942275467974,38.9561262644367,489.529846098895,Pre,-185.544278325482,141.498878807291,0,0
103,mdcd,Total,spend_per_bene_mean,sens,all_cohorts,-5,-447.383292096347,443.868042689813,-1317.36465576838,422.598071575686,Pre,-185.544278325482,141.498878807291,0,0
103,mdcd,Total,spend_per_bene_mean,sens,all_cohorts,-4,178.319822483282,497.880181809136,-797.525333862625,1154.16497882919,Pre,-185.544278325482,141.498878807291,0,0
103,mdcd,Total,spend_per_bene_mean,sens,all_cohorts,-3,107.336881195792,280.068653762243,-441.597680178204,656.271442569788,Pre,-185.544278325482,141.498878807291,0,0
103,mdcd,Total,spend_per_bene_mean,sens,all_cohorts,-2,142.452774385733,141.724508627898,-135.327262524947,420.232811296414,Pre,-185.544278325482,141.498878807291,0,0
103,mdcd,Total,spend_per_bene_mean,sens,all_cohorts,-1,-47.0847952488,132.681680833432,-307.140889682327,212.971299184727,Pre,-185.544278325482,141.498878807291,0,0
103,mdcd,Total,spend_per_bene_mean,sens,all_cohorts,0,-57.0102670377361,224.498277083938,-497.026890122255,383.006356046783,Post,-185.544278325482,141.498878807291,0,0
103,mdcd,Total,spend_per_bene_mean,sens,all_cohorts,1,-118.32049429987,143.834362022445,-400.235843863862,163.594855264121,Post,-185.544278325482,141.498878807291,0,0
103,mdcd,Total,spend_per_bene_mean,sens,all_cohorts,2,-139.163225797203,178.177431296306,-488.390991137962,210.064539543557,Post,-185.544278325482,141.498878807291,0,0
103,mdcd,Total,spend_per_bene_mean,sens,all_cohorts,3,-381.068431527761,174.590646972661,-723.266099594177,-38.8707634613454,Post,-185.544278325482,141.498878807291,0,0
103,mdcd,Total,spend_per_bene_mean,sens,all_cohorts,4,-274.639709875094,188.742024082634,-644.574077077056,95.2946573268683,Post,-185.544278325482,141.498878807291,0,0
104,mdcd,Total,spend_per_bene_mean,sens,c2014,-3,-147.636302903669,184.496422531374,-509.249291065161,213.976685257824,Pre,-93.2725495752623,165.764650452385,0,0.76437
104,mdcd,Total,spend_per_bene_mean,sens,c2014,-2,70.1091831425584,208.60180843869,-338.750361397273,478.96872768239,Pre,-93.2725495752623,165.764650452385,0,0.76437
104,mdcd,Total,spend_per_bene_mean,sens,c2014,-1,-201.118961502235,260.066008966764,-710.848339077092,308.610416072621,Pre,-93.2725495752623,165.764650452385,0,0.76437
104,mdcd,Total,spend_per_bene_mean,sens,c2014,0,328.467018570247,186.701895720275,-37.468697041491,694.402734181985,Post,-93.2725495752623,165.764650452385,0,0.76437
104,mdcd,Total,spend_per_bene_mean,sens,c2014,1,-67.4681135423021,154.964641362437,-371.198810612678,236.262583528074,Post,-93.2725495752623,165.764650452385,0,0.76437
104,mdcd,Total,spend_per_bene_mean,sens,c2014,2,-78.4224922328257,181.362444009996,-433.892882492419,277.047898026767,Post,-93.2725495752623,165.764650452385,0,0.76437
104,mdcd,Total,spend_per_bene_mean,sens,c2014,3,-374.299450796337,182.631713211219,-732.257608690327,-16.3412929023465,Post,-93.2725495752623,165.764650452385,0,0.76437
104,mdcd,Total,spend_per_bene_mean,sens,c2014,4,-274.639709875094,185.416967716933,-638.056966600283,88.7775468500947,Post,-93.2725495752623,165.764650452385,0,0.76437
105,mdcd,Total,spend_per_capita_mean,main,all_cohorts,-6,-32.7158164779354,22.6164005425301,-77.0439615412944,11.6123285854235,Pre,169.50557212384,39.4277959465539,0,0
105,mdcd,Total,spend_per_capita_mean,main,all_cohorts,-5,-48.2323249265973,72.3386307245252,-190.016041146667,93.5513912934722,Pre,169.50557212384,39.4277959465539,0,0
105,mdcd,Total,spend_per_capita_mean,main,all_cohorts,-4,27.2509081036889,63.0801749277364,-96.3862347546745,150.888050962052,Pre,169.50557212384,39.4277959465539,0,0
105,mdcd,Total,spend_per_capita_mean,main,all_cohorts,-3,10.0884457491686,49.8831218105011,-87.6824729994136,107.859364497751,Pre,169.50557212384,39.4277959465539,0,0
105,mdcd,Total,spend_per_capita_mean,main,all_cohorts,-2,69.6985374726414,29.1866832889807,12.4926382262392,126.904436719044,Pre,169.50557212384,39.4277959465539,0,0
105,mdcd,Total,spend_per_capita_mean,main,all_cohorts,-1,4.51403624100348,19.7387666083455,-34.1739463113537,43.2020187933606,Pre,169.50557212384,39.4277959465539,0,0
105,mdcd,Total,spend_per_capita_mean,main,all_cohorts,0,137.758020657434,40.0052656495859,59.3476999842454,216.168341330622,Post,169.50557212384,39.4277959465539,0,0
105,mdcd,Total,spend_per_capita_mean,main,all_cohorts,1,225.096834577518,41.2453696508485,144.255910061855,305.937759093181,Post,169.50557212384,39.4277959465539,0,0
105,mdcd,Total,spend_per_capita_mean,main,all_cohorts,2,174.463756985159,45.8960104999257,84.5075764053046,264.419937565013,Post,169.50557212384,39.4277959465539,0,0
105,mdcd,Total,spend_per_capita_mean,main,all_cohorts,3,143.061163049901,46.1032536076319,52.6987859789426,233.42354012086,Post,169.50557212384,39.4277959465539,0,0
105,mdcd,Total,spend_per_capita_mean,main,all_cohorts,4,162.455210994905,53.5532695351469,57.4908027060173,267.419619283793,Post,169.50557212384,39.4277959465539,0,0
106,mdcd,Total,spend_per_capita_mean,main,c2014,-3,31.8307756075961,39.3899720330996,-45.373569577279,109.035120792471,Pre,161.55020994423,48.3527703591077,0,0.58567
106,mdcd,Total,spend_per_capita_mean,main,c2014,-2,36.7628391297983,38.2725152552144,-38.2512907704219,111.776969030018,Pre,161.55020994423,48.3527703591077,0,0.58567
106,mdcd,Total,spend_per_capita_mean,main,c2014,-1,-19.6449761735114,28.0450225352966,-74.6132203426927,35.3232679956699,Pre,161.55020994423,48.3527703591077,0,0.58567
106,mdcd,Total,spend_per_capita_mean,main,c2014,0,152.21158273576,39.7295293643388,74.3417051816555,230.081460289864,Post,161.55020994423,48.3527703591077,0,0.58567
106,mdcd,Total,spend_per_capita_mean,main,c2014,1,196.847450158473,44.5854991993123,109.459871727821,284.235028589126,Post,161.55020994423,48.3527703591077,0,0.58567
106,mdcd,Total,spend_per_capita_mean,main,c2014,2,155.508674795674,61.7638982089507,34.4514343061305,276.565915285217,Post,161.55020994423,48.3527703591077,0,0.58567
106,mdcd,Total,spend_per_capita_mean,main,c2014,3,140.728131036338,49.2621849938995,44.1742484482949,237.282013624381,Post,161.55020994423,48.3527703591077,0,0.58567
106,mdcd,Total,spend_per_capita_mean,main,c2014,4,162.455210994905,56.9350185210642,50.8625746936192,274.047847296191,Post,161.55020994423,48.3527703591077,0,0.58567
107,mdcd,Total,spend_per_capita_mean,sens,all_cohorts,-6,-8.84335493002994,16.834700233259,-41.8393673872176,24.1526575271577,Pre,214.786310920933,32.0401320579937,0,0
107,mdcd,Total,spend_per_capita_mean,sens,all_cohorts,-5,-52.6800876478382,62.2564713830452,-174.702771558607,69.3425962629303,Pre,214.786310920933,32.0401320579937,0,0
107,mdcd,Total,spend_per_capita_mean,sens,all_cohorts,-4,30.7137540464493,61.2714106341017,-89.3782107963899,150.805718889289,Pre,214.786310920933,32.0401320579937,0,0
107,mdcd,Total,spend_per_capita_mean,sens,all_cohorts,-3,10.6831158220039,35.5460662498436,-58.9871740276896,80.3534056716975,Pre,214.786310920933,32.0401320579937,0,0
107,mdcd,Total,spend_per_capita_mean,sens,all_cohorts,-2,12.3126803908721,18.9294314713653,-24.7890052930039,49.4143660747481,Pre,214.786310920933,32.0401320579937,0,0
107,mdcd,Total,spend_per_capita_mean,sens,all_cohorts,-1,24.7074225592668,14.8480948063645,-4.39484326120768,53.8096883797413,Pre,214.786310920933,32.0401320579937,0,0
107,mdcd,Total,spend_per_capita_mean,sens,all_cohorts,0,156.47954651947,25.4809078647651,106.536967104531,206.42212593441,Post,214.786310920933,32.0401320579937,0,0
107,mdcd,Total,spend_per_capita_mean,sens,all_cohorts,1,223.667735165239,34.6720751233574,155.710467923459,291.62500240702,Post,214.786310920933,32.0401320579937,0,0
107,mdcd,Total,spend_per_capita_mean,sens,all_cohorts,2,244.056363490881,38.4714570123241,168.652307746726,319.460419235036,Post,214.786310920933,32.0401320579937,0,0
107,mdcd,Total,spend_per_capita_mean,sens,all_cohorts,3,220.217420499157,38.654093347473,144.455397538109,295.979443460204,Post,214.786310920933,32.0401320579937,0,0
107,mdcd,Total,spend_per_capita_mean,sens,all_cohorts,4,235.67303840775,46.7381220115052,144.0663192652,327.2797575503,Post,214.786310920933,32.0401320579937,0,0
108,mdcd,Total,spend_per_capita_mean,sens,c2014,-3,-5.5608588730253,30.2124945461061,-64.7773481833932,53.6556304373426,Pre,220.15858801085,36.400246096203,0,0.97127
108,mdcd,Total,spend_per_capita_mean,sens,c2014,-2,-4.83484486874183,20.7548033607899,-45.51425945589,35.8445697184063,Pre,220.15858801085,36.400246096203,0,0.97127
108,mdcd,Total,spend_per_capita_mean,sens,c2014,-1,8.18704546243151,21.3075726935214,-33.5757970168704,49.9498879417334,Pre,220.15858801085,36.400246096203,0,0.97127
108,mdcd,Total,spend_per_capita_mean,sens,c2014,0,180.960577768172,27.9941886489697,126.091968016191,235.829187520152,Post,220.15858801085,36.400246096203,0,0.97127
108,mdcd,Total,spend_per_capita_mean,sens,c2014,1,219.707031621909,34.8672743375352,151.36717392034,288.046889323478,Post,220.15858801085,36.400246096203,0,0.97127
108,mdcd,Total,spend_per_capita_mean,sens,c2014,2,239.602975369379,41.2286079020233,158.794903881413,320.411046857344,Post,220.15858801085,36.400246096203,0,0.97127
108,mdcd,Total,spend_per_capita_mean,sens,c2014,3,224.849316887042,43.3246084176466,139.933084388455,309.76554938563,Post,220.15858801085,36.400246096203,0,0.97127
108,mdcd,Total,spend_per_capita_mean,sens,c2014,4,235.67303840775,46.5109020614327,144.511670367342,326.834406448158,Post,220.15858801085,36.400246096203,0,0.97127
109,mdcd,Total,spend_per_vol_mean,main,all_cohorts,-6,-0.00722759725083703,0.00412580894445486,-0.0153141827819686,0.000858988280294499,Pre,0.0140716499204964,0.0134315084490044,0,0
109,mdcd,Total,spend_per_vol_mean,main,all_cohorts,-5,0.00419940740088892,0.0065748441434331,-0.00868728712023996,0.0170861019220178,Pre,0.0140716499204964,0.0134315084490044,0,0
109,mdcd,Total,spend_per_vol_mean,main,all_cohorts,-4,0.00794692655965061,0.00833517923755004,-0.00839002474594746,0.0242838778652487,Pre,0.0140716499204964,0.0134315084490044,0,0
109,mdcd,Total,spend_per_vol_mean,main,all_cohorts,-3,0.0123351533244199,0.00581592735230226,0.000935935713907477,0.0237343709349323,Pre,0.0140716499204964,0.0134315084490044,0,0
109,mdcd,Total,spend_per_vol_mean,main,all_cohorts,-2,0.0194237610635855,0.00853815937246587,0.00268896869355237,0.0361585534336186,Pre,0.0140716499204964,0.0134315084490044,0,0
109,mdcd,Total,spend_per_vol_mean,main,all_cohorts,-1,0.00210242437930813,0.0103423816611286,-0.0181686436765039,0.0223734924351201,Pre,0.0140716499204964,0.0134315084490044,0,0
109,mdcd,Total,spend_per_vol_mean,main,all_cohorts,0,0.00555874474434147,0.0137160084739335,-0.0213246318645682,0.0324421213532512,Post,0.0140716499204964,0.0134315084490044,0,0
109,mdcd,Total,spend_per_vol_mean,main,all_cohorts,1,0.0203584069795482,0.023641208085139,-0.0259783608673243,0.0666951748264207,Post,0.0140716499204964,0.0134315084490044,0,0
109,mdcd,Total,spend_per_vol_mean,main,all_cohorts,2,0.017057471131874,0.0139294093388118,-0.010244171172197,0.044359113435945,Post,0.0140716499204964,0.0134315084490044,0,0
109,mdcd,Total,spend_per_vol_mean,main,all_cohorts,3,0.0150504359138748,0.0109942890180724,-0.006498370561547,0.0365992423892966,Post,0.0140716499204964,0.0134315084490044,0,0
109,mdcd,Total,spend_per_vol_mean,main,all_cohorts,4,0.012122460895696,0.0129986556827324,-0.0133549042424596,0.0375998260338516,Post,0.0140716499204964,0.0134315084490044,0,0
110,mdcd,Total,spend_per_vol_mean,main,c2014,-3,0.0129324459123344,0.00783151480493226,-0.00241732310533284,0.0282822149300016,Pre,0.0210006467026625,0.011606481912323,0,0.02831
110,mdcd,Total,spend_per_vol_mean,main,c2014,-2,0.0294497440515014,0.013078929487738,0.00381504225553493,0.0550844458474678,Pre,0.0210006467026625,0.011606481912323,0,0.02831
110,mdcd,Total,spend_per_vol_mean,main,c2014,-1,0.00924791123837821,0.00824419748303349,-0.00691071582836743,0.0254065383051238,Pre,0.0210006467026625,0.011606481912323,0,0.02831
110,mdcd,Total,spend_per_vol_mean,main,c2014,0,0.0177699040866606,0.0112229076922917,-0.00422699499023108,0.0397668031635522,Post,0.0210006467026625,0.011606481912323,0,0.02831
110,mdcd,Total,spend_per_vol_mean,main,c2014,1,0.0371978965709075,0.010990999416948,0.0156555377136893,0.0587402554281257,Post,0.0210006467026625,0.011606481912323,0,0.02831
110,mdcd,Total,spend_per_vol_mean,main,c2014,2,0.0215427326679721,0.0166759628695863,-0.0111421545564171,0.0542276198923613,Post,0.0210006467026625,0.011606481912323,0,0.02831
110,mdcd,Total,spend_per_vol_mean,main,c2014,3,0.0163702392920765,0.0116900795118123,-0.0065423165510756,0.0392827951352285,Post,0.0210006467026625,0.011606481912323,0,0.02831
110,mdcd,Total,spend_per_vol_mean,main,c2014,4,0.012122460895696,0.0134011567380443,-0.0141438063108708,0.0383887281022628,Post,0.0210006467026625,0.011606481912323,0,0.02831
111,mdcd,Total,spend_per_vol_mean,sens,all_cohorts,-6,-0.00117199316251316,0.00237736115320699,-0.00583162102279886,0.00348763469777254,Pre,-0.00379447329053794,0.00967649494919831,0,0
111,mdcd,Total,spend_per_vol_mean,sens,all_cohorts,-5,0.00467516116161638,0.0069395341941364,-0.00892632585889095,0.0182766481821237,Pre,-0.00379447329053794,0.00967649494919831,0,0
111,mdcd,Total,spend_per_vol_mean,sens,all_cohorts,-4,0.00851349713843201,0.00862855346551864,-0.00839846765398453,0.0254254619308485,Pre,-0.00379447329053794,0.00967649494919831,0,0
111,mdcd,Total,spend_per_vol_mean,sens,all_cohorts,-3,0.0031965553621513,0.00430730869863098,-0.00524576968716541,0.011638880411468,Pre,-0.00379447329053794,0.00967649494919831,0,0
111,mdcd,Total,spend_per_vol_mean,sens,all_cohorts,-2,0.00430294065473439,0.00579527879270255,-0.00705580577896259,0.0156616870884314,Pre,-0.00379447329053794,0.00967649494919831,0,0
111,mdcd,Total,spend_per_vol_mean,sens,all_cohorts,-1,-0.00192036948255257,0.00579986241200366,-0.0132880998100797,0.0094473608449746,Pre,-0.00379447329053794,0.00967649494919831,0,0
111,mdcd,Total,spend_per_vol_mean,sens,all_cohorts,0,-0.00734428133459506,0.0085916180889453,-0.0241838527889279,0.00949529011973773,Post,-0.00379447329053794,0.00967649494919831,0,0
111,mdcd,Total,spend_per_vol_mean,sens,all_cohorts,1,-0.00917013741128058,0.0126337498456279,-0.0339322871087112,0.01559201228615,Post,-0.00379447329053794,0.00967649494919831,0,0
111,mdcd,Total,spend_per_vol_mean,sens,all_cohorts,2,-0.00640967510000204,0.00969853375073679,-0.0254188012514461,0.0125994510514421,Post,-0.00379447329053794,0.00967649494919831,0,0
111,mdcd,Total,spend_per_vol_mean,sens,all_cohorts,3,0.00267013266605644,0.00986500616796534,-0.0166652794231556,0.0220055447552685,Post,-0.00379447329053794,0.00967649494919831,0,0
111,mdcd,Total,spend_per_vol_mean,sens,all_cohorts,4,0.00363262265275557,0.0110283035073006,-0.0179828522215535,0.0252480975270647,Post,-0.00379447329053794,0.00967649494919831,0,0
112,mdcd,Total,spend_per_vol_mean,sens,c2014,-3,0.000551416842658074,0.00545521940804475,-0.0101408131971096,0.0112436468824258,Pre,-1.80801987798226e-05,0.0112065394528656,0,0.18142
112,mdcd,Total,spend_per_vol_mean,sens,c2014,-2,0.00877010765566428,0.00422950717965818,0.000480273583534247,0.0170599417277943,Pre,-1.80801987798226e-05,0.0112065394528656,0,0.18142
112,mdcd,Total,spend_per_vol_mean,sens,c2014,-1,0.00578940480089303,0.00495174406362004,-0.00391601356380224,0.0154948231655883,Pre,-1.80801987798226e-05,0.0112065394528656,0,0.18142
112,mdcd,Total,spend_per_vol_mean,sens,c2014,0,-0.00168748961987668,0.00872832519865658,-0.0187950070092436,0.0154200277694902,Post,-1.80801987798226e-05,0.0112065394528656,0,0.18142
112,mdcd,Total,spend_per_vol_mean,sens,c2014,1,0.00316389581837237,0.0104374081610643,-0.0172934241773137,0.0236212158140584,Post,-1.80801987798226e-05,0.0112065394528656,0,0.18142
112,mdcd,Total,spend_per_vol_mean,sens,c2014,2,-0.00717326058789703,0.0122189338988657,-0.0311223710296737,0.0167758498538797,Post,-1.80801987798226e-05,0.0112065394528656,0,0.18142
112,mdcd,Total,spend_per_vol_mean,sens,c2014,3,0.00197383074274666,0.0104386308412425,-0.0184858857060886,0.0224335471915819,Post,-1.80801987798226e-05,0.0112065394528656,0,0.18142
112,mdcd,Total,spend_per_vol_mean,sens,c2014,4,0.00363262265275557,0.0126035527144515,-0.0210703406675693,0.0283355859730804,Post,-1.80801987798226e-05,0.0112065394528656,0,0.18142
113,mdcd,Total,vol_per_bene_mean,main,all_cohorts,-6,547.624548090026,477.618514793771,-388.507740905765,1483.75683708582,Pre,-2598.63395488451,1230.64976504508,0,0
113,mdcd,Total,vol_per_bene_mean,main,all_cohorts,-5,-1412.58741900232,994.13975148604,-3361.10133191496,535.926493910318,Pre,-2598.63395488451,1230.64976504508,0,0
113,mdcd,Total,vol_per_bene_mean,main,all_cohorts,-4,80.8911045267482,1343.19297441141,-2551.76712531961,2713.5493343731,Pre,-2598.63395488451,1230.64976504508,0,0
113,mdcd,Total,vol_per_bene_mean,main,all_cohorts,-3,45.2069073524416,1140.69662546856,-2190.55847856594,2280.97229327083,Pre,-2598.63395488451,1230.64976504508,0,0
113,mdcd,Total,vol_per_bene_mean,main,all_cohorts,-2,353.319620437321,859.127899824277,-1330.57106321826,2037.2103040929,Pre,-2598.63395488451,1230.64976504508,0,0
113,mdcd,Total,vol_per_bene_mean,main,all_cohorts,-1,-693.111995389947,1314.19581914922,-3268.93580092242,1882.71181014253,Pre,-2598.63395488451,1230.64976504508,0,0
113,mdcd,Total,vol_per_bene_mean,main,all_cohorts,0,-1137.43663603936,1429.5418872195,-3939.33873498958,1664.46546291086,Post,-2598.63395488451,1230.64976504508,0,0
113,mdcd,Total,vol_per_bene_mean,main,all_cohorts,1,-3152.91130115384,1785.83314761053,-6653.14427047048,347.32166816281,Post,-2598.63395488451,1230.64976504508,0,0
113,mdcd,Total,vol_per_bene_mean,main,all_cohorts,2,-3004.97863979515,1225.03803799246,-5406.05319426037,-603.904085329934,Post,-2598.63395488451,1230.64976504508,0,0
113,mdcd,Total,vol_per_bene_mean,main,all_cohorts,3,-3295.16889557729,1524.97951419189,-6284.12874339339,-306.209047761183,Post,-2598.63395488451,1230.64976504508,0,0
113,mdcd,Total,vol_per_bene_mean,main,all_cohorts,4,-2475.50497691642,2012.54382266056,-6420.09086933112,1469.08091549828,Post,-2598.63395488451,1230.64976504508,0,0
114,mdcd,Total,vol_per_bene_mean,main,c2014,-3,252.709571962633,912.539113900569,-1535.86709128248,2041.28623520775,Pre,-3086.79768133626,1471.31417933285,0,0.19402
114,mdcd,Total,vol_per_bene_mean,main,c2014,-2,-1002.16671782236,1011.53117897188,-2984.76782860725,980.434392962523,Pre,-3086.79768133626,1471.31417933285,0,0.19402
114,mdcd,Total,vol_per_bene_mean,main,c2014,-1,-1486.48548257639,1172.04688977729,-3783.69738653987,810.726421387094,Pre,-3086.79768133626,1471.31417933285,0,0.19402
114,mdcd,Total,vol_per_bene_mean,main,c2014,0,-1349.23036387539,990.549576669564,-3290.70753414774,592.246806396951,Post,-3086.79768133626,1471.31417933285,0,0.19402
114,mdcd,Total,vol_per_bene_mean,main,c2014,1,-4797.90031692827,1406.12272351311,-7553.90085501397,-2041.89977884258,Post,-3086.79768133626,1471.31417933285,0,0.19402
114,mdcd,Total,vol_per_bene_mean,main,c2014,2,-3405.03978082952,1722.84801172846,-6781.82188381729,-28.2576778417401,Post,-3086.79768133626,1471.31417933285,0,0.19402
114,mdcd,Total,vol_per_bene_mean,main,c2014,3,-3406.31296813171,1674.91592105379,-6689.14817339713,-123.477762866284,Post,-3086.79768133626,1471.31417933285,0,0.19402
114,mdcd,Total,vol_per_bene_mean,main,c2014,4,-2475.50497691642,1946.09039844046,-6289.84215785972,1338.83220402689,Post,-3086.79768133626,1471.31417933285,0,0.19402
115,mdcd,Total,vol_per_bene_mean,sens,all_cohorts,-6,575.814649198725,286.548570708633,14.1794506098037,1137.44984778765,Pre,-677.898464610226,960.121242157123,0,0
115,mdcd,Total,vol_per_bene_mean,sens,all_cohorts,-5,-1500.86032741083,886.02769986359,-3237.47461914346,235.753964321809,Pre,-677.898464610226,960.121242157123,0,0
115,mdcd,Total,vol_per_bene_mean,sens,all_cohorts,-4,14.799204218017,1223.69253584861,-2383.63816604527,2413.2365744813,Pre,-677.898464610226,960.121242157123,0,0
115,mdcd,Total,vol_per_bene_mean,sens,all_cohorts,-3,262.463748966051,774.813398102993,-1256.17051131581,1781.09800924792,Pre,-677.898464610226,960.121242157123,0,0
115,mdcd,Total,vol_per_bene_mean,sens,all_cohorts,-2,329.096883073138,692.995404990216,-1029.17411070769,1687.36787685396,Pre,-677.898464610226,960.121242157123,0,0
115,mdcd,Total,vol_per_bene_mean,sens,all_cohorts,-1,-243.667120136975,731.615921700824,-1677.63432667059,1190.30008639664,Pre,-677.898464610226,960.121242157123,0,0
115,mdcd,Total,vol_per_bene_mean,sens,all_cohorts,0,152.391942441496,1311.29494031889,-2417.74614058353,2722.53002546652,Post,-677.898464610226,960.121242157123,0,0
115,mdcd,Total,vol_per_bene_mean,sens,all_cohorts,1,-167.583290674096,1116.64772860522,-2356.21283874033,2021.04625739214,Post,-677.898464610226,960.121242157123,0,0
115,mdcd,Total,vol_per_bene_mean,sens,all_cohorts,2,-368.545093138171,1230.31693344023,-2779.96628268103,2042.87609640468,Post,-677.898464610226,960.121242157123,0,0
115,mdcd,Total,vol_per_bene_mean,sens,all_cohorts,3,-1870.89765028194,1202.80758531017,-4228.40051748989,486.605216925995,Post,-677.898464610226,960.121242157123,0,0
115,mdcd,Total,vol_per_bene_mean,sens,all_cohorts,4,-1441.3127009477,1427.78457599011,-4239.77046988832,1357.14506799292,Post,-677.898464610226,960.121242157123,0,0
116,mdcd,Total,vol_per_bene_mean,sens,c2014,-3,-393.928978159078,606.847241023603,-1583.34957056534,795.491614247184,Pre,-578.64125320679,1215.87026160406,0,0.11079
116,mdcd,Total,vol_per_bene_mean,sens,c2014,-2,-326.375283692857,805.414025084506,-1904.98677285849,1252.23620547278,Pre,-578.64125320679,1215.87026160406,0,0.11079
116,mdcd,Total,vol_per_bene_mean,sens,c2014,-1,-1081.6961538817,859.23088638878,-2765.78869120371,602.396383440309,Pre,-578.64125320679,1215.87026160406,0,0.11079
116,mdcd,Total,vol_per_bene_mean,sens,c2014,0,1284.09195669878,1066.11163128429,-805.486840618426,3373.67075401598,Post,-578.64125320679,1215.87026160406,0,0.11079
116,mdcd,Total,vol_per_bene_mean,sens,c2014,1,-876.198077934722,1194.77037241488,-3217.94800786788,1465.55185199844,Post,-578.64125320679,1215.87026160406,0,0.11079
116,mdcd,Total,vol_per_bene_mean,sens,c2014,2,-128.558133975531,1423.55595954917,-2918.7278146919,2661.61154674084,Post,-578.64125320679,1215.87026160406,0,0.11079
116,mdcd,Total,vol_per_bene_mean,sens,c2014,3,-1731.22930987477,1255.7209628088,-4192.44239698003,729.983777230478,Post,-578.64125320679,1215.87026160406,0,0.11079
116,mdcd,Total,vol_per_bene_mean,sens,c2014,4,-1441.3127009477,1470.33565529238,-4323.17058532075,1440.54518342536,Post,-578.64125320679,1215.87026160406,0,0.11079
117,mdcd,Total,vol_per_capita_mean,main,all_cohorts,-6,-113.455581891139,80.4836347433995,-271.203505988202,44.2923422059241,Pre,334.692609989387,174.205215360273,0,0
117,mdcd,Total,vol_per_capita_mean,main,all_cohorts,-5,-157.515508212889,180.641384728088,-511.572622279942,196.541605854164,Pre,334.692609989387,174.205215360273,0,0
117,mdcd,Total,vol_per_capita_mean,main,all_cohorts,-4,-35.5141259985887,229.304816313884,-484.951565973801,413.923313976624,Pre,334.692609989387,174.205215360273,0,0
117,mdcd,Total,vol_per_capita_mean,main,all_cohorts,-3,-25.0193538850271,149.633033762414,-318.300100059359,268.261392289305,Pre,334.692609989387,174.205215360273,0,0
117,mdcd,Total,vol_per_capita_mean,main,all_cohorts,-2,53.1354825552895,105.146283467455,-152.951233040921,259.222198151501,Pre,334.692609989387,174.205215360273,0,0
117,mdcd,Total,vol_per_capita_mean,main,all_cohorts,-1,-16.1529780859375,132.405099865913,-275.666973823128,243.361017651253,Pre,334.692609989387,174.205215360273,0,0
117,mdcd,Total,vol_per_capita_mean,main,all_cohorts,0,354.269274618877,173.023328791133,15.1435501882569,693.394999049496,Post,334.692609989387,174.205215360273,0,0
117,mdcd,Total,vol_per_capita_mean,main,all_cohorts,1,375.451869912343,184.714919117784,13.4106284414865,737.4931113832,Post,334.692609989387,174.205215360273,0,0
117,mdcd,Total,vol_per_capita_mean,main,all_cohorts,2,254.436402003992,186.142816803496,-110.40351893086,619.276322938843,Post,334.692609989387,174.205215360273,0,0
117,mdcd,Total,vol_per_capita_mean,main,all_cohorts,3,275.975513626435,206.606807475406,-128.973829025359,680.92485627823,Post,334.692609989387,174.205215360273,0,0
117,mdcd,Total,vol_per_capita_mean,main,all_cohorts,4,422.743472390652,263.719128113083,-94.1460187109904,939.632963492294,Post,334.692609989387,174.205215360273,0,0
118,mdcd,Total,vol_per_capita_mean,main,c2014,-3,12.0242417052739,137.266348121422,-257.017800612712,281.06628402326,Pre,224.873204393314,198.628299983052,0,0.06422
118,mdcd,Total,vol_per_capita_mean,main,c2014,-2,-125.509270983733,104.404720526531,-330.142523215734,79.1239812482686,Pre,224.873204393314,198.628299983052,0,0.06422
118,mdcd,Total,vol_per_capita_mean,main,c2014,-1,-118.603193076034,77.4802927188459,-270.464566804972,33.2581806529043,Pre,224.873204393314,198.628299983052,0,0.06422
118,mdcd,Total,vol_per_capita_mean,main,c2014,0,200.229894417653,157.068209738869,-107.62379667053,508.083585505837,Post,224.873204393314,198.628299983052,0,0.06422
118,mdcd,Total,vol_per_capita_mean,main,c2014,1,111.073226293611,190.313145782117,-261.940539439338,484.086992026561,Post,224.873204393314,198.628299983052,0,0.06422
118,mdcd,Total,vol_per_capita_mean,main,c2014,2,155.043729070607,271.788380314859,-377.661496346517,687.748954487731,Post,224.873204393314,198.628299983052,0,0.06422
118,mdcd,Total,vol_per_capita_mean,main,c2014,3,235.275699794045,237.048991198952,-229.340322955901,699.891722543991,Post,224.873204393314,198.628299983052,0,0.06422
118,mdcd,Total,vol_per_capita_mean,main,c2014,4,422.743472390652,272.768565081739,-111.882915169556,957.36985995086,Post,224.873204393314,198.628299983052,0,0.06422
119,mdcd,Total,vol_per_capita_mean,sens,all_cohorts,-6,-144.267422967522,49.8229308047,-241.920367344734,-46.61447859031,Pre,669.116804486088,153.891338983297,0,0
119,mdcd,Total,vol_per_capita_mean,sens,all_cohorts,-5,-174.88662184427,147.696641800468,-464.372039773188,114.598796084648,Pre,669.116804486088,153.891338983297,0,0
119,mdcd,Total,vol_per_capita_mean,sens,all_cohorts,-4,-9.67356639658662,211.090835552324,-423.411604079141,404.064471285968,Pre,669.116804486088,153.891338983297,0,0
119,mdcd,Total,vol_per_capita_mean,sens,all_cohorts,-3,17.0280099362553,105.978268288216,-190.689395908647,224.745415781158,Pre,669.116804486088,153.891338983297,0,0
119,mdcd,Total,vol_per_capita_mean,sens,all_cohorts,-2,-8.86604892548397,70.6626687977075,-147.364879768991,129.632781918023,Pre,669.116804486088,153.891338983297,0,0
119,mdcd,Total,vol_per_capita_mean,sens,all_cohorts,-1,76.6312443411602,74.7951832605893,-69.9673148495948,223.229803531915,Pre,669.116804486088,153.891338983297,0,0
119,mdcd,Total,vol_per_capita_mean,sens,all_cohorts,0,548.498678420187,106.332783052185,340.086423637905,756.91093320247,Post,669.116804486088,153.891338983297,0,0
119,mdcd,Total,vol_per_capita_mean,sens,all_cohorts,1,767.049797052825,135.038494502844,502.37434782725,1031.7252462784,Post,669.116804486088,153.891338983297,0,0
119,mdcd,Total,vol_per_capita_mean,sens,all_cohorts,2,779.915713243141,189.94599643706,407.621560226504,1152.20986625978,Post,669.116804486088,153.891338983297,0,0
119,mdcd,Total,vol_per_capita_mean,sens,all_cohorts,3,613.171100666817,193.45114203866,234.006862271044,992.33533906259,Post,669.116804486088,153.891338983297,0,0
119,mdcd,Total,vol_per_capita_mean,sens,all_cohorts,4,623.422316783852,252.304000029827,128.906476725391,1117.93815684231,Post,669.116804486088,153.891338983297,0,0
120,mdcd,Total,vol_per_capita_mean,sens,c2014,-3,-51.2621978573152,97.2384999121771,-241.849657685182,139.325261970552,Pre,656.456857796152,191.663501500783,0,0.20741
120,mdcd,Total,vol_per_capita_mean,sens,c2014,-2,-102.702625462815,61.143263932573,-222.543422770658,17.1381718450285,Pre,656.456857796152,191.663501500783,0,0.20741
120,mdcd,Total,vol_per_capita_mean,sens,c2014,-1,4.3260621268062,75.1001838216477,-142.870298163623,151.522422417236,Pre,656.456857796152,191.663501500783,0,0.20741
120,mdcd,Total,vol_per_capita_mean,sens,c2014,0,577.79233754175,126.218109441248,330.404843036904,825.179832046596,Post,656.456857796152,191.663501500783,0,0.20741
120,mdcd,Total,vol_per_capita_mean,sens,c2014,1,660.949523809422,179.207913460057,309.70201342771,1012.19703419113,Post,656.456857796152,191.663501500783,0,0.20741
120,mdcd,Total,vol_per_capita_mean,sens,c2014,2,802.415709436426,197.609088572493,415.101895834339,1189.72952303851,Post,656.456857796152,191.663501500783,0,0.20741
120,mdcd,Total,vol_per_capita_mean,sens,c2014,3,617.704401409308,217.234438131578,191.924902671415,1043.4839001472,Post,656.456857796152,191.663501500783,0,0.20741
120,mdcd,Total,vol_per_capita_mean,sens,c2014,4,623.422316783852,238.046359864653,156.851451449132,1089.99318211857,Post,656.456857796152,191.663501500783,0,0.20741
121,mdcr,AM,spend_per_bene_mean,main,all_cohorts,-6,2.57707710055778,11.7535763215873,-20.4599324897532,25.6140866908688,Pre,31.0248305101959,35.0252059615567,0,0
121,mdcr,AM,spend_per_bene_mean,main,all_cohorts,-5,-26.2609006451785,27.3171581394528,-79.802530598506,27.280729308149,Pre,31.0248305101959,35.0252059615567,0,0
121,mdcr,AM,spend_per_bene_mean,main,all_cohorts,-4,-15.3271320657688,27.6345333713635,-69.4908174736412,38.8365533421036,Pre,31.0248305101959,35.0252059615567,0,0
121,mdcr,AM,spend_per_bene_mean,main,all_cohorts,-3,-19.9328260198244,19.0082569161752,-57.1890095755277,17.3233575358789,Pre,31.0248305101959,35.0252059615567,0,0
121,mdcr,AM,spend_per_bene_mean,main,all_cohorts,-2,26.7621952842047,23.6205629390789,-19.5341080763899,73.0584986447993,Pre,31.0248305101959,35.0252059615567,0,0
121,mdcr,AM,spend_per_bene_mean,main,all_cohorts,-1,23.8085344491892,17.4055368095209,-10.3063176974718,57.9233865958502,Pre,31.0248305101959,35.0252059615567,0,0
121,mdcr,AM,spend_per_bene_mean,main,all_cohorts,0,36.8609983069999,28.6832859786691,-19.3582422111915,93.0802388251912,Post,31.0248305101959,35.0252059615567,0,0
121,mdcr,AM,spend_per_bene_mean,main,all_cohorts,1,28.2507183260533,37.9359880981584,-46.1038183463371,102.605254998444,Post,31.0248305101959,35.0252059615567,0,0
121,mdcr,AM,spend_per_bene_mean,main,all_cohorts,2,73.5251432281925,41.2023611197272,-7.23148456647289,154.281771022858,Post,31.0248305101959,35.0252059615567,0,0
121,mdcr,AM,spend_per_bene_mean,main,all_cohorts,3,-13.2509480828098,52.4348480073852,-116.023250177285,89.5213540116651,Post,31.0248305101959,35.0252059615567,0,0
121,mdcr,AM,spend_per_bene_mean,main,all_cohorts,4,23.9938835798402,67.5311142905286,-108.367100429596,156.354867589276,Post,31.0248305101959,35.0252059615567,0,0
122,mdcr,AM,spend_per_bene_mean,main,c2014,-3,-40.1763484530766,26.3632392162176,-91.8482973168632,11.49560041071,Pre,32.6491290838724,37.4707646948816,0,0.37792
122,mdcr,AM,spend_per_bene_mean,main,c2014,-2,-6.29778946608497,22.7617585494362,-50.91083622298,38.31525729081,Pre,32.6491290838724,37.4707646948816,0,0.37792
122,mdcr,AM,spend_per_bene_mean,main,c2014,-1,11.6681394262635,29.9468341632015,-47.0276555336114,70.3639343861384,Pre,32.6491290838724,37.4707646948816,0,0.37792
122,mdcr,AM,spend_per_bene_mean,main,c2014,0,40.7017707517483,29.158965764238,-16.4498021461582,97.8533436496547,Post,32.6491290838724,37.4707646948816,0,0.37792
122,mdcr,AM,spend_per_bene_mean,main,c2014,1,29.3491248484417,32.918684416517,-35.1714966079316,93.869746304815,Post,32.6491290838724,37.4707646948816,0,0.37792
122,mdcr,AM,spend_per_bene_mean,main,c2014,2,78.3671321900911,46.5254970810303,-12.8228420887284,169.557106468911,Post,32.6491290838724,37.4707646948816,0,0.37792
122,mdcr,AM,spend_per_bene_mean,main,c2014,3,-9.16626595075957,55.340002347691,-117.632670552234,99.3001386507147,Post,32.6491290838724,37.4707646948816,0,0.37792
122,mdcr,AM,spend_per_bene_mean,main,c2014,4,23.9938835798402,60.9520884506787,-95.47220978349,143.45997694317,Post,32.6491290838724,37.4707646948816,0,0.37792
123,mdcr,AM,spend_per_bene_mean,sens,all_cohorts,-6,-3.88541955384316,10.4121664290452,-24.2932657547717,16.5224266470854,Pre,-38.2337536765503,22.5559461245981,0,0
123,mdcr,AM,spend_per_bene_mean,sens,all_cohorts,-5,-26.3750491329292,35.7116114518945,-96.3698075786423,43.619709312784,Pre,-38.2337536765503,22.5559461245981,0,0
123,mdcr,AM,spend_per_bene_mean,sens,all_cohorts,-4,3.83334570616488,26.2326090449411,-47.5825680219197,55.2492594342495,Pre,-38.2337536765503,22.5559461245981,0,0
123,mdcr,AM,spend_per_bene_mean,sens,all_cohorts,-3,-17.6686651803799,13.9183383937245,-44.94860843208,9.61127807132013,Pre,-38.2337536765503,22.5559461245981,0,0
123,mdcr,AM,spend_per_bene_mean,sens,all_cohorts,-2,4.22434206565203,17.6495713148124,-30.3688177113802,38.8175018426843,Pre,-38.2337536765503,22.5559461245981,0,0
123,mdcr,AM,spend_per_bene_mean,sens,all_cohorts,-1,-13.7212926510927,17.78224700375,-48.5744967784427,21.1319114762572,Pre,-38.2337536765503,22.5559461245981,0,0
123,mdcr,AM,spend_per_bene_mean,sens,all_cohorts,0,4.68450748802729,21.531656042488,-37.5175383552493,46.8865533313039,Post,-38.2337536765503,22.5559461245981,0,0
123,mdcr,AM,spend_per_bene_mean,sens,all_cohorts,1,-10.5553403591121,25.2011471553257,-59.9495887835504,38.8389080653262,Post,-38.2337536765503,22.5559461245981,0,0
123,mdcr,AM,spend_per_bene_mean,sens,all_cohorts,2,-18.3321888679698,29.2784149914474,-75.7178822512066,39.0535045152671,Post,-38.2337536765503,22.5559461245981,0,0
123,mdcr,AM,spend_per_bene_mean,sens,all_cohorts,3,-86.0235208591711,30.3075515271364,-145.426321852358,-26.6207198659837,Post,-38.2337536765503,22.5559461245981,0,0
123,mdcr,AM,spend_per_bene_mean,sens,all_cohorts,4,-99.7508981316352,40.6673281958469,-179.458861395495,-20.0429348677753,Post,-38.2337536765503,22.5559461245981,0,0
124,mdcr,AM,spend_per_bene_mean,sens,c2014,-3,-19.8070033355479,17.6983915205049,-54.4958507157375,14.8818440446416,Pre,-48.4508417090566,25.1304611017628,0,0.55775
124,mdcr,AM,spend_per_bene_mean,sens,c2014,-2,-19.759521807073,19.4840273613355,-57.9482154352906,18.4291718211447,Pre,-48.4508417090566,25.1304611017628,0,0.55775
124,mdcr,AM,spend_per_bene_mean,sens,c2014,-1,-10.5950041039654,25.0486365287858,-59.6903317003857,38.5003234924548,Pre,-48.4508417090566,25.1304611017628,0,0.55775
124,mdcr,AM,spend_per_bene_mean,sens,c2014,0,-6.80414107060205,20.3996003618422,-46.7873577798128,33.1790756386087,Post,-48.4508417090566,25.1304611017628,0,0.55775
124,mdcr,AM,spend_per_bene_mean,sens,c2014,1,-19.653252131127,30.5381046070086,-79.5079371608639,40.2014328986099,Post,-48.4508417090566,25.1304611017628,0,0.55775
124,mdcr,AM,spend_per_bene_mean,sens,c2014,2,-32.5525581068635,30.992700990228,-93.2982520477104,28.1931358339834,Post,-48.4508417090566,25.1304611017628,0,0.55775
124,mdcr,AM,spend_per_bene_mean,sens,c2014,3,-83.4933591050551,29.1967658133108,-140.719020099144,-26.2676981109659,Post,-48.4508417090566,25.1304611017628,0,0.55775
124,mdcr,AM,spend_per_bene_mean,sens,c2014,4,-99.7508981316352,38.2516507945353,-174.724133688924,-24.777662574346,Post,-48.4508417090566,25.1304611017628,0,0.55775
125,mdcr,AM,spend_per_capita_mean,main,all_cohorts,-6,53.9882518129463,9.81837820626776,34.7442305286614,73.2322730972311,Pre,-32.6217998030424,26.0341582222299,0,0
125,mdcr,AM,spend_per_capita_mean,main,all_cohorts,-5,-30.3297089578128,30.4986313685535,-90.1070264401776,29.447608524552,Pre,-32.6217998030424,26.0341582222299,0,0
125,mdcr,AM,spend_per_capita_mean,main,all_cohorts,-4,-16.0140360065277,14.4785855796918,-44.3920637427237,12.3639917296682,Pre,-32.6217998030424,26.0341582222299,0,0
125,mdcr,AM,spend_per_capita_mean,main,all_cohorts,-3,-17.2380894557729,13.9912761064893,-44.660990624492,10.1848117129461,Pre,-32.6217998030424,26.0341582222299,0,0
125,mdcr,AM,spend_per_capita_mean,main,all_cohorts,-2,0.279931743877892,14.7750628047638,-28.6791913534591,29.2390548412149,Pre,-32.6217998030424,26.0341582222299,0,0
125,mdcr,AM,spend_per_capita_mean,main,all_cohorts,-1,20.2709303694397,12.4018169157539,-4.03663078543786,44.5784915243173,Pre,-32.6217998030424,26.0341582222299,0,0
125,mdcr,AM,spend_per_capita_mean,main,all_cohorts,0,26.4080412539684,15.0930216476078,-3.17428117534275,55.9903636832796,Post,-32.6217998030424,26.0341582222299,0,0
125,mdcr,AM,spend_per_capita_mean,main,all_cohorts,1,-17.0566893118888,26.333743050777,-68.6708256914118,34.5574470676342,Post,-32.6217998030424,26.0341582222299,0,0
125,mdcr,AM,spend_per_capita_mean,main,all_cohorts,2,-20.3291142323807,25.6690582290759,-70.6404683613695,29.9822398966081,Post,-32.6217998030424,26.0341582222299,0,0
125,mdcr,AM,spend_per_capita_mean,main,all_cohorts,3,-71.0460151334664,39.5781452356125,-148.619179795267,6.52714952833397,Post,-32.6217998030424,26.0341582222299,0,0
125,mdcr,AM,spend_per_capita_mean,main,all_cohorts,4,-100.311146722239,60.3129159271579,-218.524461939468,17.9021684949909,Post,-32.6217998030424,26.0341582222299,0,0
126,mdcr,AM,spend_per_capita_mean,main,c2014,-3,-33.6516775418635,24.6454638709268,-81.9567867288801,14.653431645153,Pre,-36.9236619192644,32.8252766188581,0,0.05741
126,mdcr,AM,spend_per_capita_mean,main,c2014,-2,-27.3536828830928,17.4519837090947,-61.5595709529185,6.85220518673294,Pre,-36.9236619192644,32.8252766188581,0,0.05741
126,mdcr,AM,spend_per_capita_mean,main,c2014,-1,22.6074828742867,18.0585434068188,-12.7872622030782,58.0022279516516,Pre,-36.9236619192644,32.8252766188581,0,0.05741
126,mdcr,AM,spend_per_capita_mean,main,c2014,0,23.9497227600581,20.3501143930126,-15.9365014502466,63.8359469703629,Post,-36.9236619192644,32.8252766188581,0,0.05741
126,mdcr,AM,spend_per_capita_mean,main,c2014,1,-25.003116350341,21.3013240711517,-66.7537115297984,16.7474788291164,Post,-36.9236619192644,32.8252766188581,0,0.05741
126,mdcr,AM,spend_per_capita_mean,main,c2014,2,-17.8815921264809,33.1196259958784,-82.7960590784025,47.0328748254407,Post,-36.9236619192644,32.8252766188581,0,0.05741
126,mdcr,AM,spend_per_capita_mean,main,c2014,3,-65.3721771573196,40.8741056145115,-145.485424161762,14.7410698471228,Post,-36.9236619192644,32.8252766188581,0,0.05741
126,mdcr,AM,spend_per_capita_mean,main,c2014,4,-100.311146722239,63.5117607859774,-224.794197862754,24.1719044182773,Post,-36.9236619192644,32.8252766188581,0,0.05741
127,mdcr,AM,spend_per_capita_mean,sens,all_cohorts,-6,51.0531058046745,9.46093158433967,32.5096798993688,69.5965317099803,Pre,-57.5774409489407,17.344271520819,0,0
127,mdcr,AM,spend_per_capita_mean,sens,all_cohorts,-5,-29.9592167204728,27.0923895950714,-83.0603003268129,23.1418668858672,Pre,-57.5774409489407,17.344271520819,0,0
127,mdcr,AM,spend_per_capita_mean,sens,all_cohorts,-4,-6.54559902899539,14.9595564012004,-35.8663295753481,22.7751315173574,Pre,-57.5774409489407,17.344271520819,0,0
127,mdcr,AM,spend_per_capita_mean,sens,all_cohorts,-3,-14.0614455714783,11.2709374444978,-36.1524829626941,8.0295918197374,Pre,-57.5774409489407,17.344271520819,0,0
127,mdcr,AM,spend_per_capita_mean,sens,all_cohorts,-2,-0.781477658874352,9.54920115279976,-19.4979119183619,17.9349566006132,Pre,-57.5774409489407,17.344271520819,0,0
127,mdcr,AM,spend_per_capita_mean,sens,all_cohorts,-1,-15.5280351648011,12.4843856557614,-39.9974310500935,8.94136072049133,Pre,-57.5774409489407,17.344271520819,0,0
127,mdcr,AM,spend_per_capita_mean,sens,all_cohorts,0,2.57320195588677,9.84979935549064,-16.7324047808749,21.8788086926484,Post,-57.5774409489407,17.344271520819,0,0
127,mdcr,AM,spend_per_capita_mean,sens,all_cohorts,1,-23.0060282179829,14.5797529658815,-51.5823440311107,5.57028759514489,Post,-57.5774409489407,17.344271520819,0,0
127,mdcr,AM,spend_per_capita_mean,sens,all_cohorts,2,-45.9212142183063,20.1767255188785,-85.4675962353082,-6.37483220130438,Post,-57.5774409489407,17.344271520819,0,0
127,mdcr,AM,spend_per_capita_mean,sens,all_cohorts,3,-105.795456919888,24.2926499610559,-153.409050843557,-58.1818629962181,Post,-57.5774409489407,17.344271520819,0,0
127,mdcr,AM,spend_per_capita_mean,sens,all_cohorts,4,-139.271215421272,32.2535628507038,-202.488198608651,-76.0542322338925,Post,-57.5774409489407,17.344271520819,0,0
128,mdcr,AM,spend_per_capita_mean,sens,c2014,-3,-26.5969202995377,16.3793749177547,-58.7004951383369,5.50665453926144,Pre,-64.1891538886677,19.6799046766739,0,0.30299
128,mdcr,AM,spend_per_capita_mean,sens,c2014,-2,-8.70740669719145,11.5799308644138,-31.4040711914426,13.9892577970597,Pre,-64.1891538886677,19.6799046766739,0,0.30299
128,mdcr,AM,spend_per_capita_mean,sens,c2014,-1,-6.10222628780953,17.3562733566065,-40.1205220667584,27.9160694911393,Pre,-64.1891538886677,19.6799046766739,0,0.30299
128,mdcr,AM,spend_per_capita_mean,sens,c2014,0,-6.50631423240994,11.5632619698024,-29.1703076932227,16.1576792284028,Post,-64.1891538886677,19.6799046766739,0,0.30299
128,mdcr,AM,spend_per_capita_mean,sens,c2014,1,-31.1428104641307,18.785330753724,-67.9620587414297,5.67643781316826,Post,-64.1891538886677,19.6799046766739,0,0.30299
128,mdcr,AM,spend_per_capita_mean,sens,c2014,2,-46.042126397851,21.9611246621637,-89.0859307356919,-2.99832206001007,Post,-64.1891538886677,19.6799046766739,0,0.30299
128,mdcr,AM,spend_per_capita_mean,sens,c2014,3,-97.9833029276749,26.1074032742428,-149.153813345191,-46.812792510159,Post,-64.1891538886677,19.6799046766739,0,0.30299
128,mdcr,AM,spend_per_capita_mean,sens,c2014,4,-139.271215421272,33.4671592545135,-204.866847560118,-73.6755832824254,Post,-64.1891538886677,19.6799046766739,0,0.30299
129,mdcr,AM,spend_per_vol_mean,main,all_cohorts,-6,0.724484110329637,0.485864209898465,-0.227809741071355,1.67677796173063,Pre,-0.0172858632406525,0.967341445661238,0,0
129,mdcr,AM,spend_per_vol_mean,main,all_cohorts,-5,-0.483128438959643,1.05983076386494,-2.56039673613493,1.59413985821565,Pre,-0.0172858632406525,0.967341445661238,0,0
129,mdcr,AM,spend_per_vol_mean,main,all_cohorts,-4,-0.266425586867365,1.02928936023362,-2.28383273292527,1.75098155919054,Pre,-0.0172858632406525,0.967341445661238,0,0
129,mdcr,AM,spend_per_vol_mean,main,all_cohorts,-3,-0.39480910206693,0.602872987001168,-1.57644015658922,0.786821952455359,Pre,-0.0172858632406525,0.967341445661238,0,0
129,mdcr,AM,spend_per_vol_mean,main,all_cohorts,-2,-0.974009025161463,0.581946061056812,-2.11462330483282,0.166605254509889,Pre,-0.0172858632406525,0.967341445661238,0,0
129,mdcr,AM,spend_per_vol_mean,main,all_cohorts,-1,1.73586417928479,0.746280622172397,0.273154159826894,3.19857419874269,Pre,-0.0172858632406525,0.967341445661238,0,0
129,mdcr,AM,spend_per_vol_mean,main,all_cohorts,0,-0.0950629838843935,0.735441565103674,-1.5365284514876,1.34640248371881,Post,-0.0172858632406525,0.967341445661238,0,0
129,mdcr,AM,spend_per_vol_mean,main,all_cohorts,1,0.787290336051777,1.15587026416502,-1.47821538171167,3.05279605381522,Post,-0.0172858632406525,0.967341445661238,0,0
129,mdcr,AM,spend_per_vol_mean,main,all_cohorts,2,0.346551224962999,1.03515692893573,-1.68235635575103,2.37545880567702,Post,-0.0172858632406525,0.967341445661238,0,0
129,mdcr,AM,spend_per_vol_mean,main,all_cohorts,3,-0.691789024950596,2.01697313602519,-4.64505637155997,3.26147832165878,Post,-0.0172858632406525,0.967341445661238,0,0
129,mdcr,AM,spend_per_vol_mean,main,all_cohorts,4,-0.643303132168365,2.29451579948579,-5.14055409916052,3.85394783482379,Post,-0.0172858632406525,0.967341445661238,0,0
130,mdcr,AM,spend_per_vol_mean,main,c2014,-3,-0.435166023717855,1.11107782898292,-2.61287856852437,1.74254652108866,Pre,-0.278963564760472,1.16657282694287,0,0.1355
130,mdcr,AM,spend_per_vol_mean,main,c2014,-2,-1.59631860355698,0.936457471972197,-3.43177524862249,0.239138041508525,Pre,-0.278963564760472,1.16657282694287,0,0.1355
130,mdcr,AM,spend_per_vol_mean,main,c2014,-1,1.39798495579081,0.956315130284782,-0.476392699567365,3.27236261114898,Pre,-0.278963564760472,1.16657282694287,0,0.1355
130,mdcr,AM,spend_per_vol_mean,main,c2014,0,-0.42964260342014,1.14157545338738,-2.6671304920594,1.80784528521912,Post,-0.278963564760472,1.16657282694287,0,0.1355
130,mdcr,AM,spend_per_vol_mean,main,c2014,1,0.0667727875753936,1.12800052774436,-2.14410824680354,2.27765382195433,Post,-0.278963564760472,1.16657282694287,0,0.1355
130,mdcr,AM,spend_per_vol_mean,main,c2014,2,0.211563484590776,1.13154154095318,-2.00625793567746,2.42938490485901,Post,-0.278963564760472,1.16657282694287,0,0.1355
130,mdcr,AM,spend_per_vol_mean,main,c2014,3,-0.600208360380023,2.2291183061626,-4.96928024045873,3.76886351969868,Post,-0.278963564760472,1.16657282694287,0,0.1355
130,mdcr,AM,spend_per_vol_mean,main,c2014,4,-0.643303132168365,2.37698738881774,-5.30219841425114,4.01559214991441,Post,-0.278963564760472,1.16657282694287,0,0.1355
131,mdcr,AM,spend_per_vol_mean,sens,all_cohorts,-6,0.333602063865308,0.374879489042148,-0.401161734657303,1.06836586238792,Pre,-0.0146161002524005,0.789160493917749,0,0
131,mdcr,AM,spend_per_vol_mean,sens,all_cohorts,-5,-0.391220362020314,0.875840848473246,-2.10786842502788,1.32542770098725,Pre,-0.0146161002524005,0.789160493917749,0,0
131,mdcr,AM,spend_per_vol_mean,sens,all_cohorts,-4,-0.138890620630733,0.828251356807337,-1.76226327997311,1.48448203871165,Pre,-0.0146161002524005,0.789160493917749,0,0
131,mdcr,AM,spend_per_vol_mean,sens,all_cohorts,-3,-0.341684205869469,0.491169201496167,-1.30437584080196,0.621007429063017,Pre,-0.0146161002524005,0.789160493917749,0,0
131,mdcr,AM,spend_per_vol_mean,sens,all_cohorts,-2,-0.63298619112791,0.399085061169889,-1.41519291102089,0.149220528765073,Pre,-0.0146161002524005,0.789160493917749,0,0
131,mdcr,AM,spend_per_vol_mean,sens,all_cohorts,-1,-0.709778956897523,0.673600384535385,-2.03003571058688,0.610477796791832,Pre,-0.0146161002524005,0.789160493917749,0,0
131,mdcr,AM,spend_per_vol_mean,sens,all_cohorts,0,0.19219558366372,0.478892719235165,-0.746434146037203,1.13082531336464,Post,-0.0146161002524005,0.789160493917749,0,0
131,mdcr,AM,spend_per_vol_mean,sens,all_cohorts,1,0.544230673293632,0.613120908200046,-0.657486306778459,1.74594765336572,Post,-0.0146161002524005,0.789160493917749,0,0
131,mdcr,AM,spend_per_vol_mean,sens,all_cohorts,2,0.309861670950793,0.693451826866961,-1.04930390970845,1.66902725161004,Post,-0.0146161002524005,0.789160493917749,0,0
131,mdcr,AM,spend_per_vol_mean,sens,all_cohorts,3,0.440657750319474,1.36904282431476,-2.24266618533746,3.12398168597641,Post,-0.0146161002524005,0.789160493917749,0,0
131,mdcr,AM,spend_per_vol_mean,sens,all_cohorts,4,-1.90691807473642,1.77892568720614,-5.39361242166044,1.57977627218762,Post,-0.0146161002524005,0.789160493917749,0,0
132,mdcr,AM,spend_per_vol_mean,sens,c2014,-3,-0.50732761158944,0.699340672013187,-1.87803532873529,0.863380105556406,Pre,0.269911442905301,0.847775004913331,0,0.33404
132,mdcr,AM,spend_per_vol_mean,sens,c2014,-2,-0.518085984983554,0.553781861532404,-1.60349843358707,0.567326463619958,Pre,0.269911442905301,0.847775004913331,0,0.33404
132,mdcr,AM,spend_per_vol_mean,sens,c2014,-1,-1.25433931191406,0.708749367009022,-2.64348807125174,0.134809447423626,Pre,0.269911442905301,0.847775004913331,0,0.33404
132,mdcr,AM,spend_per_vol_mean,sens,c2014,0,0.632191889900282,1.03316188580956,-1.39280540628645,2.65718918608701,Post,0.269911442905301,0.847775004913331,0,0.33404
132,mdcr,AM,spend_per_vol_mean,sens,c2014,1,0.689759573101834,0.908431046756997,-1.09076527854188,2.47028442474555,Post,0.269911442905301,0.847775004913331,0,0.33404
132,mdcr,AM,spend_per_vol_mean,sens,c2014,2,0.689842749735545,0.821140408690914,-0.919592451298647,2.29927795076974,Post,0.269911442905301,0.847775004913331,0,0.33404
132,mdcr,AM,spend_per_vol_mean,sens,c2014,3,1.24468107652526,1.58186114853248,-1.85576677459839,4.34512892764892,Post,0.269911442905301,0.847775004913331,0,0.33404
132,mdcr,AM,spend_per_vol_mean,sens,c2014,4,-1.90691807473642,2.01909345478452,-5.86434124611408,2.05050509664125,Post,0.269911442905301,0.847775004913331,0,0.33404
133,mdcr,AM,vol_per_bene_mean,main,all_cohorts,-6,-59.8311362935652,59.2687315438045,-175.997850119422,56.3355775322915,Pre,137.715473402923,163.77648701791,0,0
133,mdcr,AM,vol_per_bene_mean,main,all_cohorts,-5,-63.6094149705121,105.094062745755,-269.593777952192,142.374948011168,Pre,137.715473402923,163.77648701791,0,0
133,mdcr,AM,vol_per_bene_mean,main,all_cohorts,-4,-41.0508441172322,102.16710692472,-241.298373689683,159.196685455218,Pre,137.715473402923,163.77648701791,0,0
133,mdcr,AM,vol_per_bene_mean,main,all_cohorts,-3,-60.8932100507536,87.117818468295,-231.644134248612,109.857714147105,Pre,137.715473402923,163.77648701791,0,0
133,mdcr,AM,vol_per_bene_mean,main,all_cohorts,-2,185.31853479826,97.2301427789563,-5.2525450484942,375.889614645015,Pre,137.715473402923,163.77648701791,0,0
133,mdcr,AM,vol_per_bene_mean,main,all_cohorts,-1,4.37666815600264,81.6977250124648,-155.750872868428,164.504209180434,Pre,137.715473402923,163.77648701791,0,0
133,mdcr,AM,vol_per_bene_mean,main,all_cohorts,0,176.782907182493,146.883272724873,-111.108307358257,464.674121723243,Post,137.715473402923,163.77648701791,0,0
133,mdcr,AM,vol_per_bene_mean,main,all_cohorts,1,75.90620696288,188.642087758215,-293.832285043221,445.644698968981,Post,137.715473402923,163.77648701791,0,0
133,mdcr,AM,vol_per_bene_mean,main,all_cohorts,2,272.873652593277,159.77527587461,-40.285888120958,586.033193307513,Post,137.715473402923,163.77648701791,0,0
133,mdcr,AM,vol_per_bene_mean,main,all_cohorts,3,17.6922447218062,245.306917698941,-463.109313968118,498.49380341173,Post,137.715473402923,163.77648701791,0,0
133,mdcr,AM,vol_per_bene_mean,main,all_cohorts,4,133.654893135141,284.663924868762,-424.286399607633,691.596185877914,Post,137.715473402923,163.77648701791,0,0
134,mdcr,AM,vol_per_bene_mean,main,c2014,-3,-147.871423749899,130.435595975098,-403.525191861091,107.782344361293,Pre,161.644033775519,168.412087069329,0,0.3335
134,mdcr,AM,vol_per_bene_mean,main,c2014,-2,80.926555132072,98.2445559144837,-111.632774460316,273.48588472446,Pre,161.644033775519,168.412087069329,0,0.3335
134,mdcr,AM,vol_per_bene_mean,main,c2014,-1,-30.892534222159,141.358739538804,-307.955663718215,246.170595273898,Pre,161.644033775519,168.412087069329,0,0.3335
134,mdcr,AM,vol_per_bene_mean,main,c2014,0,214.311621563152,148.888098245596,-77.5090509982171,506.132294124521,Post,161.644033775519,168.412087069329,0,0.3335
134,mdcr,AM,vol_per_bene_mean,main,c2014,1,128.288399438375,157.256728331535,-179.934788091434,436.511586968183,Post,161.644033775519,168.412087069329,0,0.3335
134,mdcr,AM,vol_per_bene_mean,main,c2014,2,303.486263315655,183.21733326525,-55.6197098842349,662.592236515545,Post,161.644033775519,168.412087069329,0,0.3335
134,mdcr,AM,vol_per_bene_mean,main,c2014,3,28.4789914252746,275.97037018112,-512.422934129721,569.38091698027,Post,161.644033775519,168.412087069329,0,0.3335
134,mdcr,AM,vol_per_bene_mean,main,c2014,4,133.654893135141,292.365862119533,-439.382196619143,706.691982889424,Post,161.644033775519,168.412087069329,0,0.3335
135,mdcr,AM,vol_per_bene_mean,sens,all_cohorts,-6,-69.8538127014991,59.2046881042812,-185.89500138589,46.187375982892,Pre,-183.720023162497,110.289725277118,0,0
135,mdcr,AM,vol_per_bene_mean,sens,all_cohorts,-5,-64.7488472132611,93.9668838102983,-248.923939481446,119.426245054924,Pre,-183.720023162497,110.289725277118,0,0
135,mdcr,AM,vol_per_bene_mean,sens,all_cohorts,-4,37.1225542534934,102.445855862018,-163.671323236061,237.916431743048,Pre,-183.720023162497,110.289725277118,0,0
135,mdcr,AM,vol_per_bene_mean,sens,all_cohorts,-3,-58.8231052346073,64.9737736853025,-186.1717016578,68.5254911885857,Pre,-183.720023162497,110.289725277118,0,0
135,mdcr,AM,vol_per_bene_mean,sens,all_cohorts,-2,50.7226295090775,76.5167958451271,-99.2502903473716,200.695549365527,Pre,-183.720023162497,110.289725277118,0,0
135,mdcr,AM,vol_per_bene_mean,sens,all_cohorts,-1,-34.6069905901038,73.5591922558494,-178.783007411569,109.569026231361,Pre,-183.720023162497,110.289725277118,0,0
135,mdcr,AM,vol_per_bene_mean,sens,all_cohorts,0,-11.7918384415915,97.4665926560572,-202.826360047464,179.242683164281,Post,-183.720023162497,110.289725277118,0,0
135,mdcr,AM,vol_per_bene_mean,sens,all_cohorts,1,-112.845086204638,113.351166423562,-335.013372394819,109.323199985544,Post,-183.720023162497,110.289725277118,0,0
135,mdcr,AM,vol_per_bene_mean,sens,all_cohorts,2,-127.731999435858,131.709227864323,-385.882086049931,130.418087178214,Post,-183.720023162497,110.289725277118,0,0
135,mdcr,AM,vol_per_bene_mean,sens,all_cohorts,3,-388.345463216743,157.293109889899,-696.639958600945,-80.0509678325405,Post,-183.720023162497,110.289725277118,0,0
135,mdcr,AM,vol_per_bene_mean,sens,all_cohorts,4,-334.752675471591,167.868539146479,-663.775012198691,-5.73033874449186,Post,-183.720023162497,110.289725277118,0,0
136,mdcr,AM,vol_per_bene_mean,sens,c2014,-3,-58.5067986788698,91.118730957394,-237.099511355362,120.085913997622,Pre,-249.960658810582,135.936331394536,0,0.8285
136,mdcr,AM,vol_per_bene_mean,sens,c2014,-2,-61.8194247048921,97.1133104492806,-252.161513185482,128.522663775698,Pre,-249.960658810582,135.936331394536,0,0.8285
136,mdcr,AM,vol_per_bene_mean,sens,c2014,-1,5.82942726890346,92.8037124893883,-176.065849210298,187.724703748105,Pre,-249.960658810582,135.936331394536,0,0.8285
136,mdcr,AM,vol_per_bene_mean,sens,c2014,0,-95.3303357813759,110.274406637661,-311.468172791191,120.807501228439,Post,-249.960658810582,135.936331394536,0,0.8285
136,mdcr,AM,vol_per_bene_mean,sens,c2014,1,-166.03869631249,150.144974490047,-460.322846312982,128.245453688003,Post,-249.960658810582,135.936331394536,0,0.8285
136,mdcr,AM,vol_per_bene_mean,sens,c2014,2,-215.850297250443,155.118733666844,-519.883015237457,88.182420736571,Post,-249.960658810582,135.936331394536,0,0.8285
136,mdcr,AM,vol_per_bene_mean,sens,c2014,3,-437.831289237008,169.337094215416,-769.731993899224,-105.930584574792,Post,-249.960658810582,135.936331394536,0,0.8285
136,mdcr,AM,vol_per_bene_mean,sens,c2014,4,-334.752675471591,164.12841151055,-656.444362032269,-13.060988910914,Post,-249.960658810582,135.936331394536,0,0.8285
137,mdcr,AM,vol_per_capita_mean,main,all_cohorts,-6,142.703398763404,52.3553498496549,40.08691305808,245.319884468727,Pre,-92.230430975197,115.009814606182,0,0
137,mdcr,AM,vol_per_capita_mean,main,all_cohorts,-5,-88.0670367737716,126.809565415992,-336.613784989117,160.479711441574,Pre,-92.230430975197,115.009814606182,0,0
137,mdcr,AM,vol_per_capita_mean,main,all_cohorts,-4,-44.1143971399428,46.6172527065375,-135.484212444756,47.2554181648708,Pre,-92.230430975197,115.009814606182,0,0
137,mdcr,AM,vol_per_capita_mean,main,all_cohorts,-3,-58.0309867703238,69.4148563979891,-194.084105310383,78.0221317697349,Pre,-92.230430975197,115.009814606182,0,0
137,mdcr,AM,vol_per_capita_mean,main,all_cohorts,-2,78.9228425037769,60.0352270828586,-38.7462025786261,196.59188758618,Pre,-92.230430975197,115.009814606182,0,0
137,mdcr,AM,vol_per_capita_mean,main,all_cohorts,-1,0.571569491995277,60.1240158914598,-117.271501655266,118.414640639256,Pre,-92.230430975197,115.009814606182,0,0
137,mdcr,AM,vol_per_capita_mean,main,all_cohorts,0,142.727727375942,75.0556010781818,-4.38125073729435,289.836705489178,Post,-92.230430975197,115.009814606182,0,0
137,mdcr,AM,vol_per_capita_mean,main,all_cohorts,1,-86.4966100451424,100.939270715424,-284.337580647374,111.344360557089,Post,-92.230430975197,115.009814606182,0,0
137,mdcr,AM,vol_per_capita_mean,main,all_cohorts,2,-66.972839703291,96.457836106918,-256.03019847285,122.084519066268,Post,-92.230430975197,115.009814606182,0,0
137,mdcr,AM,vol_per_capita_mean,main,all_cohorts,3,-194.414065565609,180.115891537426,-547.441212978964,158.613081847746,Post,-92.230430975197,115.009814606182,0,0
137,mdcr,AM,vol_per_capita_mean,main,all_cohorts,4,-317.189906891026,268.624015804389,-843.692977867629,209.313164085577,Post,-92.230430975197,115.009814606182,0,0
138,mdcr,AM,vol_per_capita_mean,main,c2014,-3,-127.220977118637,121.77397932714,-365.897976599831,111.456022362557,Pre,-91.6383725813635,132.914778502503,0,0.68203
138,mdcr,AM,vol_per_capita_mean,main,c2014,-2,-15.1488147275767,59.3851629933397,-131.543734194523,101.246104739369,Pre,-91.6383725813635,132.914778502503,0,0.68203
138,mdcr,AM,vol_per_capita_mean,main,c2014,-1,27.5605431578528,89.375258010109,-147.614962541961,202.736048857666,Pre,-91.6383725813635,132.914778502503,0,0.68203
138,mdcr,AM,vol_per_capita_mean,main,c2014,0,148.195577765966,86.6994691648744,-21.7353817971876,318.12653732912,Post,-91.6383725813635,132.914778502503,0,0.68203
138,mdcr,AM,vol_per_capita_mean,main,c2014,1,-67.8653578628268,91.7944245689772,-247.782430018022,112.051714292369,Post,-91.6383725813635,132.914778502503,0,0.68203
138,mdcr,AM,vol_per_capita_mean,main,c2014,2,-44.8879112397474,134.013017729291,-307.553425989158,217.777603509663,Post,-91.6383725813635,132.914778502503,0,0.68203
138,mdcr,AM,vol_per_capita_mean,main,c2014,3,-176.444264679183,197.759815234738,-564.05350253927,211.164973180903,Post,-91.6383725813635,132.914778502503,0,0.68203
138,mdcr,AM,vol_per_capita_mean,main,c2014,4,-317.189906891026,256.993414983223,-820.897000258144,186.517186476091,Post,-91.6383725813635,132.914778502503,0,0.68203
139,mdcr,AM,vol_per_capita_mean,sens,all_cohorts,-6,136.39133189112,47.2968933189081,43.6894209860606,229.09324279618,Pre,-241.010221876499,75.5666106038574,0,0
139,mdcr,AM,vol_per_capita_mean,sens,all_cohorts,-5,-84.4700261745383,104.190696881054,-288.683792061404,119.743739712328,Pre,-241.010221876499,75.5666106038574,0,0
139,mdcr,AM,vol_per_capita_mean,sens,all_cohorts,-4,-4.10926489222076,50.5813996486567,-103.248808203588,95.0302784191464,Pre,-241.010221876499,75.5666106038574,0,0
139,mdcr,AM,vol_per_capita_mean,sens,all_cohorts,-3,-56.7294334490246,54.9407416968732,-164.413287174896,50.9544202768469,Pre,-241.010221876499,75.5666106038574,0,0
139,mdcr,AM,vol_per_capita_mean,sens,all_cohorts,-2,33.5124638274175,42.2904854975622,-49.3768877478044,116.401815402639,Pre,-241.010221876499,75.5666106038574,0,0
139,mdcr,AM,vol_per_capita_mean,sens,all_cohorts,-1,-37.4779187577721,53.6468140540052,-142.625674303622,67.669836788078,Pre,-241.010221876499,75.5666106038574,0,0
139,mdcr,AM,vol_per_capita_mean,sens,all_cohorts,0,-1.35820672618258,54.7396747284343,-108.647969193914,105.931555741549,Post,-241.010221876499,75.5666106038574,0,0
139,mdcr,AM,vol_per_capita_mean,sens,all_cohorts,1,-142.459099380518,68.4322429711379,-276.586295603949,-8.33190315708822,Post,-241.010221876499,75.5666106038574,0,0
139,mdcr,AM,vol_per_capita_mean,sens,all_cohorts,2,-212.184322778915,88.454246783709,-385.554646474984,-38.8139990828452,Post,-241.010221876499,75.5666106038574,0,0
139,mdcr,AM,vol_per_capita_mean,sens,all_cohorts,3,-444.93003967663,117.592957115034,-675.412235622097,-214.447843731164,Post,-241.010221876499,75.5666106038574,0,0
139,mdcr,AM,vol_per_capita_mean,sens,all_cohorts,4,-481.264157008618,116.756741156545,-710.107369675445,-252.42094434179,Post,-241.010221876499,75.5666106038574,0,0
140,mdcr,AM,vol_per_capita_mean,sens,c2014,-3,-97.8437427763665,89.8221902867878,-273.895235738471,78.2077501857376,Pre,-288.836449969981,89.3989897358568,0,0.32388
140,mdcr,AM,vol_per_capita_mean,sens,c2014,-2,-17.0590906004859,51.5717053321643,-118.139633051528,84.0214518505561,Pre,-288.836449969981,89.3989897358568,0,0.32388
140,mdcr,AM,vol_per_capita_mean,sens,c2014,-1,29.7569331520116,63.9575414883063,-95.5998481650687,155.113714469092,Pre,-288.836449969981,89.3989897358568,0,0.32388
140,mdcr,AM,vol_per_capita_mean,sens,c2014,0,-72.6971641003321,68.2423545640283,-206.452179045828,61.0578508451634,Post,-288.836449969981,89.3989897358568,0,0.32388
140,mdcr,AM,vol_per_capita_mean,sens,c2014,1,-183.011364180652,94.3442883808616,-367.92616940714,1.90344104583721,Post,-288.836449969981,89.3989897358568,0,0.32388
140,mdcr,AM,vol_per_capita_mean,sens,c2014,2,-241.136415495482,103.450756409144,-443.899898057405,-38.3729329335594,Post,-288.836449969981,89.3989897358568,0,0.32388
140,mdcr,AM,vol_per_capita_mean,sens,c2014,3,-466.073149064821,131.253769227275,-723.330536750281,-208.815761379362,Post,-288.836449969981,89.3989897358568,0,0.32388
140,mdcr,AM,vol_per_capita_mean,sens,c2014,4,-481.264157008618,117.71556404803,-711.986662542756,-250.54165147448,Post,-288.836449969981,89.3989897358568,0,0.32388
141,mdcr,ED,spend_per_bene_mean,main,all_cohorts,-6,-0.23000290398182,0.990361871117923,-2.17111217137295,1.71110636340931,Pre,11.2322258214091,8.36103333511392,0,0
141,mdcr,ED,spend_per_bene_mean,main,all_cohorts,-5,-0.371473100153637,1.90457935011464,-4.10444862637833,3.36150242607106,Pre,11.2322258214091,8.36103333511392,0,0
141,mdcr,ED,spend_per_bene_mean,main,all_cohorts,-4,0.617093814577327,2.23113603003417,-3.75593280428965,4.99012043344431,Pre,11.2322258214091,8.36103333511392,0,0
141,mdcr,ED,spend_per_bene_mean,main,all_cohorts,-3,-0.162132212731136,1.93017729306162,-3.94527970713192,3.62101528166965,Pre,11.2322258214091,8.36103333511392,0,0
141,mdcr,ED,spend_per_bene_mean,main,all_cohorts,-2,3.29524035333855,1.878033652351,-0.385705605269413,6.97618631194651,Pre,11.2322258214091,8.36103333511392,0,0
141,mdcr,ED,spend_per_bene_mean,main,all_cohorts,-1,2.55330578615256,1.96626091710018,-1.3005656113638,6.40717718366892,Pre,11.2322258214091,8.36103333511392,0,0
141,mdcr,ED,spend_per_bene_mean,main,all_cohorts,0,4.47327323510222,3.23637771029149,-1.8700270770691,10.8165735472735,Post,11.2322258214091,8.36103333511392,0,0
141,mdcr,ED,spend_per_bene_mean,main,all_cohorts,1,8.66167741032741,6.63945724711219,-4.35165879401248,21.6750136146673,Post,11.2322258214091,8.36103333511392,0,0
141,mdcr,ED,spend_per_bene_mean,main,all_cohorts,2,15.4957255716486,7.97617531496857,-0.137578045689782,31.129029188987,Post,11.2322258214091,8.36103333511392,0,0
141,mdcr,ED,spend_per_bene_mean,main,all_cohorts,3,11.9573898811289,9.91150095085117,-7.4691519825394,31.3839317447972,Post,11.2322258214091,8.36103333511392,0,0
141,mdcr,ED,spend_per_bene_mean,main,all_cohorts,4,17.075063660883,15.0164814750417,-12.3572400301987,46.5073673519648,Post,11.2322258214091,8.36103333511392,0,0
142,mdcr,ED,spend_per_bene_mean,main,c2014,-3,0.877797879820718,2.65415587924937,-4.32434764350804,6.07994340314948,Pre,11.617860820519,8.66380729805432,0,0.84875
142,mdcr,ED,spend_per_bene_mean,main,c2014,-2,1.83504961344322,2.28977177368545,-2.65290306298026,6.3230022898667,Pre,11.617860820519,8.66380729805432,0,0.84875
142,mdcr,ED,spend_per_bene_mean,main,c2014,-1,0.798795667870003,1.79082557754151,-2.71122246411135,4.30881379985136,Pre,11.617860820519,8.66380729805432,0,0.84875
142,mdcr,ED,spend_per_bene_mean,main,c2014,0,3.46955654103516,2.86257534459156,-2.14109113436431,9.08020421643463,Post,11.617860820519,8.66380729805432,0,0.84875
142,mdcr,ED,spend_per_bene_mean,main,c2014,1,8.83423127959271,6.45858545401351,-3.82459621027378,21.4930587694592,Post,11.617860820519,8.66380729805432,0,0.84875
142,mdcr,ED,spend_per_bene_mean,main,c2014,2,15.1732684128916,9.14124415390416,-2.74357012876058,33.0901069545437,Post,11.617860820519,8.66380729805432,0,0.84875
142,mdcr,ED,spend_per_bene_mean,main,c2014,3,13.5371842081923,11.0602303160377,-8.14086721124147,35.2152356276262,Post,11.617860820519,8.66380729805432,0,0.84875
142,mdcr,ED,spend_per_bene_mean,main,c2014,4,17.075063660883,15.0869376307505,-12.495334095388,46.645461417154,Post,11.617860820519,8.66380729805432,0,0.84875
143,mdcr,ED,spend_per_bene_mean,sens,all_cohorts,-6,-1.64126294888518,0.590997825949489,-2.79961868774618,-0.482907210024184,Pre,-3.8373752493916,6.96969658680343,0,0
143,mdcr,ED,spend_per_bene_mean,sens,all_cohorts,-5,0.452298830063097,3.06267417668018,-5.55054255623005,6.45514021635625,Pre,-3.8373752493916,6.96969658680343,0,0
143,mdcr,ED,spend_per_bene_mean,sens,all_cohorts,-4,2.24047578545349,2.6659746330261,-2.98483449527767,7.46578606618464,Pre,-3.8373752493916,6.96969658680343,0,0
143,mdcr,ED,spend_per_bene_mean,sens,all_cohorts,-3,-1.39126693132527,1.59181567266196,-4.51122564974271,1.72869178709217,Pre,-3.8373752493916,6.96969658680343,0,0
143,mdcr,ED,spend_per_bene_mean,sens,all_cohorts,-2,-0.195805958514746,1.62928269981408,-3.38920005015035,2.99758813312086,Pre,-3.8373752493916,6.96969658680343,0,0
143,mdcr,ED,spend_per_bene_mean,sens,all_cohorts,-1,-1.82366372790543,1.55722418542945,-4.87582313134714,1.22849567553628,Pre,-3.8373752493916,6.96969658680343,0,0
143,mdcr,ED,spend_per_bene_mean,sens,all_cohorts,0,0.3141534773921,2.25483622492203,-4.10532552345508,4.73363247823928,Post,-3.8373752493916,6.96969658680343,0,0
143,mdcr,ED,spend_per_bene_mean,sens,all_cohorts,1,-1.45129950841118,4.74718870567496,-10.7557893715341,7.85319035471175,Post,-3.8373752493916,6.96969658680343,0,0
143,mdcr,ED,spend_per_bene_mean,sens,all_cohorts,2,-0.381664995538935,8.03187194570237,-16.1241340091156,15.3608040180377,Post,-3.8373752493916,6.96969658680343,0,0
143,mdcr,ED,spend_per_bene_mean,sens,all_cohorts,3,-7.22833016630539,8.08844251119731,-23.0816774882521,8.62501715564135,Post,-3.8373752493916,6.96969658680343,0,0
143,mdcr,ED,spend_per_bene_mean,sens,all_cohorts,4,-12.6927201759636,15.354010803384,-42.7865813505961,17.401140998669,Post,-3.8373752493916,6.96969658680343,0,0
144,mdcr,ED,spend_per_bene_mean,sens,c2014,-3,-1.07001369524675,1.49882193486511,-4.00770468758237,1.86767729708886,Pre,-5.71138034557999,8.55138136944121,0,0.73534
144,mdcr,ED,spend_per_bene_mean,sens,c2014,-2,-1.86500125013194,2.42330933382389,-6.61468754442676,2.88468504416288,Pre,-5.71138034557999,8.55138136944121,0,0.73534
144,mdcr,ED,spend_per_bene_mean,sens,c2014,-1,-1.58233553582896,1.83662813965651,-5.18212668955572,2.0174556178978,Pre,-5.71138034557999,8.55138136944121,0,0.73534
144,mdcr,ED,spend_per_bene_mean,sens,c2014,0,-1.80716082961896,2.54303708574514,-6.79151351767943,3.17719185844151,Post,-5.71138034557999,8.55138136944121,0,0.73534
144,mdcr,ED,spend_per_bene_mean,sens,c2014,1,-3.987972501841,7.01502177503773,-17.7374151809149,9.76147017723294,Post,-5.71138034557999,8.55138136944121,0,0.73534
144,mdcr,ED,spend_per_bene_mean,sens,c2014,2,-3.86700558667135,8.6531218542839,-20.8271244210678,13.0931132477251,Post,-5.71138034557999,8.55138136944121,0,0.73534
144,mdcr,ED,spend_per_bene_mean,sens,c2014,3,-6.2020426338051,8.99761824945343,-23.8373744027338,11.4332891351236,Post,-5.71138034557999,8.55138136944121,0,0.73534
144,mdcr,ED,spend_per_bene_mean,sens,c2014,4,-12.6927201759636,13.9751721425735,-40.0840575754076,14.6986172234805,Post,-5.71138034557999,8.55138136944121,0,0.73534
145,mdcr,ED,spend_per_capita_mean,main,all_cohorts,-6,2.67388100935256,1.11561709195879,0.487271509113339,4.86049050959178,Pre,2.37320216442151,5.44217147864308,0,0
145,mdcr,ED,spend_per_capita_mean,main,all_cohorts,-5,1.30139394990614,3.65037116646723,-5.85333353636963,8.45612143618191,Pre,2.37320216442151,5.44217147864308,0,0
145,mdcr,ED,spend_per_capita_mean,main,all_cohorts,-4,2.56898990062282,3.59692133682627,-4.48097591955666,9.61895572080231,Pre,2.37320216442151,5.44217147864308,0,0
145,mdcr,ED,spend_per_capita_mean,main,all_cohorts,-3,-2.18258159729245,2.99150104363912,-8.04592364282513,3.68076044824023,Pre,2.37320216442151,5.44217147864308,0,0
145,mdcr,ED,spend_per_capita_mean,main,all_cohorts,-2,-0.146572845981708,1.69130092924322,-3.46152266729842,3.16837697533501,Pre,2.37320216442151,5.44217147864308,0,0
145,mdcr,ED,spend_per_capita_mean,main,all_cohorts,-1,2.2088411717483,1.20313320075408,-0.149299901729696,4.56698224522629,Pre,2.37320216442151,5.44217147864308,0,0
145,mdcr,ED,spend_per_capita_mean,main,all_cohorts,0,2.33235737720331,1.24220239759499,-0.102359322082859,4.76707407648949,Post,2.37320216442151,5.44217147864308,0,0
145,mdcr,ED,spend_per_capita_mean,main,all_cohorts,1,1.93222723107398,3.56783212152367,-5.06072372711241,8.92517818926037,Post,2.37320216442151,5.44217147864308,0,0
145,mdcr,ED,spend_per_capita_mean,main,all_cohorts,2,3.49301479401217,4.81357587357881,-5.9415939182023,12.9276235062266,Post,2.37320216442151,5.44217147864308,0,0
145,mdcr,ED,spend_per_capita_mean,main,all_cohorts,3,2.61115464356075,7.45904644619458,-12.0085763909806,17.2308856781021,Post,2.37320216442151,5.44217147864308,0,0
145,mdcr,ED,spend_per_capita_mean,main,all_cohorts,4,1.33485696941728,12.0680111016795,-22.3184447898744,24.988158728709,Post,2.37320216442151,5.44217147864308,0,0
146,mdcr,ED,spend_per_capita_mean,main,c2014,-3,0.123971573622954,2.09492594040202,-3.982083269565,4.23002641681091,Pre,2.38752784545104,6.27541239185593,0,0.60406
146,mdcr,ED,spend_per_capita_mean,main,c2014,-2,-0.178031379332502,1.35503887457109,-2.83390757349184,2.47784481482684,Pre,2.38752784545104,6.27541239185593,0,0.60406
146,mdcr,ED,spend_per_capita_mean,main,c2014,-1,1.88643346205923,1.52680212113474,-1.10609869536485,4.87896561948332,Pre,2.38752784545104,6.27541239185593,0,0.60406
146,mdcr,ED,spend_per_capita_mean,main,c2014,0,1.74275370742051,1.71459124260949,-1.61784512809409,5.10335254293512,Post,2.38752784545104,6.27541239185593,0,0.60406
146,mdcr,ED,spend_per_capita_mean,main,c2014,1,1.65821213057451,4.22134153981841,-6.61561728746957,9.93204154861858,Post,2.38752784545104,6.27541239185593,0,0.60406
146,mdcr,ED,spend_per_capita_mean,main,c2014,2,3.5952608160137,6.94304771486757,-10.0131127051268,17.2036343371541,Post,2.38752784545104,6.27541239185593,0,0.60406
146,mdcr,ED,spend_per_capita_mean,main,c2014,3,3.60655560382921,7.80771965316671,-11.6965749163775,18.909686124036,Post,2.38752784545104,6.27541239185593,0,0.60406
146,mdcr,ED,spend_per_capita_mean,main,c2014,4,1.33485696941728,10.9067999417834,-20.0424709164781,22.7121848553127,Post,2.38752784545104,6.27541239185593,0,0.60406
147,mdcr,ED,spend_per_capita_mean,sens,all_cohorts,-6,1.88152442477372,0.536716893125699,0.829559314247347,2.93348953530009,Pre,-4.97032728581447,4.28461585843699,0,0
147,mdcr,ED,spend_per_capita_mean,sens,all_cohorts,-5,2.13466380707514,3.46367267494579,-4.65413463581861,8.92346224996889,Pre,-4.97032728581447,4.28461585843699,0,0
147,mdcr,ED,spend_per_capita_mean,sens,all_cohorts,-4,3.39942587154918,2.97994264709009,-2.44126171674739,9.24011345984576,Pre,-4.97032728581447,4.28461585843699,0,0
147,mdcr,ED,spend_per_capita_mean,sens,all_cohorts,-3,-2.32778243988777,1.32084809182945,-4.91664469987349,0.261079820097953,Pre,-4.97032728581447,4.28461585843699,0,0
147,mdcr,ED,spend_per_capita_mean,sens,all_cohorts,-2,-0.629602264087033,0.742506582039057,-2.08491516488358,0.825710636709518,Pre,-4.97032728581447,4.28461585843699,0,0
147,mdcr,ED,spend_per_capita_mean,sens,all_cohorts,-1,-0.863533042607583,0.994179467563369,-2.81212479903179,1.08505871381662,Pre,-4.97032728581447,4.28461585843699,0,0
147,mdcr,ED,spend_per_capita_mean,sens,all_cohorts,0,-0.141023717383179,0.9707540811872,-2.04370171651009,1.76165428174373,Post,-4.97032728581447,4.28461585843699,0,0
147,mdcr,ED,spend_per_capita_mean,sens,all_cohorts,1,-2.71433767743782,2.547625320019,-7.70768330467506,2.27900794979943,Post,-4.97032728581447,4.28461585843699,0,0
147,mdcr,ED,spend_per_capita_mean,sens,all_cohorts,2,-3.60656740363004,4.96336863662981,-13.3347699314245,6.12163512416438,Post,-4.97032728581447,4.28461585843699,0,0
147,mdcr,ED,spend_per_capita_mean,sens,all_cohorts,3,-8.01963277933344,5.82657395861495,-19.4397177382187,3.40045217955185,Post,-4.97032728581447,4.28461585843699,0,0
147,mdcr,ED,spend_per_capita_mean,sens,all_cohorts,4,-12.315342653296,8.66358745048315,-29.295974056243,4.66528874965094,Post,-4.97032728581447,4.28461585843699,0,0
148,mdcr,ED,spend_per_capita_mean,sens,c2014,-3,-2.2635237212059,1.64774594741133,-5.4931057781321,0.966058335720301,Pre,-5.93622643955012,4.98833254473232,0,0.46371
148,mdcr,ED,spend_per_capita_mean,sens,c2014,-2,-0.590648939321182,0.875524962122298,-2.30667786508089,1.12537998643852,Pre,-5.93622643955012,4.98833254473232,0,0.46371
148,mdcr,ED,spend_per_capita_mean,sens,c2014,-1,-0.439181843401887,1.37477371062952,-3.13373831623575,2.25537462943198,Pre,-5.93622643955012,4.98833254473232,0,0.46371
148,mdcr,ED,spend_per_capita_mean,sens,c2014,0,-1.41494090263344,1.12731033157578,-3.62446915252198,0.794587347255092,Post,-5.93622643955012,4.98833254473232,0,0.46371
148,mdcr,ED,spend_per_capita_mean,sens,c2014,1,-4.30078982610138,3.66596726063866,-11.4860856569531,2.88450600475038,Post,-5.93622643955012,4.98833254473232,0,0.46371
148,mdcr,ED,spend_per_capita_mean,sens,c2014,2,-4.6074582208005,5.61255898266437,-15.6080738268227,6.39315738522167,Post,-5.93622643955012,4.98833254473232,0,0.46371
148,mdcr,ED,spend_per_capita_mean,sens,c2014,3,-7.04260059491924,5.83048823606506,-18.4703575376068,4.38515634776828,Post,-5.93622643955012,4.98833254473232,0,0.46371
148,mdcr,ED,spend_per_capita_mean,sens,c2014,4,-12.315342653296,8.47546751999338,-28.9272589924831,4.29657368589099,Post,-5.93622643955012,4.98833254473232,0,0.46371
149,mdcr,ED,spend_per_vol_mean,main,all_cohorts,-6,3.31759977021782,0.666814637979836,2.01064307977734,4.6245564606583,Pre,4.37229967859304,2.46399310696644,0,0
149,mdcr,ED,spend_per_vol_mean,main,all_cohorts,-5,2.20027181366112,1.8457126891441,-1.41732505706132,5.81786868438357,Pre,4.37229967859304,2.46399310696644,0,0
149,mdcr,ED,spend_per_vol_mean,main,all_cohorts,-4,2.27127402487182,0.974235253050529,0.361772928892782,4.18077512085085,Pre,4.37229967859304,2.46399310696644,0,0
149,mdcr,ED,spend_per_vol_mean,main,all_cohorts,-3,0.950449312740858,1.66338248207169,-2.30978035211966,4.21067897760137,Pre,4.37229967859304,2.46399310696644,0,0
149,mdcr,ED,spend_per_vol_mean,main,all_cohorts,-2,0.657764712831077,1.48495092523585,-2.25273910063119,3.56826852629335,Pre,4.37229967859304,2.46399310696644,0,0
149,mdcr,ED,spend_per_vol_mean,main,all_cohorts,-1,1.59110714236639,1.62744829864943,-1.59869152298649,4.78090580771926,Pre,4.37229967859304,2.46399310696644,0,0
149,mdcr,ED,spend_per_vol_mean,main,all_cohorts,0,1.88760165251726,1.91317832678131,-1.86222786797411,5.63743117300864,Post,4.37229967859304,2.46399310696644,0,0
149,mdcr,ED,spend_per_vol_mean,main,all_cohorts,1,2.63701030836467,2.07984045466927,-1.4394769827871,6.71349759951645,Post,4.37229967859304,2.46399310696644,0,0
149,mdcr,ED,spend_per_vol_mean,main,all_cohorts,2,3.34804169541782,1.77433220572778,-0.129649427808633,6.82573281864427,Post,4.37229967859304,2.46399310696644,0,0
149,mdcr,ED,spend_per_vol_mean,main,all_cohorts,3,5.74274681436334,3.26274224258536,-0.652227981103958,12.1377216098306,Post,4.37229967859304,2.46399310696644,0,0
149,mdcr,ED,spend_per_vol_mean,main,all_cohorts,4,9.50906265293685,4.46635356046714,0.755009674421268,18.2631156314524,Post,4.37229967859304,2.46399310696644,0,0
150,mdcr,ED,spend_per_vol_mean,main,c2014,-3,4.12403329890492,1.30966292099347,1.55709397375772,6.69097262405211,Pre,5.54313287953243,2.63467255999862,0,0.00849
150,mdcr,ED,spend_per_vol_mean,main,c2014,-2,2.20649917117904,1.13950734010329,-0.0269352154234195,4.4399335577815,Pre,5.54313287953243,2.63467255999862,0,0.00849
150,mdcr,ED,spend_per_vol_mean,main,c2014,-1,3.1756401643051,2.21876707769796,-1.1731433079829,7.52442363659311,Pre,5.54313287953243,2.63467255999862,0,0.00849
150,mdcr,ED,spend_per_vol_mean,main,c2014,0,4.26930735132826,1.96265270297097,0.42250805350516,8.11610664915135,Post,5.54313287953243,2.63467255999862,0,0.00849
150,mdcr,ED,spend_per_vol_mean,main,c2014,1,3.71408017973156,2.06415054447983,-0.331654887448896,7.75981524691202,Post,5.54313287953243,2.63467255999862,0,0.00849
150,mdcr,ED,spend_per_vol_mean,main,c2014,2,3.64512457069445,2.13296592370539,-0.535488639768116,7.82573778115701,Post,5.54313287953243,2.63467255999862,0,0.00849
150,mdcr,ED,spend_per_vol_mean,main,c2014,3,6.57808964297103,3.59490338835327,-0.467920998201387,13.6241002841434,Post,5.54313287953243,2.63467255999862,0,0.00849
150,mdcr,ED,spend_per_vol_mean,main,c2014,4,9.50906265293685,4.8072531084093,0.0868465604546191,18.9312787454191,Post,5.54313287953243,2.63467255999862,0,0.00849
151,mdcr,ED,spend_per_vol_mean,sens,all_cohorts,-6,1.71038748571426,0.608604511527252,0.517522643120843,2.90325232830767,Pre,0.350395997786055,1.98203906222988,0,0
151,mdcr,ED,spend_per_vol_mean,sens,all_cohorts,-5,1.2363748763828,2.64413155231692,-3.94612296615836,6.41887271892396,Pre,0.350395997786055,1.98203906222988,0,0
151,mdcr,ED,spend_per_vol_mean,sens,all_cohorts,-4,2.01206244001781,1.14196911226769,-0.226197020026863,4.25032190006249,Pre,0.350395997786055,1.98203906222988,0,0
151,mdcr,ED,spend_per_vol_mean,sens,all_cohorts,-3,0.520278365992804,0.960566261526586,-1.3624315065993,2.40298823858491,Pre,0.350395997786055,1.98203906222988,0,0
151,mdcr,ED,spend_per_vol_mean,sens,all_cohorts,-2,0.290593278615935,1.16696003691626,-1.99664839373994,2.57783495097181,Pre,0.350395997786055,1.98203906222988,0,0
151,mdcr,ED,spend_per_vol_mean,sens,all_cohorts,-1,0.896077271305761,0.980919749178359,-1.02652543708382,2.81867997969534,Pre,0.350395997786055,1.98203906222988,0,0
151,mdcr,ED,spend_per_vol_mean,sens,all_cohorts,0,-0.265773850351608,1.31500597437144,-2.84318556011963,2.31163785941642,Post,0.350395997786055,1.98203906222988,0,0
151,mdcr,ED,spend_per_vol_mean,sens,all_cohorts,1,0.645472120705654,1.22341512208014,-1.75242151857142,3.04336575998273,Post,0.350395997786055,1.98203906222988,0,0
151,mdcr,ED,spend_per_vol_mean,sens,all_cohorts,2,0.714401896898492,1.48173210613249,-2.18979303112119,3.61859682491818,Post,0.350395997786055,1.98203906222988,0,0
151,mdcr,ED,spend_per_vol_mean,sens,all_cohorts,3,0.190352059148925,2.55908982639444,-4.82546400058418,5.20616811888203,Post,0.350395997786055,1.98203906222988,0,0
151,mdcr,ED,spend_per_vol_mean,sens,all_cohorts,4,0.489277862439338,4.02624162666358,-7.40215572582129,8.38071145069996,Post,0.350395997786055,1.98203906222988,0,0
152,mdcr,ED,spend_per_vol_mean,sens,c2014,-3,2.37728598013971,1.15923297738015,0.105189344474614,4.64938261580481,Pre,1.07019885018286,2.06085275355241,0,0.11014
152,mdcr,ED,spend_per_vol_mean,sens,c2014,-2,1.89159398736566,1.07787735564204,-0.221045629692741,4.00423360442405,Pre,1.07019885018286,2.06085275355241,0,0.11014
152,mdcr,ED,spend_per_vol_mean,sens,c2014,-1,2.69628077973975,1.18408314685808,0.375477811897926,5.01708374758158,Pre,1.07019885018286,2.06085275355241,0,0.11014
152,mdcr,ED,spend_per_vol_mean,sens,c2014,0,1.21449467798324,1.53106302095748,-1.78638884309341,4.2153781990599,Post,1.07019885018286,2.06085275355241,0,0.11014
152,mdcr,ED,spend_per_vol_mean,sens,c2014,1,1.15867534645278,1.55001586510379,-1.87935574915065,4.1967064420562,Post,1.07019885018286,2.06085275355241,0,0.11014
152,mdcr,ED,spend_per_vol_mean,sens,c2014,2,1.12073268847925,1.53356426792983,-1.88505327666321,4.12651865362172,Post,1.07019885018286,2.06085275355241,0,0.11014
152,mdcr,ED,spend_per_vol_mean,sens,c2014,3,1.36781367555968,2.80134113636453,-4.1228149517148,6.85844230283416,Post,1.07019885018286,2.06085275355241,0,0.11014
152,mdcr,ED,spend_per_vol_mean,sens,c2014,4,0.489277862439338,4.05940809827594,-7.46716201018151,8.44571773506018,Post,1.07019885018286,2.06085275355241,0,0.11014
153,mdcr,ED,vol_per_bene_mean,main,all_cohorts,-6,-5.78830017941793,2.13520745110715,-9.97330678358795,-1.60329357524791,Pre,11.0824922743278,9.87382544536685,0,0
153,mdcr,ED,vol_per_bene_mean,main,all_cohorts,-5,-2.85784107165819,4.16682961959052,-11.0248271260556,5.30914498273922,Pre,11.0824922743278,9.87382544536685,0,0
153,mdcr,ED,vol_per_bene_mean,main,all_cohorts,-4,-2.31725643481913,4.39450877493794,-10.9304936336975,6.29598076405923,Pre,11.0824922743278,9.87382544536685,0,0
153,mdcr,ED,vol_per_bene_mean,main,all_cohorts,-3,-0.827520658621054,3.40057959070527,-7.49265665640338,5.83761533916127,Pre,11.0824922743278,9.87382544536685,0,0
153,mdcr,ED,vol_per_bene_mean,main,all_cohorts,-2,4.15144806996353,3.70285083873377,-3.10613957395466,11.4090357138817,Pre,11.0824922743278,9.87382544536685,0,0
153,mdcr,ED,vol_per_bene_mean,main,all_cohorts,-1,2.86995760764989,2.96505438726858,-2.94154899139652,8.68146420669629,Pre,11.0824922743278,9.87382544536685,0,0
153,mdcr,ED,vol_per_bene_mean,main,all_cohorts,0,5.32772454345537,4.27412353859723,-3.04955759219521,13.7050066791059,Post,11.0824922743278,9.87382544536685,0,0
153,mdcr,ED,vol_per_bene_mean,main,all_cohorts,1,10.2588322535477,8.29237310299286,-5.99421902831832,26.5118835354137,Post,11.0824922743278,9.87382544536685,0,0
153,mdcr,ED,vol_per_bene_mean,main,all_cohorts,2,19.1043063389974,10.5190860054711,-1.51310223172593,39.7217149097208,Post,11.0824922743278,9.87382544536685,0,0
153,mdcr,ED,vol_per_bene_mean,main,all_cohorts,3,8.8292670782133,12.0059931550194,-14.7024795056248,32.3610136620514,Post,11.0824922743278,9.87382544536685,0,0
153,mdcr,ED,vol_per_bene_mean,main,all_cohorts,4,12.0794425759007,16.6664530521341,-20.5868054062822,44.7456905580836,Post,11.0824922743278,9.87382544536685,0,0
154,mdcr,ED,vol_per_bene_mean,main,c2014,-3,-3.17791747854016,4.93722680559998,-12.8548820175161,6.49904706043581,Pre,10.5195878475463,10.4932737611528,0,0.92433
154,mdcr,ED,vol_per_bene_mean,main,c2014,-2,-1.33429451291531,3.94957566815359,-9.07546282249635,6.40687379666573,Pre,10.5195878475463,10.4932737611528,0,0.92433
154,mdcr,ED,vol_per_bene_mean,main,c2014,-1,-1.81548167638108,3.78173028988843,-9.22767304456241,5.59670969180024,Pre,10.5195878475463,10.4932737611528,0,0.92433
154,mdcr,ED,vol_per_bene_mean,main,c2014,0,1.45110329107734,4.61237565153541,-7.58915298593206,10.4913595680867,Post,10.5195878475463,10.4932737611528,0,0.92433
154,mdcr,ED,vol_per_bene_mean,main,c2014,1,9.91364423764538,8.81722976363134,-7.36812609907205,27.1954145743628,Post,10.5195878475463,10.4932737611528,0,0.92433
154,mdcr,ED,vol_per_bene_mean,main,c2014,2,18.4843811188805,11.6473694213817,-4.34446294702761,41.3132251847887,Post,10.5195878475463,10.4932737611528,0,0.92433
154,mdcr,ED,vol_per_bene_mean,main,c2014,3,10.6693680142276,12.4595726287543,-13.7513943381308,35.0901303665859,Post,10.5195878475463,10.4932737611528,0,0.92433
154,mdcr,ED,vol_per_bene_mean,main,c2014,4,12.0794425759007,16.4472633463532,-20.1571935829517,44.3160787347531,Post,10.5195878475463,10.4932737611528,0,0.92433
155,mdcr,ED,vol_per_bene_mean,sens,all_cohorts,-6,-6.9333521035085,1.15473917373007,-9.19664088401942,-4.67006332299757,Pre,-8.61352488839777,8.97811564206375,0,0
155,mdcr,ED,vol_per_bene_mean,sens,all_cohorts,-5,-0.679689581395524,4.61049583100476,-9.71626141016485,8.35688224737381,Pre,-8.61352488839777,8.97811564206375,0,0
155,mdcr,ED,vol_per_bene_mean,sens,all_cohorts,-4,0.834011853712678,4.78798658231893,-8.55044184763242,10.2184655550578,Pre,-8.61352488839777,8.97811564206375,0,0
155,mdcr,ED,vol_per_bene_mean,sens,all_cohorts,-3,-3.16132728383349,2.88674483956865,-8.81934716938804,2.49669260172106,Pre,-8.61352488839777,8.97811564206375,0,0
155,mdcr,ED,vol_per_bene_mean,sens,all_cohorts,-2,-1.25093586710539,3.02459519466747,-7.17914244865364,4.67727071444285,Pre,-8.61352488839777,8.97811564206375,0,0
155,mdcr,ED,vol_per_bene_mean,sens,all_cohorts,-1,-4.74509883639434,2.74389789035436,-10.1231387014889,0.632941028700194,Pre,-8.61352488839777,8.97811564206375,0,0
155,mdcr,ED,vol_per_bene_mean,sens,all_cohorts,0,0.392386711644117,3.71124047948007,-6.88164462813682,7.66641805142505,Post,-8.61352488839777,8.97811564206375,0,0
155,mdcr,ED,vol_per_bene_mean,sens,all_cohorts,1,-3.92309783844825,6.99259395645408,-17.6285819930982,9.78238631620176,Post,-8.61352488839777,8.97811564206375,0,0
155,mdcr,ED,vol_per_bene_mean,sens,all_cohorts,2,-3.4014835100626,11.0515001900459,-25.0624238825527,18.2594568624275,Post,-8.61352488839777,8.97811564206375,0,0
155,mdcr,ED,vol_per_bene_mean,sens,all_cohorts,3,-14.7119795633359,10.8647497937444,-36.006889159075,6.58293003240318,Post,-8.61352488839777,8.97811564206375,0,0
155,mdcr,ED,vol_per_bene_mean,sens,all_cohorts,4,-25.7775004335916,17.5771819826113,-60.2287771195098,8.67377625232653,Post,-8.61352488839777,8.97811564206375,0,0
156,mdcr,ED,vol_per_bene_mean,sens,c2014,-3,-4.65000589245203,2.95385050073645,-10.4395528738955,1.13954108899141,Pre,-12.9122266659588,10.8126205370028,0,0.10897
156,mdcr,ED,vol_per_bene_mean,sens,c2014,-2,-5.9683816996101,3.98127459732052,-13.7716799103583,1.83491651113812,Pre,-12.9122266659588,10.8126205370028,0,0.10897
156,mdcr,ED,vol_per_bene_mean,sens,c2014,-1,-6.47096967332008,3.40729961388899,-13.1492769165425,0.207337569902335,Pre,-12.9122266659588,10.8126205370028,0,0.10897
156,mdcr,ED,vol_per_bene_mean,sens,c2014,0,-5.08024940632166,3.172884819315,-11.2991036521791,1.13860483953574,Post,-12.9122266659588,10.8126205370028,0,0.10897
156,mdcr,ED,vol_per_bene_mean,sens,c2014,1,-9.27882937810669,9.44245229467613,-27.7860358756719,9.22837711945854,Post,-12.9122266659588,10.8126205370028,0,0.10897
156,mdcr,ED,vol_per_bene_mean,sens,c2014,2,-9.7194077519803,11.8747129810198,-32.9938451947791,13.5550296908185,Post,-12.9122266659588,10.8126205370028,0,0.10897
156,mdcr,ED,vol_per_bene_mean,sens,c2014,3,-14.7051463597935,11.6329739309548,-37.5057752644649,8.09548254487784,Post,-12.9122266659588,10.8126205370028,0,0.10897
156,mdcr,ED,vol_per_bene_mean,sens,c2014,4,-25.7775004335916,16.2338387157838,-57.5958243165278,6.04082344934455,Post,-12.9122266659588,10.8126205370028,0,0.10897
157,mdcr,ED,vol_per_capita_mean,main,all_cohorts,-6,1.61094532957572,1.85228654745814,-2.01953630344223,5.24142696259366,Pre,-2.48301975886039,5.5000025919052,0,0
157,mdcr,ED,vol_per_capita_mean,main,all_cohorts,-5,0.968709178712866,5.63826567478378,-10.0822915438633,12.0197099012891,Pre,-2.48301975886039,5.5000025919052,0,0
157,mdcr,ED,vol_per_capita_mean,main,all_cohorts,-4,2.60544299934312,5.36597363795361,-7.91186533104595,13.1227513297322,Pre,-2.48301975886039,5.5000025919052,0,0
157,mdcr,ED,vol_per_capita_mean,main,all_cohorts,-3,-4.89519756054605,4.67673321089647,-14.0615946539031,4.27119953281104,Pre,-2.48301975886039,5.5000025919052,0,0
157,mdcr,ED,vol_per_capita_mean,main,all_cohorts,-2,-1.68277983878913,2.84994267015606,-7.26866747229501,3.90310779471675,Pre,-2.48301975886039,5.5000025919052,0,0
157,mdcr,ED,vol_per_capita_mean,main,all_cohorts,-1,3.13039966057891,1.84348607582223,-0.482833048032668,6.74363236919048,Pre,-2.48301975886039,5.5000025919052,0,0
157,mdcr,ED,vol_per_capita_mean,main,all_cohorts,0,2.21623484576837,2.1725065705265,-2.04187803246358,6.47434772400031,Post,-2.48301975886039,5.5000025919052,0,0
157,mdcr,ED,vol_per_capita_mean,main,all_cohorts,1,-0.713042045726645,4.16321390268646,-8.87294129499211,7.44685720353882,Post,-2.48301975886039,5.5000025919052,0,0
157,mdcr,ED,vol_per_capita_mean,main,all_cohorts,2,-0.405181086988376,6.4359357680936,-13.0196151924518,12.2092530184751,Post,-2.48301975886039,5.5000025919052,0,0
157,mdcr,ED,vol_per_capita_mean,main,all_cohorts,3,-4.95922435507021,7.59425827785752,-19.8439705796709,9.92552186953053,Post,-2.48301975886039,5.5000025919052,0,0
157,mdcr,ED,vol_per_capita_mean,main,all_cohorts,4,-10.5668079309627,11.1975031957259,-32.5139141945854,11.38029833266,Post,-2.48301975886039,5.5000025919052,0,0
158,mdcr,ED,vol_per_capita_mean,main,c2014,-3,-3.70292590156221,4.03004702711968,-11.6018180747168,4.19596627159235,Pre,-3.42009296163063,6.2966966313363,0,0.25639
158,mdcr,ED,vol_per_capita_mean,main,c2014,-2,-3.69208618211079,2.46082377658894,-8.51530078422511,1.13112842000353,Pre,-3.42009296163063,6.2966966313363,0,0.25639
158,mdcr,ED,vol_per_capita_mean,main,c2014,-1,1.56900976382628,1.83639160693242,-2.03031778576125,5.16833731341381,Pre,-3.42009296163063,6.2966966313363,0,0.25639
158,mdcr,ED,vol_per_capita_mean,main,c2014,0,-0.222841943647048,3.31704276984038,-6.7242457725342,6.2785618852401,Post,-3.42009296163063,6.2966966313363,0,0.25639
158,mdcr,ED,vol_per_capita_mean,main,c2014,1,-1.71235946256534,4.05144094215761,-9.65318370919425,6.22846478406356,Post,-3.42009296163063,6.2966966313363,0,0.25639
158,mdcr,ED,vol_per_capita_mean,main,c2014,2,-0.490938763105667,7.66585718246772,-15.5160188407424,14.5341413145311,Post,-3.42009296163063,6.2966966313363,0,0.25639
158,mdcr,ED,vol_per_capita_mean,main,c2014,3,-4.10751670787239,9.53203915979136,-22.7903134610635,14.5752800453187,Post,-3.42009296163063,6.2966966313363,0,0.25639
158,mdcr,ED,vol_per_capita_mean,main,c2014,4,-10.5668079309627,11.1082650802744,-32.3390074883006,11.2053916263752,Post,-3.42009296163063,6.2966966313363,0,0.25639
159,mdcr,ED,vol_per_capita_mean,sens,all_cohorts,-6,1.26891537724249,0.703983639518565,-0.110892556213898,2.64872331069888,Pre,-9.14877013110402,4.89947758714508,0,0
159,mdcr,ED,vol_per_capita_mean,sens,all_cohorts,-5,2.9195376588226,2.92743817819634,-2.81824117044223,8.65731648808742,Pre,-9.14877013110402,4.89947758714508,0,0
159,mdcr,ED,vol_per_capita_mean,sens,all_cohorts,-4,4.0862059452115,4.90170652211314,-5.52113883813026,13.6935507285533,Pre,-9.14877013110402,4.89947758714508,0,0
159,mdcr,ED,vol_per_capita_mean,sens,all_cohorts,-3,-4.89123367489532,2.44702551408209,-9.68740368249621,-0.0950636672944354,Pre,-9.14877013110402,4.89947758714508,0,0
159,mdcr,ED,vol_per_capita_mean,sens,all_cohorts,-2,-1.52396359484485,1.73373284364681,-4.92207996839259,1.8741527787029,Pre,-9.14877013110402,4.89947758714508,0,0
159,mdcr,ED,vol_per_capita_mean,sens,all_cohorts,-1,-2.0578522761913,1.49339211124131,-4.98490081422427,0.869196261841659,Pre,-9.14877013110402,4.89947758714508,0,0
159,mdcr,ED,vol_per_capita_mean,sens,all_cohorts,0,-0.156760156242378,1.67594535079443,-3.44161304379946,3.1280927313147,Post,-9.14877013110402,4.89947758714508,0,0
159,mdcr,ED,vol_per_capita_mean,sens,all_cohorts,1,-5.45272184485964,3.32922329354268,-11.9779995002033,1.07255581048401,Post,-9.14877013110402,4.89947758714508,0,0
159,mdcr,ED,vol_per_capita_mean,sens,all_cohorts,2,-7.60071360039548,6.25042357020221,-19.8515437979918,4.65011659720085,Post,-9.14877013110402,4.89947758714508,0,0
159,mdcr,ED,vol_per_capita_mean,sens,all_cohorts,3,-14.3223027503051,6.70267670084946,-27.4595490839701,-1.1850564166402,Post,-9.14877013110402,4.89947758714508,0,0
159,mdcr,ED,vol_per_capita_mean,sens,all_cohorts,4,-21.5147182698931,9.07767072970425,-39.3069529001134,-3.72248363967272,Post,-9.14877013110402,4.89947758714508,0,0
160,mdcr,ED,vol_per_capita_mean,sens,c2014,-3,-6.17659564002745,2.87212960341616,-11.8059696627231,-0.547221617331767,Pre,-11.4609881063741,5.55039962369823,0,0.13404
160,mdcr,ED,vol_per_capita_mean,sens,c2014,-2,-2.61984800308338,1.97168511025827,-6.48435081918959,1.24465481302284,Pre,-11.4609881063741,5.55039962369823,0,0.13404
160,mdcr,ED,vol_per_capita_mean,sens,c2014,-1,-2.91164644628004,2.18997678810849,-7.20400095097269,1.3807080584126,Pre,-11.4609881063741,5.55039962369823,0,0.13404
160,mdcr,ED,vol_per_capita_mean,sens,c2014,0,-3.59622032708725,1.53973830192981,-6.61410739886968,-0.578333255304821,Post,-11.4609881063741,5.55039962369823,0,0.13404
160,mdcr,ED,vol_per_capita_mean,sens,c2014,1,-8.74384894943543,4.51690193451179,-17.5969767410785,0.109278842207672,Post,-11.4609881063741,5.55039962369823,0,0.13404
160,mdcr,ED,vol_per_capita_mean,sens,c2014,2,-9.43645801050728,7.491894638213,-24.1205715014048,5.24765548039021,Post,-11.4609881063741,5.55039962369823,0,0.13404
160,mdcr,ED,vol_per_capita_mean,sens,c2014,3,-14.0136949749472,6.56208576881276,-26.8753830818203,-1.15200686807422,Post,-11.4609881063741,5.55039962369823,0,0.13404
160,mdcr,ED,vol_per_capita_mean,sens,c2014,4,-21.5147182698931,9.72999137284007,-40.5855013606596,-2.44393517912651,Post,-11.4609881063741,5.55039962369823,0,0.13404
161,mdcr,IP,spend_per_bene_mean,main,all_cohorts,-6,-44.9230524846024,18.166746979323,-80.5298765640755,-9.31622840512925,Pre,43.5576850287709,39.463487677478,0,0
161,mdcr,IP,spend_per_bene_mean,main,all_cohorts,-5,-5.5870703723204,37.4783204796041,-79.0445785123444,67.8704377677036,Pre,43.5576850287709,39.463487677478,0,0
161,mdcr,IP,spend_per_bene_mean,main,all_cohorts,-4,-5.95549560093167,43.1140900500554,-90.4591120990403,78.548120897177,Pre,43.5576850287709,39.463487677478,0,0
161,mdcr,IP,spend_per_bene_mean,main,all_cohorts,-3,-3.1750720438017,34.3719862204669,-70.5441650359168,64.1940209483134,Pre,43.5576850287709,39.463487677478,0,0
161,mdcr,IP,spend_per_bene_mean,main,all_cohorts,-2,34.7733610211667,33.7580490100145,-31.3924150384618,100.939137080795,Pre,43.5576850287709,39.463487677478,0,0
161,mdcr,IP,spend_per_bene_mean,main,all_cohorts,-1,12.1786222479459,19.2539992204494,-25.559216224135,49.9164607200268,Pre,43.5576850287709,39.463487677478,0,0
161,mdcr,IP,spend_per_bene_mean,main,all_cohorts,0,26.4197235085984,26.3890263487803,-25.3027681350109,78.1422151522077,Post,43.5576850287709,39.463487677478,0,0
161,mdcr,IP,spend_per_bene_mean,main,all_cohorts,1,50.9627353419061,44.9016577541072,-37.044513856144,138.969984539956,Post,43.5576850287709,39.463487677478,0,0
161,mdcr,IP,spend_per_bene_mean,main,all_cohorts,2,82.6600850222847,47.8670819154645,-11.1593955320258,176.479565576595,Post,43.5576850287709,39.463487677478,0,0
161,mdcr,IP,spend_per_bene_mean,main,all_cohorts,3,25.3810719858322,54.2246513090011,-80.8992445798099,131.661388551474,Post,43.5576850287709,39.463487677478,0,0
161,mdcr,IP,spend_per_bene_mean,main,all_cohorts,4,27.8866419899128,62.041780384487,-93.7152475636817,149.488531543507,Post,43.5576850287709,39.463487677478,0,0
162,mdcr,IP,spend_per_bene_mean,main,c2014,-3,-6.89227421161124,51.9643993122949,-108.742496863709,94.9579484404868,Pre,37.5067573974453,41.1520704375493,0,0.73967
162,mdcr,IP,spend_per_bene_mean,main,c2014,-2,-21.1425314866095,27.4050248058344,-74.8563801060449,32.5713171328259,Pre,37.5067573974453,41.1520704375493,0,0.73967
162,mdcr,IP,spend_per_bene_mean,main,c2014,-1,-16.1714448153648,32.039731096745,-78.969317764985,46.6264281342555,Pre,37.5067573974453,41.1520704375493,0,0.73967
162,mdcr,IP,spend_per_bene_mean,main,c2014,0,-7.36906015916573,30.6827924295218,-67.5073333210285,52.769213002697,Post,37.5067573974453,41.1520704375493,0,0.73967
162,mdcr,IP,spend_per_bene_mean,main,c2014,1,45.1692228575206,42.6909187246237,-38.5049778427418,128.843423557783,Post,37.5067573974453,41.1520704375493,0,0.73967
162,mdcr,IP,spend_per_bene_mean,main,c2014,2,85.1168242486012,47.7726612726226,-8.51759184573919,178.751240342942,Post,37.5067573974453,41.1520704375493,0,0.73967
162,mdcr,IP,spend_per_bene_mean,main,c2014,3,36.7301580503577,60.701009682139,-82.2438209266348,155.70413702735,Post,37.5067573974453,41.1520704375493,0,0.73967
162,mdcr,IP,spend_per_bene_mean,main,c2014,4,27.8866419899128,64.0474875042374,-97.6464335183925,153.419717498218,Post,37.5067573974453,41.1520704375493,0,0.73967
163,mdcr,IP,spend_per_bene_mean,sens,all_cohorts,-6,-71.6239778777098,12.2213119216725,-95.5777492441879,-47.6702065112317,Pre,-58.1163289430374,38.6723334290062,0,0
163,mdcr,IP,spend_per_bene_mean,sens,all_cohorts,-5,12.103387891249,49.8231662472538,-85.5500179533684,109.756793735866,Pre,-58.1163289430374,38.6723334290062,0,0
163,mdcr,IP,spend_per_bene_mean,sens,all_cohorts,-4,14.2073924934968,47.1076868833825,-78.1236737979329,106.538458784926,Pre,-58.1163289430374,38.6723334290062,0,0
163,mdcr,IP,spend_per_bene_mean,sens,all_cohorts,-3,-37.0670307983661,26.6107259992545,-89.2240537569048,15.0899921601727,Pre,-58.1163289430374,38.6723334290062,0,0
163,mdcr,IP,spend_per_bene_mean,sens,all_cohorts,-2,-11.3351102503782,19.4428682716256,-49.4431320627643,26.772911562008,Pre,-58.1163289430374,38.6723334290062,0,0
163,mdcr,IP,spend_per_bene_mean,sens,all_cohorts,-1,-40.0787980888018,23.373547033828,-85.8909502751047,5.73335409750116,Pre,-58.1163289430374,38.6723334290062,0,0
163,mdcr,IP,spend_per_bene_mean,sens,all_cohorts,0,-6.30477170795503,21.4692662251703,-48.3845335092889,35.7749900933788,Post,-58.1163289430374,38.6723334290062,0,0
163,mdcr,IP,spend_per_bene_mean,sens,all_cohorts,1,-24.7208556323751,36.26548919168,-95.801214448068,46.3595031833178,Post,-58.1163289430374,38.6723334290062,0,0
163,mdcr,IP,spend_per_bene_mean,sens,all_cohorts,2,-32.4848020133456,47.4580572678154,-125.502594258264,60.5329902315726,Post,-58.1163289430374,38.6723334290062,0,0
163,mdcr,IP,spend_per_bene_mean,sens,all_cohorts,3,-90.8428267572535,49.3935923343877,-187.654267732653,5.96861421814647,Post,-58.1163289430374,38.6723334290062,0,0
163,mdcr,IP,spend_per_bene_mean,sens,all_cohorts,4,-162.310743882486,74.112610918016,-307.571461281797,-17.0500264831747,Post,-58.1163289430374,38.6723334290062,0,0
164,mdcr,IP,spend_per_bene_mean,sens,c2014,-3,-34.2423569087627,25.6520477339111,-84.5203704672286,16.0356566497031,Pre,-82.8469378466623,45.924326942867,0,0.1272
164,mdcr,IP,spend_per_bene_mean,sens,c2014,-2,-45.1771714269625,26.2959515339817,-96.7172364335667,6.36289357964162,Pre,-82.8469378466623,45.924326942867,0,0.1272
164,mdcr,IP,spend_per_bene_mean,sens,c2014,-1,-49.6651384704093,30.9601896135564,-110.34711011298,11.0168331721612,Pre,-82.8469378466623,45.924326942867,0,0.1272
164,mdcr,IP,spend_per_bene_mean,sens,c2014,0,-44.5409745746447,22.6757680979924,-88.9854800467098,-0.0964691025796611,Post,-82.8469378466623,45.924326942867,0,0.1272
164,mdcr,IP,spend_per_bene_mean,sens,c2014,1,-66.2217024508278,50.1246515972209,-164.466019581381,32.022614679725,Post,-82.8469378466623,45.924326942867,0,0.1272
164,mdcr,IP,spend_per_bene_mean,sens,c2014,2,-54.7805656180546,53.1819436851352,-159.017175240919,49.4560440048103,Post,-82.8469378466623,45.924326942867,0,0.1272
164,mdcr,IP,spend_per_bene_mean,sens,c2014,3,-86.3807027072983,50.1023191537518,-184.581248248652,11.8198428340552,Post,-82.8469378466623,45.924326942867,0,0.1272
164,mdcr,IP,spend_per_bene_mean,sens,c2014,4,-162.310743882486,74.7932298874927,-308.905474461972,-15.7160133030002,Post,-82.8469378466623,45.924326942867,0,0.1272
165,mdcr,IP,spend_per_capita_mean,main,all_cohorts,-6,11.9606214902176,13.6537200261112,-14.8006697609603,38.7219127413956,Pre,-2.40662067817642,27.7077022905876,0,0
165,mdcr,IP,spend_per_capita_mean,main,all_cohorts,-5,-11.5259828867799,42.9506387248455,-95.7092347874769,72.6572690139172,Pre,-2.40662067817642,27.7077022905876,0,0
165,mdcr,IP,spend_per_capita_mean,main,all_cohorts,-4,-12.3273236253179,24.8997815655866,-61.1308954938675,36.4762482432318,Pre,-2.40662067817642,27.7077022905876,0,0
165,mdcr,IP,spend_per_capita_mean,main,all_cohorts,-3,-3.68106095991296,26.3956201496223,-55.4164764531726,48.0543545333467,Pre,-2.40662067817642,27.7077022905876,0,0
165,mdcr,IP,spend_per_capita_mean,main,all_cohorts,-2,12.3706187815438,23.5464170277749,-33.7803585928951,58.5215961559826,Pre,-2.40662067817642,27.7077022905876,0,0
165,mdcr,IP,spend_per_capita_mean,main,all_cohorts,-1,10.2915477822724,14.2211867841875,-17.5819783147351,38.16507387928,Pre,-2.40662067817642,27.7077022905876,0,0
165,mdcr,IP,spend_per_capita_mean,main,all_cohorts,0,23.3157140872079,18.1656886047525,-12.2890355781071,58.9204637525228,Post,-2.40662067817642,27.7077022905876,0,0
165,mdcr,IP,spend_per_capita_mean,main,all_cohorts,1,10.3359904896009,25.4891389294911,-39.6227218122017,60.2947027914035,Post,-2.40662067817642,27.7077022905876,0,0
165,mdcr,IP,spend_per_capita_mean,main,all_cohorts,2,7.53067126649639,32.3268337113039,-55.8299228076593,70.8912653406521,Post,-2.40662067817642,27.7077022905876,0,0
165,mdcr,IP,spend_per_capita_mean,main,all_cohorts,3,-18.7816051935124,37.9745816098094,-93.2117851487388,55.6485747617142,Post,-2.40662067817642,27.7077022905876,0,0
165,mdcr,IP,spend_per_capita_mean,main,all_cohorts,4,-45.6240108268414,54.2159042018835,-151.887183062533,60.6391614088503,Post,-2.40662067817642,27.7077022905876,0,0
166,mdcr,IP,spend_per_capita_mean,main,c2014,-3,-4.55523749295875,45.0924265306531,-92.9363934930388,83.8259185071212,Pre,-7.94565635242214,30.3261341761751,0,0.28148
166,mdcr,IP,spend_per_capita_mean,main,c2014,-2,-30.6906084951551,20.8622721055636,-71.5806618220599,10.1994448317496,Pre,-7.94565635242214,30.3261341761751,0,0.28148
166,mdcr,IP,spend_per_capita_mean,main,c2014,-1,6.13972035600496,16.5714710114573,-26.3403628264513,38.6198035384612,Pre,-7.94565635242214,30.3261341761751,0,0.28148
166,mdcr,IP,spend_per_capita_mean,main,c2014,0,-1.96918828690498,22.9504881089233,-46.9521449803946,43.0137684065846,Post,-7.94565635242214,30.3261341761751,0,0.28148
166,mdcr,IP,spend_per_capita_mean,main,c2014,1,2.96967193770831,26.1121885833582,-48.2102176856737,54.1495615610903,Post,-7.94565635242214,30.3261341761751,0,0.28148
166,mdcr,IP,spend_per_capita_mean,main,c2014,2,11.7247487707116,33.3561584939474,-53.6533218774253,77.1028194188485,Post,-7.94565635242214,30.3261341761751,0,0.28148
166,mdcr,IP,spend_per_capita_mean,main,c2014,3,-6.8295033567843,43.5488567981132,-92.1852626810862,78.5262559675176,Post,-7.94565635242214,30.3261341761751,0,0.28148
166,mdcr,IP,spend_per_capita_mean,main,c2014,4,-45.6240108268414,57.7659922485228,-158.845355633946,67.5973339802633,Post,-7.94565635242214,30.3261341761751,0,0.28148
167,mdcr,IP,spend_per_capita_mean,sens,all_cohorts,-6,-14.9460746244742,8.61823282842989,-31.8378109681968,1.94566171924835,Pre,-58.6564787281112,29.344839758041,0,0
167,mdcr,IP,spend_per_capita_mean,sens,all_cohorts,-5,6.3956953061718,45.6511954930465,-83.0806478601993,95.8720384725429,Pre,-58.6564787281112,29.344839758041,0,0
167,mdcr,IP,spend_per_capita_mean,sens,all_cohorts,-4,-1.21068288098453,31.138998885046,-62.2431206956747,59.8217549337056,Pre,-58.6564787281112,29.344839758041,0,0
167,mdcr,IP,spend_per_capita_mean,sens,all_cohorts,-3,-32.3904498172929,19.4417866899172,-70.4963517295306,5.71545209494475,Pre,-58.6564787281112,29.344839758041,0,0
167,mdcr,IP,spend_per_capita_mean,sens,all_cohorts,-2,-5.92117904370912,11.1798615706787,-27.8337077222393,15.9913496348211,Pre,-58.6564787281112,29.344839758041,0,0
167,mdcr,IP,spend_per_capita_mean,sens,all_cohorts,-1,-33.6410089425497,15.4015298343742,-63.8280074179232,-3.45401046717624,Pre,-58.6564787281112,29.344839758041,0,0
167,mdcr,IP,spend_per_capita_mean,sens,all_cohorts,0,-2.46831867768724,14.4115317600351,-30.714920927356,25.7782835719816,Post,-58.6564787281112,29.344839758041,0,0
167,mdcr,IP,spend_per_capita_mean,sens,all_cohorts,1,-28.3553100190095,28.5091370410403,-84.2332186194485,27.5225985814296,Post,-58.6564787281112,29.344839758041,0,0
167,mdcr,IP,spend_per_capita_mean,sens,all_cohorts,2,-47.1312729693049,36.1623475797535,-118.009474225622,23.746928287012,Post,-58.6564787281112,29.344839758041,0,0
167,mdcr,IP,spend_per_capita_mean,sens,all_cohorts,3,-89.8532586803631,40.7513901688906,-169.725983411389,-9.98053394933757,Post,-58.6564787281112,29.344839758041,0,0
167,mdcr,IP,spend_per_capita_mean,sens,all_cohorts,4,-148.713681134701,64.4854512636637,-275.105165611482,-22.3221966579205,Post,-58.6564787281112,29.344839758041,0,0
168,mdcr,IP,spend_per_capita_mean,sens,c2014,-3,-37.7721095063559,22.7950010712593,-82.4503116060241,6.90609259331234,Pre,-74.1305944375165,37.4558879210045,0,0.14782
168,mdcr,IP,spend_per_capita_mean,sens,c2014,-2,-19.1439999772865,11.5466043620414,-41.7753445268876,3.48734457231467,Pre,-74.1305944375165,37.4558879210045,0,0.14782
168,mdcr,IP,spend_per_capita_mean,sens,c2014,-1,-37.2457558211985,22.0487308375347,-80.4612682627665,5.9697566203694,Pre,-74.1305944375165,37.4558879210045,0,0.14782
168,mdcr,IP,spend_per_capita_mean,sens,c2014,0,-30.2178547496793,15.0941582011786,-59.8024048239894,-0.633304675369161,Post,-74.1305944375165,37.4558879210045,0,0.14782
168,mdcr,IP,spend_per_capita_mean,sens,c2014,1,-57.3732267632151,33.9721597011661,-123.958659777501,9.21220625107041,Post,-74.1305944375165,37.4558879210045,0,0.14782
168,mdcr,IP,spend_per_capita_mean,sens,c2014,2,-53.6327696488498,38.0144262747089,-128.141045147279,20.8755058495797,Post,-74.1305944375165,37.4558879210045,0,0.14782
168,mdcr,IP,spend_per_capita_mean,sens,c2014,3,-80.7154398911368,46.1453805094852,-171.160385689728,9.72950590745424,Post,-74.1305944375165,37.4558879210045,0,0.14782
168,mdcr,IP,spend_per_capita_mean,sens,c2014,4,-148.713681134701,62.2431851882139,-270.710324103601,-26.7170381658021,Post,-74.1305944375165,37.4558879210045,0,0.14782
169,mdcr,IP,spend_per_vol_mean,main,all_cohorts,-6,-25.4871222329963,19.3379814728432,-63.389565919769,12.4153214537763,Pre,53.2074666301874,24.2217507635435,0,0
169,mdcr,IP,spend_per_vol_mean,main,all_cohorts,-5,30.537333556942,41.7408642119533,-51.2747602984866,112.349427412371,Pre,53.2074666301874,24.2217507635435,0,0
169,mdcr,IP,spend_per_vol_mean,main,all_cohorts,-4,-16.5122124199991,15.6877690754566,-47.260239807894,14.2358149678958,Pre,53.2074666301874,24.2217507635435,0,0
169,mdcr,IP,spend_per_vol_mean,main,all_cohorts,-3,47.0033657080495,19.6352009813476,8.51837178460816,85.4883596314907,Pre,53.2074666301874,24.2217507635435,0,0
169,mdcr,IP,spend_per_vol_mean,main,all_cohorts,-2,41.9520553868063,20.3999336775764,1.96818537875649,81.9359253948561,Pre,53.2074666301874,24.2217507635435,0,0
169,mdcr,IP,spend_per_vol_mean,main,all_cohorts,-1,49.4905276380068,22.0751693073436,6.22319579561326,92.7578594804004,Pre,53.2074666301874,24.2217507635435,0,0
169,mdcr,IP,spend_per_vol_mean,main,all_cohorts,0,54.9990905605087,27.0798895789327,1.92250698580064,108.075674135217,Post,53.2074666301874,24.2217507635435,0,0
169,mdcr,IP,spend_per_vol_mean,main,all_cohorts,1,55.9560187564892,33.2410379783014,-9.1964156809816,121.10845319396,Post,53.2074666301874,24.2217507635435,0,0
169,mdcr,IP,spend_per_vol_mean,main,all_cohorts,2,68.2518277699279,27.0226617972337,15.2874106473497,121.216244892506,Post,53.2074666301874,24.2217507635435,0,0
169,mdcr,IP,spend_per_vol_mean,main,all_cohorts,3,66.8794088971876,27.330761871357,13.3111156293279,120.447702165047,Post,53.2074666301874,24.2217507635435,0,0
169,mdcr,IP,spend_per_vol_mean,main,all_cohorts,4,13.4284581253909,28.310154968434,-42.0594456127398,68.9163618635216,Post,53.2074666301874,24.2217507635435,0,0
170,mdcr,IP,spend_per_vol_mean,main,c2014,-3,70.57893585673,25.0940966299737,21.3945064619817,119.763365251478,Pre,73.7309951127968,28.3566365686363,0,0.03131
170,mdcr,IP,spend_per_vol_mean,main,c2014,-2,62.2006538447347,22.9715163379812,17.1764818222915,107.224825867178,Pre,73.7309951127968,28.3566365686363,0,0.03131
170,mdcr,IP,spend_per_vol_mean,main,c2014,-1,57.9108842657957,37.3009171474294,-15.198913343166,131.020681874757,Pre,73.7309951127968,28.3566365686363,0,0.03131
170,mdcr,IP,spend_per_vol_mean,main,c2014,0,94.7609708287553,28.8518363600604,38.2113715630369,151.310570094474,Post,73.7309951127968,28.3566365686363,0,0.03131
170,mdcr,IP,spend_per_vol_mean,main,c2014,1,90.9098920954722,31.1550450066328,29.8460038824719,151.973780308472,Post,73.7309951127968,28.3566365686363,0,0.03131
170,mdcr,IP,spend_per_vol_mean,main,c2014,2,89.7873847309682,31.2776898724799,28.4831125809076,151.091656881029,Post,73.7309951127968,28.3566365686363,0,0.03131
170,mdcr,IP,spend_per_vol_mean,main,c2014,3,79.7682697833976,29.2398923264304,22.458080823594,137.078458743201,Post,73.7309951127968,28.3566365686363,0,0.03131
170,mdcr,IP,spend_per_vol_mean,main,c2014,4,13.4284581253909,26.8214076114807,-39.1415007931112,65.998417043893,Post,73.7309951127968,28.3566365686363,0,0.03131
171,mdcr,IP,spend_per_vol_mean,sens,all_cohorts,-6,-29.1267989954091,10.4980803314476,-49.7030364450465,-8.55056154577175,Pre,-21.3881809798576,25.8388772164242,0,0
171,mdcr,IP,spend_per_vol_mean,sens,all_cohorts,-5,42.81070809963,41.0377240387417,-37.6232310163037,123.244647215564,Pre,-21.3881809798576,25.8388772164242,0,0
171,mdcr,IP,spend_per_vol_mean,sens,all_cohorts,-4,-2.12103615349494,15.1805404395771,-31.8748954150661,27.6328231080762,Pre,-21.3881809798576,25.8388772164242,0,0
171,mdcr,IP,spend_per_vol_mean,sens,all_cohorts,-3,-1.3270389296344,19.0060546178346,-38.5789059805903,35.9248281213215,Pre,-21.3881809798576,25.8388772164242,0,0
171,mdcr,IP,spend_per_vol_mean,sens,all_cohorts,-2,-7.74916162637539,15.376244935575,-37.8866017001024,22.3882784473516,Pre,-21.3881809798576,25.8388772164242,0,0
171,mdcr,IP,spend_per_vol_mean,sens,all_cohorts,-1,-2.92283050934631,13.3924840442653,-29.1720992361064,23.3264382174138,Pre,-21.3881809798576,25.8388772164242,0,0
171,mdcr,IP,spend_per_vol_mean,sens,all_cohorts,0,0.703569307413928,18.1753164633933,-34.9200509608369,36.3271895756647,Post,-21.3881809798576,25.8388772164242,0,0
171,mdcr,IP,spend_per_vol_mean,sens,all_cohorts,1,-19.9582334291916,23.0609175327503,-65.1576317933821,25.2411649349989,Post,-21.3881809798576,25.8388772164242,0,0
171,mdcr,IP,spend_per_vol_mean,sens,all_cohorts,2,-19.3680292693914,27.969262079855,-74.1877829459072,35.4517244071244,Post,-21.3881809798576,25.8388772164242,0,0
171,mdcr,IP,spend_per_vol_mean,sens,all_cohorts,3,-25.7005402113438,34.1204078359996,-92.5765395699029,41.1754591472153,Post,-21.3881809798576,25.8388772164242,0,0
171,mdcr,IP,spend_per_vol_mean,sens,all_cohorts,4,-49.1710999941311,34.7802817821658,-117.340452287176,18.9982522989139,Post,-21.3881809798576,25.8388772164242,0,0
172,mdcr,IP,spend_per_vol_mean,sens,c2014,-3,-6.1471282814747,27.1392198536876,-59.3399991947025,47.0457426317531,Pre,-25.1732794916069,31.4733102484406,0,0.97768
172,mdcr,IP,spend_per_vol_mean,sens,c2014,-2,-6.97856253976781,24.1258159753396,-54.2651618514334,40.3080367718978,Pre,-25.1732794916069,31.4733102484406,0,0.97768
172,mdcr,IP,spend_per_vol_mean,sens,c2014,-1,-9.50957982479625,29.9640691474937,-68.239155353884,49.2199957042915,Pre,-25.1732794916069,31.4733102484406,0,0.97768
172,mdcr,IP,spend_per_vol_mean,sens,c2014,0,-10.0550463817274,31.2675096806117,-71.3393653557262,51.2292725922714,Post,-25.1732794916069,31.4733102484406,0,0.97768
172,mdcr,IP,spend_per_vol_mean,sens,c2014,1,-17.8247410507025,36.0347510648895,-88.4528531378859,52.803371036481,Post,-25.1732794916069,31.4733102484406,0,0.97768
172,mdcr,IP,spend_per_vol_mean,sens,c2014,2,-20.254586147703,35.7308109377062,-90.2869755856072,49.7778032902011,Post,-25.1732794916069,31.4733102484406,0,0.97768
172,mdcr,IP,spend_per_vol_mean,sens,c2014,3,-28.5609238837706,38.4788825461343,-103.979533674194,46.8576859066526,Post,-25.1732794916069,31.4733102484406,0,0.97768
172,mdcr,IP,spend_per_vol_mean,sens,c2014,4,-49.1710999941311,33.2901770365218,-114.419846985714,16.0776469974516,Post,-25.1732794916069,31.4733102484406,0,0.97768
173,mdcr,IP,vol_per_bene_mean,main,all_cohorts,-6,-2.29846710666295,1.05525088324848,-4.36675883782997,-0.230175375495931,Pre,4.28838034745015,2.46955033193193,0,0
173,mdcr,IP,vol_per_bene_mean,main,all_cohorts,-5,-0.830525823987298,2.3790985209673,-5.4935589250832,3.8325072771086,Pre,4.28838034745015,2.46955033193193,0,0
173,mdcr,IP,vol_per_bene_mean,main,all_cohorts,-4,0.30106951392826,2.70120103904022,-4.99328452259057,5.59542355044709,Pre,4.28838034745015,2.46955033193193,0,0
173,mdcr,IP,vol_per_bene_mean,main,all_cohorts,-3,-0.37167281509194,2.26137019521204,-4.80395839770754,4.06061276752365,Pre,4.28838034745015,2.46955033193193,0,0
173,mdcr,IP,vol_per_bene_mean,main,all_cohorts,-2,2.1140769790324,1.94176355068139,-1.69177958030312,5.91993353836791,Pre,4.28838034745015,2.46955033193193,0,0
173,mdcr,IP,vol_per_bene_mean,main,all_cohorts,-1,0.786136734579572,1.2479442631778,-1.65983402124891,3.23210749040806,Pre,4.28838034745015,2.46955033193193,0,0
173,mdcr,IP,vol_per_bene_mean,main,all_cohorts,0,1.5409114814767,1.44130777722123,-1.28405176187691,4.3658747248303,Post,4.28838034745015,2.46955033193193,0,0
173,mdcr,IP,vol_per_bene_mean,main,all_cohorts,1,4.00727424817772,2.82739242161861,-1.53441489819476,9.5489633945502,Post,4.28838034745015,2.46955033193193,0,0
173,mdcr,IP,vol_per_bene_mean,main,all_cohorts,2,6.40957554052673,3.13699626778117,0.261062855675629,12.5580882253778,Post,4.28838034745015,2.46955033193193,0,0
173,mdcr,IP,vol_per_bene_mean,main,all_cohorts,3,3.72083814368578,3.48557953950667,-3.1108977537473,10.5525740411189,Post,4.28838034745015,2.46955033193193,0,0
173,mdcr,IP,vol_per_bene_mean,main,all_cohorts,4,6.170321531766,4.26886339173462,-2.19665071603387,14.5372937795659,Post,4.28838034745015,2.46955033193193,0,0
174,mdcr,IP,vol_per_bene_mean,main,c2014,-3,-0.212274445505004,3.43465777874706,-6.94420369184925,6.51965480083924,Pre,4.11612151224834,2.65948025005778,0,0.77125
174,mdcr,IP,vol_per_bene_mean,main,c2014,-2,-1.40099458206925,1.73846773784007,-4.80839134823579,2.00640218409729,Pre,4.11612151224834,2.65948025005778,0,0.77125
174,mdcr,IP,vol_per_bene_mean,main,c2014,-1,-0.799811802469005,2.15669387464319,-5.02693179676966,3.42730819183165,Pre,4.11612151224834,2.65948025005778,0,0.77125
174,mdcr,IP,vol_per_bene_mean,main,c2014,0,-0.497821406268567,2.00813097689863,-4.43375812098988,3.43811530845274,Post,4.11612151224834,2.65948025005778,0,0.77125
174,mdcr,IP,vol_per_bene_mean,main,c2014,1,3.62024369311838,2.69227235238192,-1.65661011755019,8.89709750378694,Post,4.11612151224834,2.65948025005778,0,0.77125
174,mdcr,IP,vol_per_bene_mean,main,c2014,2,6.7967009026786,2.99728126304199,0.9220296271163,12.6713721782409,Post,4.11612151224834,2.65948025005778,0,0.77125
174,mdcr,IP,vol_per_bene_mean,main,c2014,3,4.49116283994729,3.86736666763592,-3.08887582861911,12.0712015085137,Post,4.11612151224834,2.65948025005778,0,0.77125
174,mdcr,IP,vol_per_bene_mean,main,c2014,4,6.170321531766,4.07733082207982,-1.82124687951045,14.1618899430424,Post,4.11612151224834,2.65948025005778,0,0.77125
175,mdcr,IP,vol_per_bene_mean,sens,all_cohorts,-6,-3.77988784309289,0.95056077769617,-5.64298696737738,-1.91678871880839,Pre,-2.60328057755269,2.55398986351059,0,0
175,mdcr,IP,vol_per_bene_mean,sens,all_cohorts,-5,0.0164602531788072,3.08330153244887,-6.02681075042098,6.0597312567786,Pre,-2.60328057755269,2.55398986351059,0,0
175,mdcr,IP,vol_per_bene_mean,sens,all_cohorts,-4,1.30101768961225,2.90792811751544,-4.398521420718,7.0005567999425,Pre,-2.60328057755269,2.55398986351059,0,0
175,mdcr,IP,vol_per_bene_mean,sens,all_cohorts,-3,-2.01070300884394,1.8472281767594,-5.63127023529238,1.60986421760449,Pre,-2.60328057755269,2.55398986351059,0,0
175,mdcr,IP,vol_per_bene_mean,sens,all_cohorts,-2,-0.264111005920925,1.13655231061319,-2.49175353472278,1.96353152288093,Pre,-2.60328057755269,2.55398986351059,0,0
175,mdcr,IP,vol_per_bene_mean,sens,all_cohorts,-1,-2.20238253346032,1.41057908295304,-4.96711753604829,0.562352469127642,Pre,-2.60328057755269,2.55398986351059,0,0
175,mdcr,IP,vol_per_bene_mean,sens,all_cohorts,0,0.0584609099032009,1.19606044837758,-2.28581756891686,2.40273938872326,Post,-2.60328057755269,2.55398986351059,0,0
175,mdcr,IP,vol_per_bene_mean,sens,all_cohorts,1,-0.757982171181281,2.32582645694451,-5.31660202679252,3.80063768442996,Post,-2.60328057755269,2.55398986351059,0,0
175,mdcr,IP,vol_per_bene_mean,sens,all_cohorts,2,-1.12238393949328,2.93192550725682,-6.86895793371664,4.62419005473009,Post,-2.60328057755269,2.55398986351059,0,0
175,mdcr,IP,vol_per_bene_mean,sens,all_cohorts,3,-4.34088696043824,3.04876986433197,-10.3164758945289,1.63470197365242,Post,-2.60328057755269,2.55398986351059,0,0
175,mdcr,IP,vol_per_bene_mean,sens,all_cohorts,4,-8.26248432401346,5.02863142933471,-18.1186019255095,1.59363327748258,Post,-2.60328057755269,2.55398986351059,0,0
176,mdcr,IP,vol_per_bene_mean,sens,c2014,-3,-1.37898635976506,1.67066732182414,-4.65349431054038,1.89552159101026,Pre,-3.88157330744595,2.85769015434996,0,0.23394
176,mdcr,IP,vol_per_bene_mean,sens,c2014,-2,-2.06768135877218,1.45984304258436,-4.92897372223753,0.793611004693168,Pre,-3.88157330744595,2.85769015434996,0,0.23394
176,mdcr,IP,vol_per_bene_mean,sens,c2014,-1,-2.82586686212195,2.00798843488232,-6.7615241944913,1.10979047024741,Pre,-3.88157330744595,2.85769015434996,0,0.23394
176,mdcr,IP,vol_per_bene_mean,sens,c2014,0,-1.92886804733695,1.30302250491758,-4.4827921569754,0.62505606230151,Post,-3.88157330744595,2.85769015434996,0,0.23394
176,mdcr,IP,vol_per_bene_mean,sens,c2014,1,-3.15393805108134,3.07860949897433,-9.18801266907104,2.88013656690835,Post,-3.88157330744595,2.85769015434996,0,0.23394
176,mdcr,IP,vol_per_bene_mean,sens,c2014,2,-2.24875854440252,3.18518941858186,-8.49172980482297,3.99421271601792,Post,-3.88157330744595,2.85769015434996,0,0.23394
176,mdcr,IP,vol_per_bene_mean,sens,c2014,3,-3.81381757039549,2.98289094582522,-9.66028382421291,2.03264868342193,Post,-3.88157330744595,2.85769015434996,0,0.23394
176,mdcr,IP,vol_per_bene_mean,sens,c2014,4,-8.26248432401346,5.04863097375182,-18.157801032567,1.63283238454011,Post,-3.88157330744595,2.85769015434996,0,0.23394
177,mdcr,IP,vol_per_capita_mean,main,all_cohorts,-6,1.57250429682697,0.870628626651909,-0.133927811410768,3.27893640506472,Pre,0.716561858329971,1.73775120604305,0,0
177,mdcr,IP,vol_per_capita_mean,main,all_cohorts,-5,-1.45165065039593,2.17287102666492,-5.71047786265918,2.80717656186732,Pre,0.716561858329971,1.73775120604305,0,0
177,mdcr,IP,vol_per_capita_mean,main,all_cohorts,-4,-0.244292584450086,1.80686313352071,-3.78574432615069,3.29715915725051,Pre,0.716561858329971,1.73775120604305,0,0
177,mdcr,IP,vol_per_capita_mean,main,all_cohorts,-3,-0.438158353564679,1.61959622976432,-3.61256696390275,2.73625025677339,Pre,0.716561858329971,1.73775120604305,0,0
177,mdcr,IP,vol_per_capita_mean,main,all_cohorts,-2,0.613239884448685,1.39878680085679,-2.12838224523062,3.35486201412799,Pre,0.716561858329971,1.73775120604305,0,0
177,mdcr,IP,vol_per_capita_mean,main,all_cohorts,-1,0.727081936213869,0.922178068844827,-1.08038707872199,2.53455095114973,Pre,0.716561858329971,1.73775120604305,0,0
177,mdcr,IP,vol_per_capita_mean,main,all_cohorts,0,1.30614913858395,0.973665987722699,-0.602236197352541,3.21453447452044,Post,0.716561858329971,1.73775120604305,0,0
177,mdcr,IP,vol_per_capita_mean,main,all_cohorts,1,0.871751521231717,1.47452089494724,-2.01830943286487,3.76181247532831,Post,0.716561858329971,1.73775120604305,0,0
177,mdcr,IP,vol_per_capita_mean,main,all_cohorts,2,1.03412719897986,1.81806252370045,-2.52927534747302,4.59752974543275,Post,0.716561858329971,1.73775120604305,0,0
177,mdcr,IP,vol_per_capita_mean,main,all_cohorts,3,0.0391798969121855,2.51223243211206,-4.88479567002746,4.96315546385183,Post,0.716561858329971,1.73775120604305,0,0
177,mdcr,IP,vol_per_capita_mean,main,all_cohorts,4,0.1281341454727,3.5947056304323,-6.91748889017461,7.17375718112001,Post,0.716561858329971,1.73775120604305,0,0
178,mdcr,IP,vol_per_capita_mean,main,c2014,-3,-0.108173003216169,2.85932319251482,-5.71244646054522,5.49610045411288,Pre,0.488307025990508,1.89393401552087,0,0.18818
178,mdcr,IP,vol_per_capita_mean,main,c2014,-2,-2.25699137432392,1.3594330825439,-4.92148021610996,0.407497467462115,Pre,0.488307025990508,1.89393401552087,0,0.18818
178,mdcr,IP,vol_per_capita_mean,main,c2014,-1,0.911579340608129,1.12632363161775,-1.29601497736266,3.11917365857892,Pre,0.488307025990508,1.89393401552087,0,0.18818
178,mdcr,IP,vol_per_capita_mean,main,c2014,0,-0.192617864210118,1.22435650516394,-2.59235661433145,2.20712088591121,Post,0.488307025990508,1.89393401552087,0,0.18818
178,mdcr,IP,vol_per_capita_mean,main,c2014,1,0.375615259250709,1.72980881521939,-3.0148100185793,3.76604053708072,Post,0.488307025990508,1.89393401552087,0,0.18818
178,mdcr,IP,vol_per_capita_mean,main,c2014,2,1.35895314951006,1.7362980044664,-2.04419093924408,4.76209723826421,Post,0.488307025990508,1.89393401552087,0,0.18818
178,mdcr,IP,vol_per_capita_mean,main,c2014,3,0.771450439929186,2.63891666216601,-4.4008262179162,5.94372709777457,Post,0.488307025990508,1.89393401552087,0,0.18818
178,mdcr,IP,vol_per_capita_mean,main,c2014,4,0.1281341454727,3.49326447815759,-6.71866423171618,6.97493252266158,Post,0.488307025990508,1.89393401552087,0,0.18818
179,mdcr,IP,vol_per_capita_mean,sens,all_cohorts,-6,-0.0285233572903034,0.654940897656254,-1.31220751669656,1.25516080211596,Pre,-2.94949040150024,2.0478820065743,0,0
179,mdcr,IP,vol_per_capita_mean,sens,all_cohorts,-5,-0.527196212403936,1.70891214200012,-3.87666401072417,2.8222715859163,Pre,-2.94949040150024,2.0478820065743,0,0
179,mdcr,IP,vol_per_capita_mean,sens,all_cohorts,-4,0.231506852963449,1.92647059470144,-3.54437551265137,4.00738921857827,Pre,-2.94949040150024,2.0478820065743,0,0
179,mdcr,IP,vol_per_capita_mean,sens,all_cohorts,-3,-1.82427353833706,1.33354085923802,-4.43801362244359,0.789466545769465,Pre,-2.94949040150024,2.0478820065743,0,0
179,mdcr,IP,vol_per_capita_mean,sens,all_cohorts,-2,-0.00502888192991011,0.742576048961591,-1.46047793789463,1.45042017403481,Pre,-2.94949040150024,2.0478820065743,0,0
179,mdcr,IP,vol_per_capita_mean,sens,all_cohorts,-1,-1.7957182347743,0.811320830231868,-3.38590706202876,-0.205529407519837,Pre,-2.94949040150024,2.0478820065743,0,0
179,mdcr,IP,vol_per_capita_mean,sens,all_cohorts,0,0.0439790402463372,0.776415461553948,-1.4777952643994,1.56575334489207,Post,-2.94949040150024,2.0478820065743,0,0
179,mdcr,IP,vol_per_capita_mean,sens,all_cohorts,1,-1.40544851023646,1.6814906096503,-4.70117010515105,1.89027308467812,Post,-2.94949040150024,2.0478820065743,0,0
179,mdcr,IP,vol_per_capita_mean,sens,all_cohorts,2,-2.26116671778782,2.29869909768408,-6.76661694924862,2.24428351367298,Post,-2.94949040150024,2.0478820065743,0,0
179,mdcr,IP,vol_per_capita_mean,sens,all_cohorts,3,-4.64703644099983,2.8378448100216,-10.2092122686422,0.915139386642505,Post,-2.94949040150024,2.0478820065743,0,0
179,mdcr,IP,vol_per_capita_mean,sens,all_cohorts,4,-7.70977471131735,4.09235312961872,-15.73078684537,0.311237422735336,Post,-2.94949040150024,2.0478820065743,0,0
180,mdcr,IP,vol_per_capita_mean,sens,c2014,-3,-1.8488201296464,1.40696310043582,-4.6064678065006,0.908827547207804,Pre,-3.66357160427636,2.12868535659405,0,0.34149
180,mdcr,IP,vol_per_capita_mean,sens,c2014,-2,-0.703123372799639,0.871969471508988,-2.41218353695725,1.00593679135798,Pre,-3.66357160427636,2.12868535659405,0,0.34149
180,mdcr,IP,vol_per_capita_mean,sens,c2014,-1,-1.86490823868304,1.2522116213118,-4.31924301645416,0.589426539088078,Pre,-3.66357160427636,2.12868535659405,0,0.34149
180,mdcr,IP,vol_per_capita_mean,sens,c2014,0,-1.2794984071528,1.02414860433932,-3.28682967165786,0.727832857352262,Post,-3.66357160427636,2.12868535659405,0,0.34149
180,mdcr,IP,vol_per_capita_mean,sens,c2014,1,-2.96771366381843,2.08925797416955,-7.06265929319074,1.12723196555388,Post,-3.66357160427636,2.12868535659405,0,0.34149
180,mdcr,IP,vol_per_capita_mean,sens,c2014,2,-2.48005617604077,2.47026265982765,-7.32177098930296,2.36165863722143,Post,-3.66357160427636,2.12868535659405,0,0.34149
180,mdcr,IP,vol_per_capita_mean,sens,c2014,3,-3.88081506305247,2.75901575719198,-9.28848594714874,1.5268558210438,Post,-3.66357160427636,2.12868535659405,0,0.34149
180,mdcr,IP,vol_per_capita_mean,sens,c2014,4,-7.70977471131735,4.14284691936702,-15.8297546732767,0.410205250642014,Post,-3.66357160427636,2.12868535659405,0,0.34149
181,mdcr,NF,spend_per_bene_mean,main,all_cohorts,-6,11.1614314031908,7.55791047695082,-3.6520731316328,25.9749359380144,Pre,26.7340411173631,41.430250728774,0,0
181,mdcr,NF,spend_per_bene_mean,main,all_cohorts,-5,-34.7420403212927,30.0436182192993,-93.6275320311194,24.143451388534,Pre,26.7340411173631,41.430250728774,0,0
181,mdcr,NF,spend_per_bene_mean,main,all_cohorts,-4,25.2341174827548,20.6210329024076,-15.183107005964,65.6513419714736,Pre,26.7340411173631,41.430250728774,0,0
181,mdcr,NF,spend_per_bene_mean,main,all_cohorts,-3,-14.3030932848434,10.9606157026484,-35.7859000620343,7.17971349234752,Pre,26.7340411173631,41.430250728774,0,0
181,mdcr,NF,spend_per_bene_mean,main,all_cohorts,-2,33.3563649088079,15.1487198075023,3.66487408610346,63.0478557315124,Pre,26.7340411173631,41.430250728774,0,0
181,mdcr,NF,spend_per_bene_mean,main,all_cohorts,-1,12.4719193044942,8.83170207447181,-4.83821676147056,29.7820553704589,Pre,26.7340411173631,41.430250728774,0,0
181,mdcr,NF,spend_per_bene_mean,main,all_cohorts,0,2.55995772364315,15.9320897352855,-28.6669381575164,33.7868536048027,Post,26.7340411173631,41.430250728774,0,0
181,mdcr,NF,spend_per_bene_mean,main,all_cohorts,1,4.82778224850335,45.18023087011,-83.7254702569122,93.3810347539189,Post,26.7340411173631,41.430250728774,0,0
181,mdcr,NF,spend_per_bene_mean,main,all_cohorts,2,32.6306258502815,50.9205427008568,-67.1736378433977,132.434889543961,Post,26.7340411173631,41.430250728774,0,0
181,mdcr,NF,spend_per_bene_mean,main,all_cohorts,3,47.4468722385908,60.0994928128313,-70.3481336745585,165.24187815174,Post,26.7340411173631,41.430250728774,0,0
181,mdcr,NF,spend_per_bene_mean,main,all_cohorts,4,55.2067432888711,70.3421561762535,-82.6638828165857,193.077369394328,Post,26.7340411173631,41.430250728774,0,0
182,mdcr,NF,spend_per_bene_mean,main,c2014,-3,6.91343679837894,8.13935198796521,-9.03969309803288,22.8665666947908,Pre,40.0284488175665,51.5982605448157,0,0.10097
182,mdcr,NF,spend_per_bene_mean,main,c2014,-2,19.4045770723584,12.4543939467942,-5.00603506335824,43.8151892080751,Pre,40.0284488175665,51.5982605448157,0,0.10097
182,mdcr,NF,spend_per_bene_mean,main,c2014,-1,-10.8240884247286,10.5465901720163,-31.4954051618806,9.84722831242342,Pre,40.0284488175665,51.5982605448157,0,0.10097
182,mdcr,NF,spend_per_bene_mean,main,c2014,0,19.3139088726058,17.8767416218831,-15.7245047062851,54.3523224514966,Post,40.0284488175665,51.5982605448157,0,0.10097
182,mdcr,NF,spend_per_bene_mean,main,c2014,1,25.8959131013049,40.668244266688,-53.8138456614035,105.605671864013,Post,40.0284488175665,51.5982605448157,0,0.10097
182,mdcr,NF,spend_per_bene_mean,main,c2014,2,40.5404418375519,56.7942119054138,-70.7762134970592,151.857097172163,Post,40.0284488175665,51.5982605448157,0,0.10097
182,mdcr,NF,spend_per_bene_mean,main,c2014,3,59.1852369874988,65.8900245243618,-69.9592110802503,188.329685055248,Post,40.0284488175665,51.5982605448157,0,0.10097
182,mdcr,NF,spend_per_bene_mean,main,c2014,4,55.2067432888711,73.1101819546283,-88.0892133422004,198.502699919943,Post,40.0284488175665,51.5982605448157,0,0.10097
183,mdcr,NF,spend_per_bene_mean,sens,all_cohorts,-6,24.299901614318,6.74204777242685,11.0854879803614,37.5143152482746,Pre,-36.4317952770714,32.4137606156624,0,0
183,mdcr,NF,spend_per_bene_mean,sens,all_cohorts,-5,-40.6740797450355,29.7258742230609,-98.9367932222349,17.588633732164,Pre,-36.4317952770714,32.4137606156624,0,0
183,mdcr,NF,spend_per_bene_mean,sens,all_cohorts,-4,27.1829589298536,21.2025434393424,-14.3740262112575,68.7399440709646,Pre,-36.4317952770714,32.4137606156624,0,0
183,mdcr,NF,spend_per_bene_mean,sens,all_cohorts,-3,4.12894577463304,7.67727294495438,-10.9185091974775,19.1764007467436,Pre,-36.4317952770714,32.4137606156624,0,0
183,mdcr,NF,spend_per_bene_mean,sens,all_cohorts,-2,2.43346144373677,12.1008079637347,-21.2841221651831,26.1510450526567,Pre,-36.4317952770714,32.4137606156624,0,0
183,mdcr,NF,spend_per_bene_mean,sens,all_cohorts,-1,6.09835517825642,7.89126120908423,-9.36851679154866,21.5652271480615,Pre,-36.4317952770714,32.4137606156624,0,0
183,mdcr,NF,spend_per_bene_mean,sens,all_cohorts,0,-10.0256303235958,8.77229431666224,-27.2193271842538,7.16806653706221,Post,-36.4317952770714,32.4137606156624,0,0
183,mdcr,NF,spend_per_bene_mean,sens,all_cohorts,1,-29.2652594230384,24.9908802216046,-78.2473846573833,19.7168658113066,Post,-36.4317952770714,32.4137606156624,0,0
183,mdcr,NF,spend_per_bene_mean,sens,all_cohorts,2,-38.2112798950887,37.1146517505999,-110.955997326264,34.533437536087,Post,-36.4317952770714,32.4137606156624,0,0
183,mdcr,NF,spend_per_bene_mean,sens,all_cohorts,3,-53.6545248268144,46.5680410375421,-144.927885260397,37.618835606768,Post,-36.4317952770714,32.4137606156624,0,0
183,mdcr,NF,spend_per_bene_mean,sens,all_cohorts,4,-57.9088342886288,51.4781582683908,-158.806024494675,42.9883559174171,Post,-36.4317952770714,32.4137606156624,0,0
184,mdcr,NF,spend_per_bene_mean,sens,c2014,-3,15.0145141520484,6.92024358826844,1.45083671904225,28.5781915850545,Pre,-38.9307046031049,35.1671572182235,0,0.14624
184,mdcr,NF,spend_per_bene_mean,sens,c2014,-2,-16.2846011644029,14.9568322653471,-45.5999924044833,13.0307900756774,Pre,-38.9307046031049,35.1671572182235,0,0.14624
184,mdcr,NF,spend_per_bene_mean,sens,c2014,-1,-2.297288391157,9.76239692468743,-21.4315863635444,16.8370095812304,Pre,-38.9307046031049,35.1671572182235,0,0.14624
184,mdcr,NF,spend_per_bene_mean,sens,c2014,0,-11.7544308050763,14.9054180972205,-40.9690502756284,17.4601886654759,Post,-38.9307046031049,35.1671572182235,0,0.14624
184,mdcr,NF,spend_per_bene_mean,sens,c2014,1,-30.8488751766336,30.5058300479397,-90.6403020705953,28.9425517173282,Post,-38.9307046031049,35.1671572182235,0,0.14624
184,mdcr,NF,spend_per_bene_mean,sens,c2014,2,-43.3291896243476,44.6843320794183,-130.910480500007,44.2521012513122,Post,-38.9307046031049,35.1671572182235,0,0.14624
184,mdcr,NF,spend_per_bene_mean,sens,c2014,3,-50.8121931208381,49.2552749445604,-147.352532012177,45.7281457705004,Post,-38.9307046031049,35.1671572182235,0,0.14624
184,mdcr,NF,spend_per_bene_mean,sens,c2014,4,-57.9088342886288,51.8238373134633,-159.483555423017,43.6658868457594,Post,-38.9307046031049,35.1671572182235,0,0.14624
185,mdcr,NF,spend_per_capita_mean,main,all_cohorts,-6,18.0880248697285,5.83609531874109,6.64927804499599,29.526771694461,Pre,13.9475739998801,36.0797371973853,0,0
185,mdcr,NF,spend_per_capita_mean,main,all_cohorts,-5,-30.4706061561842,19.8512382367154,-69.3790331001463,8.43782078777796,Pre,13.9475739998801,36.0797371973853,0,0
185,mdcr,NF,spend_per_capita_mean,main,all_cohorts,-4,19.7240450971456,16.5431336834102,-12.7004969223384,52.1485871166297,Pre,13.9475739998801,36.0797371973853,0,0
185,mdcr,NF,spend_per_capita_mean,main,all_cohorts,-3,-13.5126733666091,8.60257114839426,-30.3737128174618,3.34836608424367,Pre,13.9475739998801,36.0797371973853,0,0
185,mdcr,NF,spend_per_capita_mean,main,all_cohorts,-2,29.6195901089279,13.5881422849814,2.98683123036441,56.2523489874914,Pre,13.9475739998801,36.0797371973853,0,0
185,mdcr,NF,spend_per_capita_mean,main,all_cohorts,-1,9.60573859116504,7.4951053651357,-5.08466792450092,24.296145106831,Pre,13.9475739998801,36.0797371973853,0,0
185,mdcr,NF,spend_per_capita_mean,main,all_cohorts,0,1.1753101474004,12.5814958900305,-23.4844217970594,25.8350420918602,Post,13.9475739998801,36.0797371973853,0,0
185,mdcr,NF,spend_per_capita_mean,main,all_cohorts,1,-4.4212373707262,35.4208407881481,-73.8460853154965,65.0036105740441,Post,13.9475739998801,36.0797371973853,0,0
185,mdcr,NF,spend_per_capita_mean,main,all_cohorts,2,14.0264338591881,41.2629143685936,-66.8488783032554,94.9017460216315,Post,13.9475739998801,36.0797371973853,0,0
185,mdcr,NF,spend_per_capita_mean,main,all_cohorts,3,31.5517667737018,54.6383530157748,-75.5394051372168,138.64293868462,Post,13.9475739998801,36.0797371973853,0,0
185,mdcr,NF,spend_per_capita_mean,main,all_cohorts,4,33.9936681532076,61.6898133875957,-86.9183660864799,154.905702392895,Post,13.9475739998801,36.0797371973853,0,0
186,mdcr,NF,spend_per_capita_mean,main,c2014,-3,5.403687248332,7.39594204508402,-9.09235916003269,19.8997336566967,Pre,24.8827086246258,43.6662210505655,0,0.25443
186,mdcr,NF,spend_per_capita_mean,main,c2014,-2,14.627802639349,9.88247248605162,-4.74184343331219,33.9974487120102,Pre,24.8827086246258,43.6662210505655,0,0.25443
186,mdcr,NF,spend_per_capita_mean,main,c2014,-1,-4.4883877824721,9.49970513121318,-23.1078098396499,14.1310342747057,Pre,24.8827086246258,43.6662210505655,0,0.25443
186,mdcr,NF,spend_per_capita_mean,main,c2014,0,15.1353367481862,14.4426686504025,-13.1722938066027,43.442967302975,Post,24.8827086246258,43.6662210505655,0,0.25443
186,mdcr,NF,spend_per_capita_mean,main,c2014,1,13.4675330773302,34.9315735174626,-54.9983510168964,81.9334171715569,Post,24.8827086246258,43.6662210505655,0,0.25443
186,mdcr,NF,spend_per_capita_mean,main,c2014,2,19.855629301347,50.3362726430818,-78.8034650790933,118.514723681787,Post,24.8827086246258,43.6662210505655,0,0.25443
186,mdcr,NF,spend_per_capita_mean,main,c2014,3,41.9613758430579,55.134405812214,-66.1020595488816,150.024811234997,Post,24.8827086246258,43.6662210505655,0,0.25443
186,mdcr,NF,spend_per_capita_mean,main,c2014,4,33.9936681532076,56.1395413495939,-76.0398328919964,144.027169198412,Post,24.8827086246258,43.6662210505655,0,0.25443
187,mdcr,NF,spend_per_capita_mean,sens,all_cohorts,-6,24.4152475508779,5.40507926797293,13.821292185651,35.0092029161048,Pre,-34.8540850726462,26.0388143166356,0,0
187,mdcr,NF,spend_per_capita_mean,sens,all_cohorts,-5,-33.7375412595017,22.1628797175735,-77.1767855059458,9.70170298694231,Pre,-34.8540850726462,26.0388143166356,0,0
187,mdcr,NF,spend_per_capita_mean,sens,all_cohorts,-4,21.7313042345631,15.9417373049908,-9.51450088321888,52.9771093523451,Pre,-34.8540850726462,26.0388143166356,0,0
187,mdcr,NF,spend_per_capita_mean,sens,all_cohorts,-3,1.06362578110617,6.02724347647006,-10.7497714327751,12.8770229949875,Pre,-34.8540850726462,26.0388143166356,0,0
187,mdcr,NF,spend_per_capita_mean,sens,all_cohorts,-2,5.41747222553213,11.3603745689206,-16.8488619295522,27.6838063806165,Pre,-34.8540850726462,26.0388143166356,0,0
187,mdcr,NF,spend_per_capita_mean,sens,all_cohorts,-1,3.29526708731659,5.25643528474378,-7.00734607078122,13.5978802454144,Pre,-34.8540850726462,26.0388143166356,0,0
187,mdcr,NF,spend_per_capita_mean,sens,all_cohorts,0,-10.0096148504114,7.37028275433916,-24.4553690489161,4.4361393480934,Post,-34.8540850726462,26.0388143166356,0,0
187,mdcr,NF,spend_per_capita_mean,sens,all_cohorts,1,-28.6499795289909,19.6202263105401,-67.1056230976495,9.80566403966756,Post,-34.8540850726462,26.0388143166356,0,0
187,mdcr,NF,spend_per_capita_mean,sens,all_cohorts,2,-38.0953049927665,32.1608296216978,-101.130531051294,24.9399210657613,Post,-34.8540850726462,26.0388143166356,0,0
187,mdcr,NF,spend_per_capita_mean,sens,all_cohorts,3,-49.9344139561093,41.0041085438518,-130.302466702059,30.4336387898402,Post,-34.8540850726462,26.0388143166356,0,0
187,mdcr,NF,spend_per_capita_mean,sens,all_cohorts,4,-53.6871810025573,46.8347212500192,-145.483234652595,38.1088726474804,Post,-34.8540850726462,26.0388143166356,0,0
188,mdcr,NF,spend_per_capita_mean,sens,c2014,-3,8.91221828317543,5.58681409804094,-2.03793734898482,19.8623739153357,Pre,-35.9805991400688,32.993215577433,0,0.35304
188,mdcr,NF,spend_per_capita_mean,sens,c2014,-2,-10.816465480637,12.111460806214,-34.5549286608164,12.9219976995425,Pre,-35.9805991400688,32.993215577433,0,0.35304
188,mdcr,NF,spend_per_capita_mean,sens,c2014,-1,-1.6753502750774,7.041486619636,-15.476664049564,12.1259634994092,Pre,-35.9805991400688,32.993215577433,0,0.35304
188,mdcr,NF,spend_per_capita_mean,sens,c2014,0,-10.5859879000157,12.9869997470305,-36.0405074041953,14.868531604164,Post,-35.9805991400688,32.993215577433,0,0.35304
188,mdcr,NF,spend_per_capita_mean,sens,c2014,1,-28.1960132642464,24.4169000342834,-76.0531373314418,19.661110802949,Post,-35.9805991400688,32.993215577433,0,0.35304
188,mdcr,NF,spend_per_capita_mean,sens,c2014,2,-41.0665300441308,36.6179885876971,-112.837787676017,30.7047275877555,Post,-35.9805991400688,32.993215577433,0,0.35304
188,mdcr,NF,spend_per_capita_mean,sens,c2014,3,-46.3672834893938,40.4849640635119,-125.717813053877,32.9832460750895,Post,-35.9805991400688,32.993215577433,0,0.35304
188,mdcr,NF,spend_per_capita_mean,sens,c2014,4,-53.6871810025573,50.2708867371842,-152.218119007438,44.8437570023237,Post,-35.9805991400688,32.993215577433,0,0.35304
189,mdcr,NF,spend_per_vol_mean,main,all_cohorts,-6,125.340090941984,35.0813706218801,56.5806045230986,194.099577360869,Pre,192.884274178781,77.5407123638661,0,0
189,mdcr,NF,spend_per_vol_mean,main,all_cohorts,-5,162.912597659559,69.8703837815938,25.9666454476348,299.858549871482,Pre,192.884274178781,77.5407123638661,0,0
189,mdcr,NF,spend_per_vol_mean,main,all_cohorts,-4,23.2336394776648,64.3344736987158,-102.861928971818,149.329207927148,Pre,192.884274178781,77.5407123638661,0,0
189,mdcr,NF,spend_per_vol_mean,main,all_cohorts,-3,88.9007941818157,53.4501227099064,-15.8614463296009,193.663034693232,Pre,192.884274178781,77.5407123638661,0,0
189,mdcr,NF,spend_per_vol_mean,main,all_cohorts,-2,93.3640494587853,57.7564902726795,-19.8386714756665,206.566770393237,Pre,192.884274178781,77.5407123638661,0,0
189,mdcr,NF,spend_per_vol_mean,main,all_cohorts,-1,109.06839737853,57.0906431583419,-2.82926321182021,220.96605796888,Pre,192.884274178781,77.5407123638661,0,0
189,mdcr,NF,spend_per_vol_mean,main,all_cohorts,0,124.528948194364,70.4159964642227,-13.4864048755122,262.544301264241,Post,192.884274178781,77.5407123638661,0,0
189,mdcr,NF,spend_per_vol_mean,main,all_cohorts,1,118.257034292198,88.3012711827131,-54.8134572259196,291.327525810316,Post,192.884274178781,77.5407123638661,0,0
189,mdcr,NF,spend_per_vol_mean,main,all_cohorts,2,149.38138136402,75.1609050470601,2.06600747178175,296.696755256257,Post,192.884274178781,77.5407123638661,0,0
189,mdcr,NF,spend_per_vol_mean,main,all_cohorts,3,221.025412097032,76.1831391450141,71.7064593728043,370.34436482126,Post,192.884274178781,77.5407123638661,0,0
189,mdcr,NF,spend_per_vol_mean,main,all_cohorts,4,398.327471115525,121.198078788008,160.779236691028,635.875705540021,Post,192.884274178781,77.5407123638661,0,0
190,mdcr,NF,spend_per_vol_mean,main,c2014,-3,107.121721218609,65.7304261052355,-21.709913947653,235.95335638487,Pre,248.969653874667,93.2193633029472,0,0.26268
190,mdcr,NF,spend_per_vol_mean,main,c2014,-2,113.308569073467,68.9616486332763,-21.8562622477545,248.473400394689,Pre,248.969653874667,93.2193633029472,0,0.26268
190,mdcr,NF,spend_per_vol_mean,main,c2014,-1,141.047917532174,89.0695868749717,-33.5284727427705,315.624307807119,Pre,248.969653874667,93.2193633029472,0,0.26268
190,mdcr,NF,spend_per_vol_mean,main,c2014,0,194.589719602478,100.059672079833,-1.52723767399579,390.706676878951,Post,248.969653874667,93.2193633029472,0,0.26268
190,mdcr,NF,spend_per_vol_mean,main,c2014,1,193.990685711959,96.255225388117,5.33044395124941,382.650927472668,Post,248.969653874667,93.2193633029472,0,0.26268
190,mdcr,NF,spend_per_vol_mean,main,c2014,2,193.71118088232,99.3044586284235,-0.925558029389606,388.347919794031,Post,248.969653874667,93.2193633029472,0,0.26268
190,mdcr,NF,spend_per_vol_mean,main,c2014,3,264.229212061054,94.2333646780213,79.531817292132,448.926606829976,Post,248.969653874667,93.2193633029472,0,0.26268
190,mdcr,NF,spend_per_vol_mean,main,c2014,4,398.327471115525,113.970229256081,174.945821773606,621.709120457443,Post,248.969653874667,93.2193633029472,0,0.26268
191,mdcr,NF,spend_per_vol_mean,sens,all_cohorts,-6,103.451726552953,26.6419677562165,51.2334697507686,155.669983355137,Pre,-48.8890801724723,71.0267329232056,0,0
191,mdcr,NF,spend_per_vol_mean,sens,all_cohorts,-5,145.443573796911,67.0640698453587,13.997996900008,276.889150693814,Pre,-48.8890801724723,71.0267329232056,0,0
191,mdcr,NF,spend_per_vol_mean,sens,all_cohorts,-4,13.974152275906,63.3163370228857,-110.12586828895,138.074172840762,Pre,-48.8890801724723,71.0267329232056,0,0
191,mdcr,NF,spend_per_vol_mean,sens,all_cohorts,-3,29.5862031420134,25.482232929262,-20.3589733993402,79.531379683367,Pre,-48.8890801724723,71.0267329232056,0,0
191,mdcr,NF,spend_per_vol_mean,sens,all_cohorts,-2,37.7194323100611,29.7183086557044,-20.5284526551196,95.9673172752417,Pre,-48.8890801724723,71.0267329232056,0,0
191,mdcr,NF,spend_per_vol_mean,sens,all_cohorts,-1,4.70657891633004,25.4407335213794,-45.1572587855735,54.5704166182336,Pre,-48.8890801724723,71.0267329232056,0,0
191,mdcr,NF,spend_per_vol_mean,sens,all_cohorts,0,10.679721806411,26.7589602416234,-41.7678402671709,63.1272838799929,Post,-48.8890801724723,71.0267329232056,0,0
191,mdcr,NF,spend_per_vol_mean,sens,all_cohorts,1,-23.3966360086315,44.3048915911564,-110.234223527298,63.4409515100351,Post,-48.8890801724723,71.0267329232056,0,0
191,mdcr,NF,spend_per_vol_mean,sens,all_cohorts,2,-22.4883356274321,54.4552509200959,-129.22062743082,84.2439561759558,Post,-48.8890801724723,71.0267329232056,0,0
191,mdcr,NF,spend_per_vol_mean,sens,all_cohorts,3,-108.293550676154,100.355485987298,-304.990303211258,88.4032018589491,Post,-48.8890801724723,71.0267329232056,0,0
191,mdcr,NF,spend_per_vol_mean,sens,all_cohorts,4,-123.971391506885,156.895865045999,-431.487286997042,183.544503983272,Post,-48.8890801724723,71.0267329232056,0,0
192,mdcr,NF,spend_per_vol_mean,sens,c2014,-3,41.9243890055163,40.2661188829994,-36.9972040051626,120.845982016195,Pre,-43.1720299680305,90.1997450214046,0,0.08301
192,mdcr,NF,spend_per_vol_mean,sens,c2014,-2,63.3516111902875,40.6362720606931,-16.2954820486709,142.998704429246,Pre,-43.1720299680305,90.1997450214046,0,0.08301
192,mdcr,NF,spend_per_vol_mean,sens,c2014,-1,5.09598119819865,54.8854684041915,-102.479536874017,112.671499270414,Pre,-43.1720299680305,90.1997450214046,0,0.08301
192,mdcr,NF,spend_per_vol_mean,sens,c2014,0,0.924613033255063,56.4698865582081,-109.756364620833,111.605590687343,Post,-43.1720299680305,90.1997450214046,0,0.08301
192,mdcr,NF,spend_per_vol_mean,sens,c2014,1,-4.54317567930292,53.5737968381907,-109.547817482157,100.461466123551,Post,-43.1720299680305,90.1997450214046,0,0.08301
192,mdcr,NF,spend_per_vol_mean,sens,c2014,2,-5.33824480078717,56.6104033184091,-116.294635304869,105.618145703295,Post,-43.1720299680305,90.1997450214046,0,0.08301
192,mdcr,NF,spend_per_vol_mean,sens,c2014,3,-82.9319508864325,109.003750783791,-296.579302422662,130.715400649798,Post,-43.1720299680305,90.1997450214046,0,0.08301
192,mdcr,NF,spend_per_vol_mean,sens,c2014,4,-123.971391506885,167.434341929964,-452.142701689614,204.199918675844,Post,-43.1720299680305,90.1997450214046,0,0.08301
193,mdcr,NF,vol_per_bene_mean,main,all_cohorts,-6,0.0236474045266193,0.901630400142541,-1.74354817975276,1.790842988806,Pre,1.94998342790937,3.73800473736283,0,0
193,mdcr,NF,vol_per_bene_mean,main,all_cohorts,-5,-4.53102883484455,3.19942235837347,-10.8018966572565,1.73983898756745,Pre,1.94998342790937,3.73800473736283,0,0
193,mdcr,NF,vol_per_bene_mean,main,all_cohorts,-4,2.49917540721192,2.1335214907747,-1.6825267147065,6.68087752913033,Pre,1.94998342790937,3.73800473736283,0,0
193,mdcr,NF,vol_per_bene_mean,main,all_cohorts,-3,-2.40413199569183,1.20024933011688,-4.75662068272091,-0.0516433086627508,Pre,1.94998342790937,3.73800473736283,0,0
193,mdcr,NF,vol_per_bene_mean,main,all_cohorts,-2,2.79165620548406,1.41757017506677,0.0132186623531969,5.57009374861493,Pre,1.94998342790937,3.73800473736283,0,0
193,mdcr,NF,vol_per_bene_mean,main,all_cohorts,-1,0.411577395421297,0.992922571710668,-1.53455084513161,2.35770563597421,Pre,1.94998342790937,3.73800473736283,0,0
193,mdcr,NF,vol_per_bene_mean,main,all_cohorts,0,-0.591109934263376,1.42395229550204,-3.38205643344737,2.19983656492062,Post,1.94998342790937,3.73800473736283,0,0
193,mdcr,NF,vol_per_bene_mean,main,all_cohorts,1,-0.0696491148056573,3.73185155098668,-7.38407815473954,7.24477992512823,Post,1.94998342790937,3.73800473736283,0,0
193,mdcr,NF,vol_per_bene_mean,main,all_cohorts,2,2.93809507844174,4.06482793401997,-5.02896767223741,10.9051578291209,Post,1.94998342790937,3.73800473736283,0,0
193,mdcr,NF,vol_per_bene_mean,main,all_cohorts,3,4.15513049458484,5.61394221689739,-6.84819625053405,15.1584572397037,Post,1.94998342790937,3.73800473736283,0,0
193,mdcr,NF,vol_per_bene_mean,main,all_cohorts,4,4.09268942482906,6.03590837716128,-7.73769099440706,15.9230698440652,Post,1.94998342790937,3.73800473736283,0,0
194,mdcr,NF,vol_per_bene_mean,main,c2014,-3,-0.545201261311443,0.850480771829217,-2.21214357409671,1.12174105147382,Pre,2.99466113215727,4.28456319515129,0,0.04747
194,mdcr,NF,vol_per_bene_mean,main,c2014,-2,1.22064818149275,1.03881788906411,-0.815434881072901,3.2567312440584,Pre,2.99466113215727,4.28456319515129,0,0.04747
194,mdcr,NF,vol_per_bene_mean,main,c2014,-1,-2.25834801300249,1.07277053366541,-4.3609782589867,-0.155717767018285,Pre,2.99466113215727,4.28456319515129,0,0.04747
194,mdcr,NF,vol_per_bene_mean,main,c2014,0,0.647908430208638,1.27210470051345,-1.84541678279772,3.141233643215,Post,2.99466113215727,4.28456319515129,0,0.04747
194,mdcr,NF,vol_per_bene_mean,main,c2014,1,1.64965123351651,3.2845406338977,-4.78804840892298,8.08735087595601,Post,2.99466113215727,4.28456319515129,0,0.04747
194,mdcr,NF,vol_per_bene_mean,main,c2014,2,3.48922136841339,4.76127064184292,-5.84286908959872,12.8213118264255,Post,2.99466113215727,4.28456319515129,0,0.04747
194,mdcr,NF,vol_per_bene_mean,main,c2014,3,5.09383520381874,5.73857956913618,-6.15378075168818,16.3414511593257,Post,2.99466113215727,4.28456319515129,0,0.04747
194,mdcr,NF,vol_per_bene_mean,main,c2014,4,4.09268942482906,6.21637692386228,-8.09140934594101,16.2767881955991,Post,2.99466113215727,4.28456319515129,0,0.04747
195,mdcr,NF,vol_per_bene_mean,sens,all_cohorts,-6,1.38012951448874,0.736252758156542,-0.062925891498079,2.82318492047557,Pre,-2.94304263515419,2.67514307435589,0,0
195,mdcr,NF,vol_per_bene_mean,sens,all_cohorts,-5,-4.88324592169588,2.96352880693826,-10.6917623832949,0.925270539903098,Pre,-2.94304263515419,2.67514307435589,0,0
195,mdcr,NF,vol_per_bene_mean,sens,all_cohorts,-4,2.76712965655462,1.90619919800876,-0.969020771542549,6.50328008465179,Pre,-2.94304263515419,2.67514307435589,0,0
195,mdcr,NF,vol_per_bene_mean,sens,all_cohorts,-3,-0.0919175014937505,0.761076331996797,-1.58362711220747,1.39979210921997,Pre,-2.94304263515419,2.67514307435589,0,0
195,mdcr,NF,vol_per_bene_mean,sens,all_cohorts,-2,0.0933501453685488,1.17443273701531,-2.20853801918145,2.39523830991855,Pre,-2.94304263515419,2.67514307435589,0,0
195,mdcr,NF,vol_per_bene_mean,sens,all_cohorts,-1,0.467394534770936,0.706862708330193,-0.918056373556243,1.85284544309812,Pre,-2.94304263515419,2.67514307435589,0,0
195,mdcr,NF,vol_per_bene_mean,sens,all_cohorts,0,-1.10597383563327,0.831905353074476,-2.73650832765925,0.524560656392698,Post,-2.94304263515419,2.67514307435589,0,0
195,mdcr,NF,vol_per_bene_mean,sens,all_cohorts,1,-2.71822583916494,2.06589406722036,-6.76737821091685,1.33092653258696,Post,-2.94304263515419,2.67514307435589,0,0
195,mdcr,NF,vol_per_bene_mean,sens,all_cohorts,2,-3.27376403106513,3.51324042060441,-10.1597152554498,3.61218719331953,Post,-2.94304263515419,2.67514307435589,0,0
195,mdcr,NF,vol_per_bene_mean,sens,all_cohorts,3,-3.9856267568707,3.76252778180547,-11.3601812092094,3.38892769546802,Post,-2.94304263515419,2.67514307435589,0,0
195,mdcr,NF,vol_per_bene_mean,sens,all_cohorts,4,-4.00446745015514,4.28209230232329,-12.3973683627088,4.3884334623985,Post,-2.94304263515419,2.67514307435589,0,0
196,mdcr,NF,vol_per_bene_mean,sens,c2014,-3,0.777851258691884,0.715999056583491,-0.625506892211759,2.18120940959553,Pre,-3.14592515847483,3.04640847585817,0,0.36191
196,mdcr,NF,vol_per_bene_mean,sens,c2014,-2,-1.78443172631535,1.40392818645314,-4.5361309717635,0.967267519132802,Pre,-3.14592515847483,3.04640847585817,0,0.36191
196,mdcr,NF,vol_per_bene_mean,sens,c2014,-1,-0.424051554665576,1.11164237034965,-2.60287060055089,1.75476749121974,Pre,-3.14592515847483,3.04640847585817,0,0.36191
196,mdcr,NF,vol_per_bene_mean,sens,c2014,0,-1.1851002642253,1.10607964838896,-3.35301637506767,0.982815846617063,Post,-3.14592515847483,3.04640847585817,0,0.36191
196,mdcr,NF,vol_per_bene_mean,sens,c2014,1,-2.88729294690543,2.56608977947832,-7.91682891468293,2.14224302087207,Post,-3.14592515847483,3.04640847585817,0,0.36191
196,mdcr,NF,vol_per_bene_mean,sens,c2014,2,-3.86058239086257,4.18553819917616,-12.0642372612478,4.3430724795227,Post,-3.14592515847483,3.04640847585817,0,0.36191
196,mdcr,NF,vol_per_bene_mean,sens,c2014,3,-3.79218274022572,3.95894193002804,-11.5517089230807,3.96734344262923,Post,-3.14592515847483,3.04640847585817,0,0.36191
196,mdcr,NF,vol_per_bene_mean,sens,c2014,4,-4.00446745015514,4.0487375341762,-11.9399930171405,3.9310581168302,Post,-3.14592515847483,3.04640847585817,0,0.36191
197,mdcr,NF,vol_per_capita_mean,main,all_cohorts,-6,0.762752394627791,0.680135009126614,-0.570312223260373,2.09581701251595,Pre,0.82436172755875,3.12035896431897,0,0
197,mdcr,NF,vol_per_capita_mean,main,all_cohorts,-5,-3.94420597656974,2.2545065466629,-8.36303880802903,0.474626854889551,Pre,0.82436172755875,3.12035896431897,0,0
197,mdcr,NF,vol_per_capita_mean,main,all_cohorts,-4,1.96094230761702,1.58349555162914,-1.14270897357609,5.06459358881014,Pre,0.82436172755875,3.12035896431897,0,0
197,mdcr,NF,vol_per_capita_mean,main,all_cohorts,-3,-2.12888323405855,1.01628268771085,-4.12079730197181,-0.136969166145281,Pre,0.82436172755875,3.12035896431897,0,0
197,mdcr,NF,vol_per_capita_mean,main,all_cohorts,-2,2.46163108772194,1.29367381325275,-0.0739695862534466,4.99723176169733,Pre,0.82436172755875,3.12035896431897,0,0
197,mdcr,NF,vol_per_capita_mean,main,all_cohorts,-1,0.313734699453687,0.667717102979352,-0.994990822385842,1.62246022129322,Pre,0.82436172755875,3.12035896431897,0,0
197,mdcr,NF,vol_per_capita_mean,main,all_cohorts,0,-0.564835171391632,1.09329098848276,-2.70768550881784,1.57801516603457,Post,0.82436172755875,3.12035896431897,0,0
197,mdcr,NF,vol_per_capita_mean,main,all_cohorts,1,-0.855801689135533,3.08161274564344,-6.89576267059668,5.18415929232562,Post,0.82436172755875,3.12035896431897,0,0
197,mdcr,NF,vol_per_capita_mean,main,all_cohorts,2,1.22131379957471,3.54466177133978,-5.72622327225127,8.16885087140068,Post,0.82436172755875,3.12035896431897,0,0
197,mdcr,NF,vol_per_capita_mean,main,all_cohorts,3,2.66724225104277,4.22396199167577,-5.61172325264174,10.9462077547273,Post,0.82436172755875,3.12035896431897,0,0
197,mdcr,NF,vol_per_capita_mean,main,all_cohorts,4,2.19689617598203,5.62023087377065,-8.81875633660845,13.2125486885725,Post,0.82436172755875,3.12035896431897,0,0
198,mdcr,NF,vol_per_capita_mean,main,c2014,-3,-0.443033485533917,0.769630766855179,-1.95150978857007,1.06544281750223,Pre,1.66488629945122,3.42169952270294,0,0.17427
198,mdcr,NF,vol_per_capita_mean,main,c2014,-2,0.816480899421062,0.85527017018121,-0.859848634134109,2.49281043297623,Pre,1.66488629945122,3.42169952270294,0,0.17427
198,mdcr,NF,vol_per_capita_mean,main,c2014,-1,-1.39010322115717,0.873565599747025,-3.10229179666134,0.322085354347001,Pre,1.66488629945122,3.42169952270294,0,0.17427
198,mdcr,NF,vol_per_capita_mean,main,c2014,0,0.464169068937813,1.03754147457908,-1.56941222123718,2.49775035911281,Post,1.66488629945122,3.42169952270294,0,0.17427
198,mdcr,NF,vol_per_capita_mean,main,c2014,1,0.580255091831456,2.63888783579536,-4.59196506632746,5.75247524999037,Post,1.66488629945122,3.42169952270294,0,0.17427
198,mdcr,NF,vol_per_capita_mean,main,c2014,2,1.58293994703743,4.19510605422701,-6.63946791924751,9.80534781332237,Post,1.66488629945122,3.42169952270294,0,0.17427
198,mdcr,NF,vol_per_capita_mean,main,c2014,3,3.50017121346735,4.99438748684164,-6.28882826074226,13.289170687677,Post,1.66488629945122,3.42169952270294,0,0.17427
198,mdcr,NF,vol_per_capita_mean,main,c2014,4,2.19689617598203,5.24498535423072,-8.08327511831018,12.4770674702742,Post,1.66488629945122,3.42169952270294,0,0.17427
199,mdcr,NF,vol_per_capita_mean,sens,all_cohorts,-6,1.55380353729767,0.635682029291758,0.307866759885823,2.79974031470952,Pre,-2.83540219424054,2.25439901855267,0,0
199,mdcr,NF,vol_per_capita_mean,sens,all_cohorts,-5,-4.08189553803513,2.33936245922662,-8.6670459581193,0.503254882049047,Pre,-2.83540219424054,2.25439901855267,0,0
199,mdcr,NF,vol_per_capita_mean,sens,all_cohorts,-4,2.1966415619641,1.59669734893108,-0.932885241940817,5.32616836586902,Pre,-2.83540219424054,2.25439901855267,0,0
199,mdcr,NF,vol_per_capita_mean,sens,all_cohorts,-3,-0.286834654726653,0.591903640159278,-1.44696578943884,0.873296479985531,Pre,-2.83540219424054,2.25439901855267,0,0
199,mdcr,NF,vol_per_capita_mean,sens,all_cohorts,-2,0.390973917936108,1.08442360666127,-1.73449635111998,2.5164441869922,Pre,-2.83540219424054,2.25439901855267,0,0
199,mdcr,NF,vol_per_capita_mean,sens,all_cohorts,-1,0.24346864014306,0.507598578700559,-0.751424574110035,1.23836185439615,Pre,-2.83540219424054,2.25439901855267,0,0
199,mdcr,NF,vol_per_capita_mean,sens,all_cohorts,0,-1.05953687559098,0.638164447057087,-2.31033919182287,0.191265440640912,Post,-2.83540219424054,2.25439901855267,0,0
199,mdcr,NF,vol_per_capita_mean,sens,all_cohorts,1,-2.64967461245461,1.65901478712854,-5.90134359522655,0.60199437031733,Post,-2.83540219424054,2.25439901855267,0,0
199,mdcr,NF,vol_per_capita_mean,sens,all_cohorts,2,-3.2550729787793,3.02315980420276,-9.18046619501671,2.67032023745811,Post,-2.83540219424054,2.25439901855267,0,0
199,mdcr,NF,vol_per_capita_mean,sens,all_cohorts,3,-3.75707773211945,3.3945933955077,-10.4104807873145,2.89632532307564,Post,-2.83540219424054,2.25439901855267,0,0
199,mdcr,NF,vol_per_capita_mean,sens,all_cohorts,4,-3.79357273154554,3.76339858049503,-11.1698339493158,3.58268848622473,Post,-2.83540219424054,2.25439901855267,0,0
200,mdcr,NF,vol_per_capita_mean,sens,c2014,-3,0.32072149057985,0.5364287530594,-0.730678865416575,1.37212184657627,Pre,-2.9121750076958,2.80944613323499,0,0.61976
200,mdcr,NF,vol_per_capita_mean,sens,c2014,-2,-1.23584324684449,1.18542775966776,-3.5592816557933,1.08759516210431,Pre,-2.9121750076958,2.80944613323499,0,0.61976
200,mdcr,NF,vol_per_capita_mean,sens,c2014,-1,-0.31272882442304,0.826553504214177,-1.93277369268283,1.30731604383675,Pre,-2.9121750076958,2.80944613323499,0,0.61976
200,mdcr,NF,vol_per_capita_mean,sens,c2014,0,-1.03875469118786,1.04506479520078,-3.08708168978139,1.00957230740566,Post,-2.9121750076958,2.80944613323499,0,0.61976
200,mdcr,NF,vol_per_capita_mean,sens,c2014,1,-2.63173858147656,2.07543671356204,-6.69959454005816,1.43611737710503,Post,-2.9121750076958,2.80944613323499,0,0.61976
200,mdcr,NF,vol_per_capita_mean,sens,c2014,2,-3.62512167433208,3.48104972851508,-10.4479791422216,3.19773579355748,Post,-2.9121750076958,2.80944613323499,0,0.61976
200,mdcr,NF,vol_per_capita_mean,sens,c2014,3,-3.47168735993694,3.75508300894734,-10.8316500574737,3.88827533759984,Post,-2.9121750076958,2.80944613323499,0,0.61976
200,mdcr,NF,vol_per_capita_mean,sens,c2014,4,-3.79357273154554,3.72160923903208,-11.0879268400484,3.50078137695734,Post,-2.9121750076958,2.80944613323499,0,0.61976
201,mdcr,RX,spend_per_bene_mean,main,all_cohorts,-6,-24.7153410156421,13.6455168193304,-51.4605539815296,2.02987195024537,Pre,42.6838476458528,24.3756324617583,0,0
201,mdcr,RX,spend_per_bene_mean,main,all_cohorts,-5,-51.828841636616,35.8700151278909,-122.134071287282,18.4763880140502,Pre,42.6838476458528,24.3756324617583,0,0
201,mdcr,RX,spend_per_bene_mean,main,all_cohorts,-4,-13.6281186011727,21.1278929484713,-55.0387887801764,27.7825515778309,Pre,42.6838476458528,24.3756324617583,0,0
201,mdcr,RX,spend_per_bene_mean,main,all_cohorts,-3,-36.4125958560251,24.1561226326458,-83.7585962160109,10.9334045039607,Pre,42.6838476458528,24.3756324617583,0,0
201,mdcr,RX,spend_per_bene_mean,main,all_cohorts,-2,35.1955379722322,36.3156610733067,-35.9831577314489,106.374233675913,Pre,42.6838476458528,24.3756324617583,0,0
201,mdcr,RX,spend_per_bene_mean,main,all_cohorts,-1,73.6565728282896,42.3189474138249,-9.28856410280727,156.601709759387,Pre,42.6838476458528,24.3756324617583,0,0
201,mdcr,RX,spend_per_bene_mean,main,all_cohorts,0,33.367252454134,19.3568585296712,-4.57219026402163,71.3066951722896,Post,42.6838476458528,24.3756324617583,0,0
201,mdcr,RX,spend_per_bene_mean,main,all_cohorts,1,49.3711079478056,30.5580851506982,-10.5227389475628,109.264954843174,Post,42.6838476458528,24.3756324617583,0,0
201,mdcr,RX,spend_per_bene_mean,main,all_cohorts,2,45.1938355184172,35.4610412597267,-24.3098053506472,114.697476387482,Post,42.6838476458528,24.3756324617583,0,0
201,mdcr,RX,spend_per_bene_mean,main,all_cohorts,3,44.1280944221182,29.9998078022299,-14.6715288702524,102.927717714489,Post,42.6838476458528,24.3756324617583,0,0
201,mdcr,RX,spend_per_bene_mean,main,all_cohorts,4,41.3194549533563,32.1858870883081,-21.7648837397275,104.40379364644,Post,42.6838476458528,24.3756324617583,0,0
202,mdcr,RX,spend_per_bene_mean,main,c2014,-3,-57.244212304633,16.2877681448635,-89.1682378685655,-25.3201867407006,Pre,59.6320233478979,26.002927056913,0,0.00825
202,mdcr,RX,spend_per_bene_mean,main,c2014,-2,1.59496858118568,29.6004121207356,-56.4218391754561,59.6117763378275,Pre,59.6320233478979,26.002927056913,0,0.00825
202,mdcr,RX,spend_per_bene_mean,main,c2014,-1,40.6636982002836,37.576179638858,-32.9856138918782,114.313010292445,Pre,59.6320233478979,26.002927056913,0,0.00825
202,mdcr,RX,spend_per_bene_mean,main,c2014,0,50.410496728599,20.672151252383,9.89308027392824,90.9279131832696,Post,59.6320233478979,26.002927056913,0,0.00825
202,mdcr,RX,spend_per_bene_mean,main,c2014,1,76.4926362438771,34.2809765615728,9.30192218319441,143.68335030456,Post,59.6320233478979,26.002927056913,0,0.00825
202,mdcr,RX,spend_per_bene_mean,main,c2014,2,77.5836326100384,35.5836399810709,7.83969824713944,147.327566972937,Post,59.6320233478979,26.002927056913,0,0.00825
202,mdcr,RX,spend_per_bene_mean,main,c2014,3,52.3538962036187,36.069846190675,-18.3430023301042,123.050794737342,Post,59.6320233478979,26.002927056913,0,0.00825
202,mdcr,RX,spend_per_bene_mean,main,c2014,4,41.3194549533563,31.3395294495843,-20.106022767829,102.744932674542,Post,59.6320233478979,26.002927056913,0,0.00825
203,mdcr,RX,spend_per_bene_mean,sens,all_cohorts,-6,-32.8168194417954,7.06402044540298,-46.6622995147852,-18.9713393688056,Pre,50.6859303589744,26.2280501223337,0,0
203,mdcr,RX,spend_per_bene_mean,sens,all_cohorts,-5,-54.0793698560835,35.3583211587553,-123.381679327244,15.2229396150768,Pre,50.6859303589744,26.2280501223337,0,0
203,mdcr,RX,spend_per_bene_mean,sens,all_cohorts,-4,-14.0583657089362,24.7971066099817,-62.6606946645003,34.5439632466278,Pre,50.6859303589744,26.2280501223337,0,0
203,mdcr,RX,spend_per_bene_mean,sens,all_cohorts,-3,-27.168617912413,18.1397101749131,-62.7224498552427,8.38521403041658,Pre,50.6859303589744,26.2280501223337,0,0
203,mdcr,RX,spend_per_bene_mean,sens,all_cohorts,-2,18.5654031709287,16.6758478760319,-14.1192586660938,51.2500650079513,Pre,50.6859303589744,26.2280501223337,0,0
203,mdcr,RX,spend_per_bene_mean,sens,all_cohorts,-1,14.4261900863564,21.6305969369484,-27.9697799100625,56.8221600827754,Pre,50.6859303589744,26.2280501223337,0,0
203,mdcr,RX,spend_per_bene_mean,sens,all_cohorts,0,19.6133188649469,16.7592380008578,-13.2347876167345,52.4614253466282,Post,50.6859303589744,26.2280501223337,0,0
203,mdcr,RX,spend_per_bene_mean,sens,all_cohorts,1,52.5599478743248,27.4535966209884,-1.2491015028124,106.368997251462,Post,50.6859303589744,26.2280501223337,0,0
203,mdcr,RX,spend_per_bene_mean,sens,all_cohorts,2,55.1491904178627,33.4294758791739,-10.3725823053182,120.670963141044,Post,50.6859303589744,26.2280501223337,0,0
203,mdcr,RX,spend_per_bene_mean,sens,all_cohorts,3,66.9154798914119,31.80677768164,4.57419563539757,129.256764147426,Post,50.6859303589744,26.2280501223337,0,0
203,mdcr,RX,spend_per_bene_mean,sens,all_cohorts,4,64.3485927023291,37.2521263963479,-8.66557503451267,137.362760439171,Post,50.6859303589744,26.2280501223337,0,0
204,mdcr,RX,spend_per_bene_mean,sens,c2014,-3,-45.204509873353,15.4796575569318,-75.5446386849394,-14.8643810617666,Pre,64.5083724853266,27.4973479376227,0,0.0033
204,mdcr,RX,spend_per_bene_mean,sens,c2014,-2,14.0770871721417,20.9661332931477,-27.0165340824277,55.1707084267112,Pre,64.5083724853266,27.4973479376227,0,0.0033
204,mdcr,RX,spend_per_bene_mean,sens,c2014,-1,-10.0388331011437,27.9905363775499,-64.9002844011415,44.8226181988541,Pre,64.5083724853266,27.4973479376227,0,0.0033
204,mdcr,RX,spend_per_bene_mean,sens,c2014,0,25.8945334061856,17.3444648238635,-8.10061764858687,59.889684460958,Post,64.5083724853266,27.4973479376227,0,0.0033
204,mdcr,RX,spend_per_bene_mean,sens,c2014,1,76.4533531605951,33.174490173439,11.4313524206546,141.475353900536,Post,64.5083724853266,27.4973479376227,0,0.0033
204,mdcr,RX,spend_per_bene_mean,sens,c2014,2,83.227273820647,33.7887594712801,17.001305256938,149.453242384356,Post,64.5083724853266,27.4973479376227,0,0.0033
204,mdcr,RX,spend_per_bene_mean,sens,c2014,3,72.6181093368764,34.5886761415117,4.82430409951348,140.411914574239,Post,64.5083724853266,27.4973479376227,0,0.0033
204,mdcr,RX,spend_per_bene_mean,sens,c2014,4,64.3485927023291,38.1988981643715,-10.521247699839,139.218433104497,Post,64.5083724853266,27.4973479376227,0,0.0033
205,mdcr,RX,spend_per_capita_mean,main,all_cohorts,-6,-49.71690815181,8.32772701086783,-66.0392530931109,-33.394563210509,Pre,-1.83560156643928,22.869269760362,0,0
205,mdcr,RX,spend_per_capita_mean,main,all_cohorts,-5,8.74117299442802,24.9589472900592,-40.1783636940881,57.6607096829441,Pre,-1.83560156643928,22.869269760362,0,0
205,mdcr,RX,spend_per_capita_mean,main,all_cohorts,-4,-10.8328457135319,16.4683882697404,-43.110886722223,21.4451952951592,Pre,-1.83560156643928,22.869269760362,0,0
205,mdcr,RX,spend_per_capita_mean,main,all_cohorts,-3,-10.0382286087564,13.6089021583033,-36.7116768390309,16.6352196215181,Pre,-1.83560156643928,22.869269760362,0,0
205,mdcr,RX,spend_per_capita_mean,main,all_cohorts,-2,-13.6315026040844,9.88423147365279,-33.0045962924438,5.74159108427511,Pre,-1.83560156643928,22.869269760362,0,0
205,mdcr,RX,spend_per_capita_mean,main,all_cohorts,-1,-14.0407638356346,20.1181821828585,-53.4724009140373,25.390873242768,Pre,-1.83560156643928,22.869269760362,0,0
205,mdcr,RX,spend_per_capita_mean,main,all_cohorts,0,6.62561298666593,13.5340273105097,-19.901080541933,33.1523065152649,Post,-1.83560156643928,22.869269760362,0,0
205,mdcr,RX,spend_per_capita_mean,main,all_cohorts,1,8.26461274590734,33.3490428790161,-57.0995112969642,73.6287367887789,Post,-1.83560156643928,22.869269760362,0,0
205,mdcr,RX,spend_per_capita_mean,main,all_cohorts,2,1.72203525307983,27.1717116223688,-51.534519526763,54.9785900329227,Post,-1.83560156643928,22.869269760362,0,0
205,mdcr,RX,spend_per_capita_mean,main,all_cohorts,3,-8.01464555592358,27.7211747032707,-62.3481479743341,46.318856862487,Post,-1.83560156643928,22.869269760362,0,0
205,mdcr,RX,spend_per_capita_mean,main,all_cohorts,4,-23.0851709021989,33.2568963439543,-88.2686877363493,42.0983459319515,Post,-1.83560156643928,22.869269760362,0,0
206,mdcr,RX,spend_per_capita_mean,main,c2014,-3,-38.997579494414,14.6366349033439,-67.685383904968,-10.3097750838599,Pre,-6.71956852872541,27.0505410214924,0,0.00748
206,mdcr,RX,spend_per_capita_mean,main,c2014,-2,-3.27267626438965,14.1635922101239,-31.0333169962325,24.4879644674532,Pre,-6.71956852872541,27.0505410214924,0,0.00748
206,mdcr,RX,spend_per_capita_mean,main,c2014,-1,31.4875091222033,25.2215403894686,-17.9467100411552,80.9217282855617,Pre,-6.71956852872541,27.0505410214924,0,0.00748
206,mdcr,RX,spend_per_capita_mean,main,c2014,0,3.69232481394872,18.5047272120088,-32.5769405215885,39.9615901494859,Post,-6.71956852872541,27.0505410214924,0,0.00748
206,mdcr,RX,spend_per_capita_mean,main,c2014,1,-0.516691589321908,34.1729908008904,-67.495753559067,66.4623703804232,Post,-6.71956852872541,27.0505410214924,0,0.00748
206,mdcr,RX,spend_per_capita_mean,main,c2014,2,-3.17861067612188,31.7697795217684,-65.447378538788,59.0901571865443,Post,-6.71956852872541,27.0505410214924,0,0.00748
206,mdcr,RX,spend_per_capita_mean,main,c2014,3,-10.5096942899331,30.050116439932,-69.4079225121997,48.3885339323336,Post,-6.71956852872541,27.0505410214924,0,0.00748
206,mdcr,RX,spend_per_capita_mean,main,c2014,4,-23.0851709021989,33.2637591003397,-88.2821387388648,42.111796934467,Post,-6.71956852872541,27.0505410214924,0,0.00748
207,mdcr,RX,spend_per_capita_mean,sens,all_cohorts,-6,-41.5419926186536,5.24296463789189,-51.8182033089217,-31.2657819283855,Pre,34.7773142162226,16.6687308479747,0,0
207,mdcr,RX,spend_per_capita_mean,sens,all_cohorts,-5,4.28522175485857,26.2476297528224,-47.1601325606733,55.7305760703904,Pre,34.7773142162226,16.6687308479747,0,0
207,mdcr,RX,spend_per_capita_mean,sens,all_cohorts,-4,-18.7534730738425,14.6228421221511,-47.4142436332586,9.90729748557369,Pre,34.7773142162226,16.6687308479747,0,0
207,mdcr,RX,spend_per_capita_mean,sens,all_cohorts,-3,-3.72457219512268,7.79941079763751,-19.0114173584922,11.5622729682468,Pre,34.7773142162226,16.6687308479747,0,0
207,mdcr,RX,spend_per_capita_mean,sens,all_cohorts,-2,9.79208822139766,7.35514472417314,-4.62399543798169,24.208171880777,Pre,34.7773142162226,16.6687308479747,0,0
207,mdcr,RX,spend_per_capita_mean,sens,all_cohorts,-1,-1.84441606399817,10.0220013727141,-21.4875387545178,17.7987066265214,Pre,34.7773142162226,16.6687308479747,0,0
207,mdcr,RX,spend_per_capita_mean,sens,all_cohorts,0,13.1070620589447,10.7625579737505,-7.98755156960633,34.2016756874958,Post,34.7773142162226,16.6687308479747,0,0
207,mdcr,RX,spend_per_capita_mean,sens,all_cohorts,1,44.3062627870874,16.7872188617911,11.4033138179768,77.209211756198,Post,34.7773142162226,16.6687308479747,0,0
207,mdcr,RX,spend_per_capita_mean,sens,all_cohorts,2,43.235497271149,17.6956044615502,8.55211252651056,77.9188820157875,Post,34.7773142162226,16.6687308479747,0,0
207,mdcr,RX,spend_per_capita_mean,sens,all_cohorts,3,37.1622376120041,24.7241040099816,-11.2970062475598,85.621481471568,Post,34.7773142162226,16.6687308479747,0,0
207,mdcr,RX,spend_per_capita_mean,sens,all_cohorts,4,37.1589216154469,27.1177852667906,-15.9919375074626,90.3097807383565,Post,34.7773142162226,16.6687308479747,0,0
208,mdcr,RX,spend_per_capita_mean,sens,c2014,-3,-19.2658274009688,11.0037368623067,-40.8331516510899,2.30149684915236,Pre,36.5187008381805,20.013388483314,0,0.04318
208,mdcr,RX,spend_per_capita_mean,sens,c2014,-2,10.9210913840819,10.16084550623,-8.99416580812881,30.8363485762927,Pre,36.5187008381805,20.013388483314,0,0.04318
208,mdcr,RX,spend_per_capita_mean,sens,c2014,-1,13.3810129036171,13.5418655443928,-13.1610435633927,39.9230693706269,Pre,36.5187008381805,20.013388483314,0,0.04318
208,mdcr,RX,spend_per_capita_mean,sens,c2014,0,15.2614111761544,8.78959493758432,-1.96619490151092,32.4890172538196,Post,36.5187008381805,20.013388483314,0,0.04318
208,mdcr,RX,spend_per_capita_mean,sens,c2014,1,40.6288472750157,18.4156907296782,4.53409344484631,76.723601105185,Post,36.5187008381805,20.013388483314,0,0.04318
208,mdcr,RX,spend_per_capita_mean,sens,c2014,2,48.011351465602,20.9263611763349,6.99568355998554,89.0270193712185,Post,36.5187008381805,20.013388483314,0,0.04318
208,mdcr,RX,spend_per_capita_mean,sens,c2014,3,41.5329726586837,27.2129841680973,-11.8044763107869,94.8704216281543,Post,36.5187008381805,20.013388483314,0,0.04318
208,mdcr,RX,spend_per_capita_mean,sens,c2014,4,37.1589216154469,27.1544626168654,-16.0638251136093,90.3816683445032,Post,36.5187008381805,20.013388483314,0,0.04318
209,mdcr,RX,spend_per_vol_mean,main,all_cohorts,-6,-1.17197464982382,0.207885120568616,-1.57942948613831,-0.764519813509334,Pre,0.0399120559871234,0.449210172647994,0,0
209,mdcr,RX,spend_per_vol_mean,main,all_cohorts,-5,-0.4332855582781,0.500757591868093,-1.41477043833956,0.548199321783362,Pre,0.0399120559871234,0.449210172647994,0,0
209,mdcr,RX,spend_per_vol_mean,main,all_cohorts,-4,-0.404998739027691,0.272517373874637,-0.939132791821979,0.129135313766597,Pre,0.0399120559871234,0.449210172647994,0,0
209,mdcr,RX,spend_per_vol_mean,main,all_cohorts,-3,0.376341385820338,0.241002261557267,-0.0960230468319052,0.848705818472581,Pre,0.0399120559871234,0.449210172647994,0,0
209,mdcr,RX,spend_per_vol_mean,main,all_cohorts,-2,-0.0392934133659491,0.151431561492352,-0.336099273890959,0.25751244715906,Pre,0.0399120559871234,0.449210172647994,0,0
209,mdcr,RX,spend_per_vol_mean,main,all_cohorts,-1,0.324872166147529,0.336145725790468,-0.333973456401788,0.983717788696846,Pre,0.0399120559871234,0.449210172647994,0,0
209,mdcr,RX,spend_per_vol_mean,main,all_cohorts,0,0.303228816301236,0.289380816924679,-0.263957584871134,0.870415217473606,Post,0.0399120559871234,0.449210172647994,0,0
209,mdcr,RX,spend_per_vol_mean,main,all_cohorts,1,0.710527911163301,0.431245678621824,-0.134713618935475,1.55576944126208,Post,0.0399120559871234,0.449210172647994,0,0
209,mdcr,RX,spend_per_vol_mean,main,all_cohorts,2,0.418074210596026,0.423088539652771,-0.411179327123404,1.24732774831546,Post,0.0399120559871234,0.449210172647994,0,0
209,mdcr,RX,spend_per_vol_mean,main,all_cohorts,3,-0.620674611867169,0.729575617972643,-2.05064282309355,0.80929359935921,Post,0.0399120559871234,0.449210172647994,0,0
209,mdcr,RX,spend_per_vol_mean,main,all_cohorts,4,-0.88458569555868,1.26419323124888,-3.36240442880649,1.59323303768913,Post,0.0399120559871234,0.449210172647994,0,0
210,mdcr,RX,spend_per_vol_mean,main,c2014,-3,0.133837875360338,0.291286477845781,-0.437083621217392,0.704759371938068,Pre,0.235115807348208,0.553236390292169,0,0.49657
210,mdcr,RX,spend_per_vol_mean,main,c2014,-2,-0.129159517059051,0.266439217512441,-0.651380383383434,0.393061349265333,Pre,0.235115807348208,0.553236390292169,0,0.49657
210,mdcr,RX,spend_per_vol_mean,main,c2014,-1,0.117931710858493,0.29029278140502,-0.451042140695348,0.686905562412333,Pre,0.235115807348208,0.553236390292169,0,0.49657
210,mdcr,RX,spend_per_vol_mean,main,c2014,0,0.654916871150441,0.31249242756759,0.0424317131179641,1.26740202918292,Post,0.235115807348208,0.553236390292169,0,0.49657
210,mdcr,RX,spend_per_vol_mean,main,c2014,1,1.12683451444847,0.402450327749759,0.338031872058943,1.915637156838,Post,0.235115807348208,0.553236390292169,0,0.49657
210,mdcr,RX,spend_per_vol_mean,main,c2014,2,0.911157757024849,0.375703417533379,0.174779058659426,1.64753645539027,Post,0.235115807348208,0.553236390292169,0,0.49657
210,mdcr,RX,spend_per_vol_mean,main,c2014,3,-0.63274441032404,0.806117115812081,-2.21273395731572,0.947245136667638,Post,0.235115807348208,0.553236390292169,0,0.49657
210,mdcr,RX,spend_per_vol_mean,main,c2014,4,-0.88458569555868,1.19777771370548,-3.23223001442142,1.46305862330406,Post,0.235115807348208,0.553236390292169,0,0.49657
211,mdcr,RX,spend_per_vol_mean,sens,all_cohorts,-6,-0.850454606017354,0.0848293877269658,-1.01672020596221,-0.684189006072501,Pre,0.696387476356325,0.390625261310405,0,0
211,mdcr,RX,spend_per_vol_mean,sens,all_cohorts,-5,-0.515557754232906,0.539535494906805,-1.57304732425024,0.541931815784432,Pre,0.696387476356325,0.390625261310405,0,0
211,mdcr,RX,spend_per_vol_mean,sens,all_cohorts,-4,-0.517252138760182,0.284878775401002,-1.07561453854615,0.041110261025782,Pre,0.696387476356325,0.390625261310405,0,0
211,mdcr,RX,spend_per_vol_mean,sens,all_cohorts,-3,0.279830228026801,0.153670589340619,-0.0213641270808114,0.581024583134414,Pre,0.696387476356325,0.390625261310405,0,0
211,mdcr,RX,spend_per_vol_mean,sens,all_cohorts,-2,0.201229263163917,0.155008601482934,-0.102587595742634,0.505046122070468,Pre,0.696387476356325,0.390625261310405,0,0
211,mdcr,RX,spend_per_vol_mean,sens,all_cohorts,-1,0.236726215335153,0.178310324011242,-0.11276201972688,0.586214450397186,Pre,0.696387476356325,0.390625261310405,0,0
211,mdcr,RX,spend_per_vol_mean,sens,all_cohorts,0,0.346498768986413,0.189278768299837,-0.0244876168812678,0.717485154854093,Post,0.696387476356325,0.390625261310405,0,0
211,mdcr,RX,spend_per_vol_mean,sens,all_cohorts,1,0.590364884069263,0.294964389603823,0.0122346804457703,1.16849508769276,Post,0.696387476356325,0.390625261310405,0,0
211,mdcr,RX,spend_per_vol_mean,sens,all_cohorts,2,0.401268612365547,0.282007932165884,-0.151466934679585,0.954004159410679,Post,0.696387476356325,0.390625261310405,0,0
211,mdcr,RX,spend_per_vol_mean,sens,all_cohorts,3,0.759501829483339,0.55665239322051,-0.33153686122886,1.85054052019554,Post,0.696387476356325,0.390625261310405,0,0
211,mdcr,RX,spend_per_vol_mean,sens,all_cohorts,4,1.57521325576356,1.11636185322074,-0.612855976549091,3.76328248807621,Post,0.696387476356325,0.390625261310405,0,0
212,mdcr,RX,spend_per_vol_mean,sens,c2014,-3,0.145266285711528,0.174290161469547,-0.196342430768784,0.48687500219184,Pre,0.9202554284518,0.424799041137858,0,0.37555
212,mdcr,RX,spend_per_vol_mean,sens,c2014,-2,0.282855354148243,0.228476543673066,-0.164958671450966,0.730669379747452,Pre,0.9202554284518,0.424799041137858,0,0.37555
212,mdcr,RX,spend_per_vol_mean,sens,c2014,-1,0.110459275338551,0.221865322709774,-0.324396757172606,0.545315307849708,Pre,0.9202554284518,0.424799041137858,0,0.37555
212,mdcr,RX,spend_per_vol_mean,sens,c2014,0,0.536224010657941,0.230421170524741,0.0845985164294487,0.987849504886432,Post,0.9202554284518,0.424799041137858,0,0.37555
212,mdcr,RX,spend_per_vol_mean,sens,c2014,1,0.950707909285611,0.282811575368956,0.396397221562457,1.50501859700876,Post,0.9202554284518,0.424799041137858,0,0.37555
212,mdcr,RX,spend_per_vol_mean,sens,c2014,2,0.704291523220902,0.232013132000063,0.249545784500779,1.15903726194103,Post,0.9202554284518,0.424799041137858,0,0.37555
212,mdcr,RX,spend_per_vol_mean,sens,c2014,3,0.834840443330987,0.606706378872597,-0.354304059259304,2.02398494592128,Post,0.9202554284518,0.424799041137858,0,0.37555
212,mdcr,RX,spend_per_vol_mean,sens,c2014,4,1.57521325576356,1.15067860827672,-0.680116816458819,3.83054332798594,Post,0.9202554284518,0.424799041137858,0,0.37555
213,mdcr,RX,vol_per_bene_mean,main,all_cohorts,-6,-127.280062246663,231.559122377173,-581.135942105923,326.575817612597,Pre,611.123605204291,335.069876813959,0,0
213,mdcr,RX,vol_per_bene_mean,main,all_cohorts,-5,-733.745177266611,503.032234179228,-1719.6883562579,252.198001724676,Pre,611.123605204291,335.069876813959,0,0
213,mdcr,RX,vol_per_bene_mean,main,all_cohorts,-4,-161.886114172106,418.650811667639,-982.441705040678,658.669476696466,Pre,611.123605204291,335.069876813959,0,0
213,mdcr,RX,vol_per_bene_mean,main,all_cohorts,-3,-888.873323033742,381.063562050976,-1635.75790465366,-141.988741413829,Pre,611.123605204291,335.069876813959,0,0
213,mdcr,RX,vol_per_bene_mean,main,all_cohorts,-2,710.52557119215,586.798416365951,-439.599324885114,1860.65046726941,Pre,611.123605204291,335.069876813959,0,0
213,mdcr,RX,vol_per_bene_mean,main,all_cohorts,-1,1203.05178358842,648.121359734966,-67.2660814921139,2473.36964866895,Pre,611.123605204291,335.069876813959,0,0
213,mdcr,RX,vol_per_bene_mean,main,all_cohorts,0,315.750854987758,231.133158696008,-137.270136056418,768.771846031934,Post,611.123605204291,335.069876813959,0,0
213,mdcr,RX,vol_per_bene_mean,main,all_cohorts,1,378.56800489646,306.318666730554,-221.816581895425,978.952591688345,Post,611.123605204291,335.069876813959,0,0
213,mdcr,RX,vol_per_bene_mean,main,all_cohorts,2,380.752933298899,453.699156291499,-508.497413032439,1270.00327963024,Post,611.123605204291,335.069876813959,0,0
213,mdcr,RX,vol_per_bene_mean,main,all_cohorts,3,1038.16660507135,538.318591406619,-16.9378340856263,2093.27104422832,Post,611.123605204291,335.069876813959,0,0
213,mdcr,RX,vol_per_bene_mean,main,all_cohorts,4,1094.24336718706,656.975197366559,-193.428019651396,2381.91475402551,Post,611.123605204291,335.069876813959,0,0
214,mdcr,RX,vol_per_bene_mean,main,c2014,-3,-1236.29236718606,299.892557277069,-1824.08177944911,-648.502954923003,Pre,777.207301575897,403.682988852433,0,0.00019
214,mdcr,RX,vol_per_bene_mean,main,c2014,-2,337.613738513034,468.574160019997,-580.791615126161,1256.01909215223,Pre,777.207301575897,403.682988852433,0,0.00019
214,mdcr,RX,vol_per_bene_mean,main,c2014,-1,1041.63367611682,852.176416564116,-628.632100348851,2711.89945258248,Pre,777.207301575897,403.682988852433,0,0.00019
214,mdcr,RX,vol_per_bene_mean,main,c2014,0,462.679938939697,218.194104978982,35.0194931808932,890.340384698501,Post,777.207301575897,403.682988852433,0,0.00019
214,mdcr,RX,vol_per_bene_mean,main,c2014,1,582.880918238643,430.826568876924,-261.539156760128,1427.30099323741,Post,777.207301575897,403.682988852433,0,0.00019
214,mdcr,RX,vol_per_bene_mean,main,c2014,2,610.902207791717,442.07649747022,-255.567727249914,1477.37214283335,Post,777.207301575897,403.682988852433,0,0.00019
214,mdcr,RX,vol_per_bene_mean,main,c2014,3,1135.33007572237,558.442695175103,40.7823931791677,2229.87775826557,Post,777.207301575897,403.682988852433,0,0.00019
214,mdcr,RX,vol_per_bene_mean,main,c2014,4,1094.24336718706,609.714309296114,-100.796679033323,2289.28341340744,Post,777.207301575897,403.682988852433,0,0.00019
215,mdcr,RX,vol_per_bene_mean,sens,all_cohorts,-6,-398.020611067192,107.149928024818,-608.034469995835,-188.00675213855,Pre,637.213269581506,313.361707169549,0,0
215,mdcr,RX,vol_per_bene_mean,sens,all_cohorts,-5,-740.245857401822,445.357563068766,-1613.1466810166,132.65496621296,Pre,637.213269581506,313.361707169549,0,0
215,mdcr,RX,vol_per_bene_mean,sens,all_cohorts,-4,-213.412945944772,431.01943961349,-1058.21104758721,631.385155697669,Pre,637.213269581506,313.361707169549,0,0
215,mdcr,RX,vol_per_bene_mean,sens,all_cohorts,-3,-661.394477576361,310.568608557437,-1270.10895034894,-52.6800048037841,Pre,637.213269581506,313.361707169549,0,0
215,mdcr,RX,vol_per_bene_mean,sens,all_cohorts,-2,433.340351928301,240.108410703969,-37.2721330514787,903.952836908081,Pre,637.213269581506,313.361707169549,0,0
215,mdcr,RX,vol_per_bene_mean,sens,all_cohorts,-1,331.525151580806,325.734199550644,-306.913879538457,969.964182700068,Pre,637.213269581506,313.361707169549,0,0
215,mdcr,RX,vol_per_bene_mean,sens,all_cohorts,0,188.529071444884,199.65358882967,-202.791962661269,579.850105551036,Post,637.213269581506,313.361707169549,0,0
215,mdcr,RX,vol_per_bene_mean,sens,all_cohorts,1,585.295001347918,302.547857559558,-7.69879946881588,1178.28880216465,Post,637.213269581506,313.361707169549,0,0
215,mdcr,RX,vol_per_bene_mean,sens,all_cohorts,2,682.389595287649,461.525894662039,-222.201158249948,1586.98034882524,Post,637.213269581506,313.361707169549,0,0
215,mdcr,RX,vol_per_bene_mean,sens,all_cohorts,3,929.108074346911,437.275508130144,72.0480784118281,1786.16807028199,Post,637.213269581506,313.361707169549,0,0
215,mdcr,RX,vol_per_bene_mean,sens,all_cohorts,4,895.043601322501,517.259922189647,-118.785846169208,1908.87304881421,Post,637.213269581506,313.361707169549,0,0
216,mdcr,RX,vol_per_bene_mean,sens,c2014,-3,-920.437023127519,279.206177761251,-1467.68113153957,-373.192914715467,Pre,794.835638317705,395.924854717668,0,0.00244
216,mdcr,RX,vol_per_bene_mean,sens,c2014,-2,422.323396097659,302.47870689669,-170.534869419854,1015.18166161517,Pre,794.835638317705,395.924854717668,0,0.00244
216,mdcr,RX,vol_per_bene_mean,sens,c2014,-1,81.7140536028285,505.111755549147,-908.3049872735,1071.73309447916,Pre,794.835638317705,395.924854717668,0,0.00244
216,mdcr,RX,vol_per_bene_mean,sens,c2014,0,251.999756813243,180.663943734214,-102.101572905816,606.101086532301,Post,794.835638317705,395.924854717668,0,0.00244
216,mdcr,RX,vol_per_bene_mean,sens,c2014,1,774.066611909854,383.750928537656,21.9147919760475,1526.21843184366,Post,794.835638317705,395.924854717668,0,0.00244
216,mdcr,RX,vol_per_bene_mean,sens,c2014,2,1013.33672658417,434.793390157748,161.141681874982,1865.53177129336,Post,794.835638317705,395.924854717668,0,0.00244
216,mdcr,RX,vol_per_bene_mean,sens,c2014,3,1039.73149495876,475.175552735982,108.387411596232,1971.07557832128,Post,794.835638317705,395.924854717668,0,0.00244
216,mdcr,RX,vol_per_bene_mean,sens,c2014,4,895.043601322501,535.604339849729,-154.740904782969,1944.82810742797,Post,794.835638317705,395.924854717668,0,0.00244
217,mdcr,RX,vol_per_capita_mean,main,all_cohorts,-6,-604.400342919726,112.025335760352,-823.970001010015,-384.830684829436,Pre,-153.621904867777,293.490602973419,0,0
217,mdcr,RX,vol_per_capita_mean,main,all_cohorts,-5,287.6499210316,402.777079630215,-501.793155043621,1077.09299710682,Pre,-153.621904867777,293.490602973419,0,0
217,mdcr,RX,vol_per_capita_mean,main,all_cohorts,-4,-114.968463295505,314.229057514907,-730.857416024722,500.920489433711,Pre,-153.621904867777,293.490602973419,0,0
217,mdcr,RX,vol_per_capita_mean,main,all_cohorts,-3,-287.845917756925,222.538245483163,-724.020878903924,148.329043390074,Pre,-153.621904867777,293.490602973419,0,0
217,mdcr,RX,vol_per_capita_mean,main,all_cohorts,-2,-220.233746836445,186.531420936622,-585.835331872225,145.367838199335,Pre,-153.621904867777,293.490602973419,0,0
217,mdcr,RX,vol_per_capita_mean,main,all_cohorts,-1,-277.725617617267,298.938881685228,-863.645825720314,308.194590485781,Pre,-153.621904867777,293.490602973419,0,0
217,mdcr,RX,vol_per_capita_mean,main,all_cohorts,0,7.46096404135871,197.215442917253,-379.081304076458,394.003232159175,Post,-153.621904867777,293.490602973419,0,0
217,mdcr,RX,vol_per_capita_mean,main,all_cohorts,1,-120.398397462555,390.914657430828,-886.591126026978,645.794331101869,Post,-153.621904867777,293.490602973419,0,0
217,mdcr,RX,vol_per_capita_mean,main,all_cohorts,2,-197.081964253537,362.783479018944,-908.137583130666,513.973654623593,Post,-153.621904867777,293.490602973419,0,0
217,mdcr,RX,vol_per_capita_mean,main,all_cohorts,3,-117.338672926525,386.900720162488,-875.664084445002,640.986738591952,Post,-153.621904867777,293.490602973419,0,0
217,mdcr,RX,vol_per_capita_mean,main,all_cohorts,4,-389.080812686017,508.795911558781,-1386.32079934123,608.159173969193,Post,-153.621904867777,293.490602973419,0,0
218,mdcr,RX,vol_per_capita_mean,main,c2014,-3,-757.385833713187,231.244024524074,-1210.62412178037,-304.147545646002,Pre,-288.494366449227,341.32886491516,0,0.0013
218,mdcr,RX,vol_per_capita_mean,main,c2014,-2,3.94923421175804,229.997500961574,-446.845867672927,454.744336096444,Pre,-288.494366449227,341.32886491516,0,0.0013
218,mdcr,RX,vol_per_capita_mean,main,c2014,-1,512.459805338655,353.233593098659,-179.878037134717,1204.79764781203,Pre,-288.494366449227,341.32886491516,0,0.0013
218,mdcr,RX,vol_per_capita_mean,main,c2014,0,-130.808149131547,273.384857430705,-666.642469695729,405.026171432635,Post,-288.494366449227,341.32886491516,0,0.0013
218,mdcr,RX,vol_per_capita_mean,main,c2014,1,-313.742077995797,435.885640682705,-1168.0779337339,540.593777742305,Post,-288.494366449227,341.32886491516,0,0.0013
218,mdcr,RX,vol_per_capita_mean,main,c2014,2,-440.128655285048,432.543429843093,-1287.91377777751,407.656467207415,Post,-288.494366449227,341.32886491516,0,0.0013
218,mdcr,RX,vol_per_capita_mean,main,c2014,3,-168.712137147725,414.539539127019,-981.209633836682,643.785359541231,Post,-288.494366449227,341.32886491516,0,0.0013
218,mdcr,RX,vol_per_capita_mean,main,c2014,4,-389.080812686017,511.01149876041,-1390.66335025642,612.501724884387,Post,-288.494366449227,341.32886491516,0,0.0013
219,mdcr,RX,vol_per_capita_mean,sens,all_cohorts,-6,-518.318643784956,73.408001051085,-662.198325845083,-374.43896172483,Pre,283.405628521344,232.120061531397,0,0
219,mdcr,RX,vol_per_capita_mean,sens,all_cohorts,-5,241.367356439993,466.557399764255,-673.085147097946,1155.81985997793,Pre,283.405628521344,232.120061531397,0,0
219,mdcr,RX,vol_per_capita_mean,sens,all_cohorts,-4,-230.38403033478,250.025265650939,-720.43355101062,259.66549034106,Pre,283.405628521344,232.120061531397,0,0
219,mdcr,RX,vol_per_capita_mean,sens,all_cohorts,-3,-128.392683909388,134.437597222806,-391.890374466089,135.105006647312,Pre,283.405628521344,232.120061531397,0,0
219,mdcr,RX,vol_per_capita_mean,sens,all_cohorts,-2,164.168547795922,104.747997599806,-41.1375274996975,369.474623091542,Pre,283.405628521344,232.120061531397,0,0
219,mdcr,RX,vol_per_capita_mean,sens,all_cohorts,-1,-88.1780004856665,139.767282237812,-362.121873671777,185.765872700444,Pre,283.405628521344,232.120061531397,0,0
219,mdcr,RX,vol_per_capita_mean,sens,all_cohorts,0,82.025872451496,166.304735871523,-243.931409856688,407.98315475968,Post,283.405628521344,232.120061531397,0,0
219,mdcr,RX,vol_per_capita_mean,sens,all_cohorts,1,456.042403671543,219.615868833864,25.5953007571704,886.489506585916,Post,283.405628521344,232.120061531397,0,0
219,mdcr,RX,vol_per_capita_mean,sens,all_cohorts,2,483.635223046461,254.008638316552,-14.2217080539805,981.492154146902,Post,283.405628521344,232.120061531397,0,0
219,mdcr,RX,vol_per_capita_mean,sens,all_cohorts,3,264.039370964943,336.021157641622,-394.562098012637,922.640839942523,Post,283.405628521344,232.120061531397,0,0
219,mdcr,RX,vol_per_capita_mean,sens,all_cohorts,4,93.6021553505192,426.355914003428,-742.055436096199,929.259746797237,Post,283.405628521344,232.120061531397,0,0
220,mdcr,RX,vol_per_capita_mean,sens,c2014,-3,-370.669452143154,197.366845162788,-757.508468662219,16.1695643759114,Pre,265.440938402942,271.035786147962,0,0.05194
220,mdcr,RX,vol_per_capita_mean,sens,c2014,-2,178.240324665125,134.145336622211,-84.6845351144092,441.16518444466,Pre,265.440938402942,271.035786147962,0,0.05194
220,mdcr,RX,vol_per_capita_mean,sens,c2014,-1,198.746222456185,174.489308927787,-143.252823042278,540.745267954648,Pre,265.440938402942,271.035786147962,0,0.05194
220,mdcr,RX,vol_per_capita_mean,sens,c2014,0,101.15530315851,134.792415957751,-163.037832118682,365.348438435703,Post,265.440938402942,271.035786147962,0,0.05194
220,mdcr,RX,vol_per_capita_mean,sens,c2014,1,333.757226480744,261.404330336301,-178.595260978406,846.109713939894,Post,265.440938402942,271.035786147962,0,0.05194
220,mdcr,RX,vol_per_capita_mean,sens,c2014,2,470.604667017625,321.765405501979,-160.055527766255,1101.2648618015,Post,265.440938402942,271.035786147962,0,0.05194
220,mdcr,RX,vol_per_capita_mean,sens,c2014,3,328.085340007311,355.584829917421,-368.860926630834,1025.03160664546,Post,265.440938402942,271.035786147962,0,0.05194
220,mdcr,RX,vol_per_capita_mean,sens,c2014,4,93.6021553505192,425.534933418135,-740.446314149025,927.650624850064,Post,265.440938402942,271.035786147962,0,0.05194
221,mdcr,Total,spend_per_bene_mean,main,all_cohorts,-6,-56.1298879004756,33.9093663698347,-122.592245985352,10.3324701844005,Pre,155.23263012359,110.665500450096,0,0
221,mdcr,Total,spend_per_bene_mean,main,all_cohorts,-5,-118.790326075563,94.5438170644566,-304.096207521898,66.5155553707722,Pre,155.23263012359,110.665500450096,0,0
221,mdcr,Total,spend_per_bene_mean,main,all_cohorts,-4,-9.05953497054105,74.8188902923926,-155.70455994363,137.585490002548,Pre,155.23263012359,110.665500450096,0,0
221,mdcr,Total,spend_per_bene_mean,main,all_cohorts,-3,-73.9857194172259,51.807465163753,-175.528351138182,27.55691230373,Pre,155.23263012359,110.665500450096,0,0
221,mdcr,Total,spend_per_bene_mean,main,all_cohorts,-2,133.382699539749,83.3123178746303,-29.909443494526,296.674842574025,Pre,155.23263012359,110.665500450096,0,0
221,mdcr,Total,spend_per_bene_mean,main,all_cohorts,-1,124.668954616073,66.6412433773245,-5.94788240348314,255.285791635629,Pre,155.23263012359,110.665500450096,0,0
221,mdcr,Total,spend_per_bene_mean,main,all_cohorts,0,103.681205228477,66.131704209425,-25.9369350219964,233.29934547895,Post,155.23263012359,110.665500450096,0,0
221,mdcr,Total,spend_per_bene_mean,main,all_cohorts,1,142.074021274594,114.676976712524,-82.6928530819533,366.840895631142,Post,155.23263012359,110.665500450096,0,0
221,mdcr,Total,spend_per_bene_mean,main,all_cohorts,2,249.505415190822,122.379969185015,9.64067558819366,489.370154793451,Post,155.23263012359,110.665500450096,0,0
221,mdcr,Total,spend_per_bene_mean,main,all_cohorts,3,115.662480444859,152.609852110195,-183.452829691122,414.777790580841,Post,155.23263012359,110.665500450096,0,0
221,mdcr,Total,spend_per_bene_mean,main,all_cohorts,4,165.48178747286,183.210888580981,-193.611554145863,524.575129091584,Post,155.23263012359,110.665500450096,0,0
222,mdcr,Total,spend_per_bene_mean,main,c2014,-3,-96.5216002911204,76.6067984580388,-246.670925268877,53.6277246866356,Pre,181.434219467299,123.826770031943,0,0.31943
222,mdcr,Total,spend_per_bene_mean,main,c2014,-2,-4.60572568570768,63.9010388080166,-129.85176174942,120.640310378005,Pre,181.434219467299,123.826770031943,0,0.31943
222,mdcr,Total,spend_per_bene_mean,main,c2014,-1,26.1351000543251,71.0920243744824,-113.20526771966,165.475467828311,Pre,181.434219467299,123.826770031943,0,0.31943
222,mdcr,Total,spend_per_bene_mean,main,c2014,0,106.526672734821,65.1481576512814,-21.1637162616901,234.217061731333,Post,181.434219467299,123.826770031943,0,0.31943
222,mdcr,Total,spend_per_bene_mean,main,c2014,1,185.741128330735,107.140325458925,-24.2539095687589,395.736166230228,Post,181.434219467299,123.826770031943,0,0.31943
222,mdcr,Total,spend_per_bene_mean,main,c2014,2,296.781299299172,136.268194796272,29.6956374984786,563.866961099865,Post,181.434219467299,123.826770031943,0,0.31943
222,mdcr,Total,spend_per_bene_mean,main,c2014,3,152.640209498907,164.864935572597,-170.495064223383,475.775483221197,Post,181.434219467299,123.826770031943,0,0.31943
222,mdcr,Total,spend_per_bene_mean,main,c2014,4,165.48178747286,184.297765061713,-195.741832048097,526.705406993818,Post,181.434219467299,123.826770031943,0,0.31943
223,mdcr,Total,spend_per_bene_mean,sens,all_cohorts,-6,-85.667578207913,26.9992001988738,-138.586010597706,-32.7491458181204,Pre,-85.9333227870771,85.2613953327303,0,0
223,mdcr,Total,spend_per_bene_mean,sens,all_cohorts,-5,-108.572812012737,107.043534498977,-318.378139630732,101.232515605258,Pre,-85.9333227870771,85.2613953327303,0,0
223,mdcr,Total,spend_per_bene_mean,sens,all_cohorts,-4,33.4058072060327,68.1775463981125,-100.222183734268,167.033798146333,Pre,-85.9333227870771,85.2613953327303,0,0
223,mdcr,Total,spend_per_bene_mean,sens,all_cohorts,-3,-79.1666350478515,45.1826575521524,-167.72464385007,9.39137375436725,Pre,-85.9333227870771,85.2613953327303,0,0
223,mdcr,Total,spend_per_bene_mean,sens,all_cohorts,-2,13.6922904714245,47.9912267479757,-80.3705139546079,107.755094897457,Pre,-85.9333227870771,85.2613953327303,0,0
223,mdcr,Total,spend_per_bene_mean,sens,all_cohorts,-1,-35.0992092031868,48.937738988522,-131.01717762069,60.8187592143164,Pre,-85.9333227870771,85.2613953327303,0,0
223,mdcr,Total,spend_per_bene_mean,sens,all_cohorts,0,8.28157779881472,48.9892328056873,-87.7373185003323,104.300474097962,Post,-85.9333227870771,85.2613953327303,0,0
223,mdcr,Total,spend_per_bene_mean,sens,all_cohorts,1,-13.4328070486128,68.9743491257901,-148.622531335161,121.756917237936,Post,-85.9333227870771,85.2613953327303,0,0
223,mdcr,Total,spend_per_bene_mean,sens,all_cohorts,2,-34.2607453540807,103.671115552003,-237.456131836006,168.934641127845,Post,-85.9333227870771,85.2613953327303,0,0
223,mdcr,Total,spend_per_bene_mean,sens,all_cohorts,3,-170.833722718133,91.4567795272276,-350.089010591499,8.42156515523317,Post,-85.9333227870771,85.2613953327303,0,0
223,mdcr,Total,spend_per_bene_mean,sens,all_cohorts,4,-268.314603776386,147.617720860536,-557.645336663036,21.0161291102648,Post,-85.9333227870771,85.2613953327303,0,0
224,mdcr,Total,spend_per_bene_mean,sens,c2014,-3,-85.3093696608625,46.2615073373075,-175.981924041985,5.36318472026008,Pre,-111.431492019078,97.795066721989,0,0.20657
224,mdcr,Total,spend_per_bene_mean,sens,c2014,-2,-69.0092084764286,54.9275072033645,-176.667122595023,38.6487056421658,Pre,-111.431492019078,97.795066721989,0,0.20657
224,mdcr,Total,spend_per_bene_mean,sens,c2014,-1,-74.1785996025036,62.5035386557287,-196.685535367732,48.3283361627245,Pre,-111.431492019078,97.795066721989,0,0.20657
224,mdcr,Total,spend_per_bene_mean,sens,c2014,0,-39.012173873757,50.4805195291405,-137.953992150872,59.9296444033584,Post,-111.431492019078,97.795066721989,0,0.20657
224,mdcr,Total,spend_per_bene_mean,sens,c2014,1,-44.2584490998357,100.633295935978,-241.499709134352,152.98281093468,Post,-111.431492019078,97.795066721989,0,0.20657
224,mdcr,Total,spend_per_bene_mean,sens,c2014,2,-51.3020451152904,97.1028848369692,-241.62369939575,139.019609165169,Post,-111.431492019078,97.795066721989,0,0.20657
224,mdcr,Total,spend_per_bene_mean,sens,c2014,3,-154.27018823012,95.7801333735336,-341.999249642246,33.4588731820053,Post,-111.431492019078,97.795066721989,0,0.20657
224,mdcr,Total,spend_per_bene_mean,sens,c2014,4,-268.314603776386,142.356082752969,-547.332525972204,10.7033184194332,Post,-111.431492019078,97.795066721989,0,0.20657
225,mdcr,Total,spend_per_capita_mean,main,all_cohorts,-6,36.993871030435,21.2362191086427,-4.62911842250463,78.6168604833747,Pre,-20.5432458833569,69.8234482417537,0,0
225,mdcr,Total,spend_per_capita_mean,main,all_cohorts,-5,-62.2837310564425,61.0345837919392,-181.911515288643,57.3440531757584,Pre,-20.5432458833569,69.8234482417537,0,0
225,mdcr,Total,spend_per_capita_mean,main,all_cohorts,-4,-16.8811703476086,45.517159766565,-106.094803490076,72.3324627948588,Pre,-20.5432458833569,69.8234482417537,0,0
225,mdcr,Total,spend_per_capita_mean,main,all_cohorts,-3,-46.652633988344,32.6970917618844,-110.738933841637,17.4336658649494,Pre,-20.5432458833569,69.8234482417537,0,0
225,mdcr,Total,spend_per_capita_mean,main,all_cohorts,-2,28.4920651842839,37.1182558248104,-44.2597162323445,101.243846600912,Pre,-20.5432458833569,69.8234482417537,0,0
225,mdcr,Total,spend_per_capita_mean,main,all_cohorts,-1,28.3362940789907,24.2800743394267,-19.2526516262857,75.9252397842671,Pre,-20.5432458833569,69.8234482417537,0,0
225,mdcr,Total,spend_per_capita_mean,main,all_cohorts,0,59.8570358524458,27.5947586938554,5.77130881248916,113.942762892402,Post,-20.5432458833569,69.8234482417537,0,0
225,mdcr,Total,spend_per_capita_mean,main,all_cohorts,1,-0.945096216033183,50.9280240724538,-100.764023398043,98.8738309659763,Post,-20.5432458833569,69.8234482417537,0,0
225,mdcr,Total,spend_per_capita_mean,main,all_cohorts,2,6.44304094039561,67.1186930048446,-125.1095973491,137.995679229891,Post,-20.5432458833569,69.8234482417537,0,0
225,mdcr,Total,spend_per_capita_mean,main,all_cohorts,3,-63.6793444656402,100.808170086801,-261.26335783577,133.904668904489,Post,-20.5432458833569,69.8234482417537,0,0
225,mdcr,Total,spend_per_capita_mean,main,all_cohorts,4,-133.691803328654,146.530429698264,-420.891445537252,153.507838879944,Post,-20.5432458833569,69.8234482417537,0,0
226,mdcr,Total,spend_per_capita_mean,main,c2014,-3,-71.6768357072808,63.3189425511714,-195.781963107577,52.4282916930151,Pre,-24.3186503303354,77.7123858073293,0,0.2145
226,mdcr,Total,spend_per_capita_mean,main,c2014,-2,-46.8671963826214,37.8323175484946,-121.018538777671,27.2841460124281,Pre,-24.3186503303354,77.7123858073293,0,0.2145
226,mdcr,Total,spend_per_capita_mean,main,c2014,-1,57.6327580320822,32.7194430590141,-6.49735036358544,121.76286642775,Pre,-24.3186503303354,77.7123858073293,0,0.2145
226,mdcr,Total,spend_per_capita_mean,main,c2014,0,42.5509497427089,31.8154919498456,-19.8074144789884,104.909313964406,Post,-24.3186503303354,77.7123858073293,0,0.2145
226,mdcr,Total,spend_per_capita_mean,main,c2014,1,-7.42439079405017,58.5641138117409,-122.210053865062,107.361272276962,Post,-24.3186503303354,77.7123858073293,0,0.2145
226,mdcr,Total,spend_per_capita_mean,main,c2014,2,14.1154360854691,81.4196762616356,-145.467129387337,173.698001558275,Post,-24.3186503303354,77.7123858073293,0,0.2145
226,mdcr,Total,spend_per_capita_mean,main,c2014,3,-37.1434433571503,110.194901693338,-253.125450676094,178.838563961793,Post,-24.3186503303354,77.7123858073293,0,0.2145
226,mdcr,Total,spend_per_capita_mean,main,c2014,4,-133.691803328654,149.985807675512,-427.663986372658,160.280379715349,Post,-24.3186503303354,77.7123858073293,0,0.2145
227,mdcr,Total,spend_per_capita_mean,sens,all_cohorts,-6,20.8618105371985,21.3424139920172,-20.9693208871552,62.6929419615522,Pre,-121.28101781929,59.0198871861172,0,0
227,mdcr,Total,spend_per_capita_mean,sens,all_cohorts,-5,-50.881177111869,51.3171838781736,-151.462857513089,49.7005032893513,Pre,-121.28101781929,59.0198871861172,0,0
227,mdcr,Total,spend_per_capita_mean,sens,all_cohorts,-4,-1.37902487770959,44.1094371470444,-87.8335216859165,85.0754719304973,Pre,-121.28101781929,59.0198871861172,0,0
227,mdcr,Total,spend_per_capita_mean,sens,all_cohorts,-3,-51.4406242426757,31.5368062739936,-113.252764539703,10.3715160543518,Pre,-121.28101781929,59.0198871861172,0,0
227,mdcr,Total,spend_per_capita_mean,sens,all_cohorts,-2,7.8773014802594,21.4540049390422,-34.1725482002634,49.9271511607822,Pre,-121.28101781929,59.0198871861172,0,0
227,mdcr,Total,spend_per_capita_mean,sens,all_cohorts,-1,-48.5817261266399,22.0008763832596,-91.7034438378287,-5.46000841545101,Pre,-121.28101781929,59.0198871861172,0,0
227,mdcr,Total,spend_per_capita_mean,sens,all_cohorts,0,3.06130676934955,25.8482109874621,-47.6011867660762,53.7238003047753,Post,-121.28101781929,59.0198871861172,0,0
227,mdcr,Total,spend_per_capita_mean,sens,all_cohorts,1,-38.4193926563342,47.5211876299629,-131.560920411062,54.7221350983931,Post,-121.28101781929,59.0198871861172,0,0
227,mdcr,Total,spend_per_capita_mean,sens,all_cohorts,2,-91.5188623128589,72.9998920005684,-234.598650633973,51.5609260082551,Post,-121.28101781929,59.0198871861172,0,0
227,mdcr,Total,spend_per_capita_mean,sens,all_cohorts,3,-216.440524723689,81.2023386610654,-375.597108499378,-57.2839409480011,Post,-121.28101781929,59.0198871861172,0,0
227,mdcr,Total,spend_per_capita_mean,sens,all_cohorts,4,-316.828498596379,120.932483577837,-553.85616640894,-79.8008307838181,Post,-121.28101781929,59.0198871861172,0,0
228,mdcr,Total,spend_per_capita_mean,sens,c2014,-3,-76.9861626448926,41.396269611644,-158.122851083715,4.15052579392956,Pre,-143.717873067623,67.2618776071031,0,0.18199
228,mdcr,Total,spend_per_capita_mean,sens,c2014,-2,-28.3374297103544,23.4900719998111,-74.3779708299842,17.7031114092755,Pre,-143.717873067623,67.2618776071031,0,0.18199
228,mdcr,Total,spend_per_capita_mean,sens,c2014,-1,-32.0815013238702,28.6053588687942,-88.1480047067069,23.9850020589665,Pre,-143.717873067623,67.2618776071031,0,0.18199
228,mdcr,Total,spend_per_capita_mean,sens,c2014,0,-33.463686608584,28.3270459906441,-88.9846967502463,22.0573235330784,Post,-143.717873067623,67.2618776071031,0,0.18199
228,mdcr,Total,spend_per_capita_mean,sens,c2014,1,-80.3839930426782,62.7237639812359,-203.3225704459,42.5545843605441,Post,-143.717873067623,67.2618776071031,0,0.18199
228,mdcr,Total,spend_per_capita_mean,sens,c2014,2,-97.3375328460304,73.4429331189919,-241.285681759255,46.6106160671937,Post,-143.717873067623,67.2618776071031,0,0.18199
228,mdcr,Total,spend_per_capita_mean,sens,c2014,3,-190.575654244441,84.4083315497858,-356.015984082021,-25.135324406861,Post,-143.717873067623,67.2618776071031,0,0.18199
228,mdcr,Total,spend_per_capita_mean,sens,c2014,4,-316.828498596379,112.681863415479,-537.684950890719,-95.97204630204,Post,-143.717873067623,67.2618776071031,0,0.18199
229,mdcr,Total,spend_per_vol_mean,main,all_cohorts,-6,0.00381506264542625,0.000836396427714482,0.00217572564710587,0.00545439964374664,Pre,0.000444174523204357,0.00319023510305487,0,0
229,mdcr,Total,spend_per_vol_mean,main,all_cohorts,-5,-0.00210971075461673,0.00373027732151458,-0.00942105430478531,0.00520163279555184,Pre,0.000444174523204357,0.00319023510305487,0,0
229,mdcr,Total,spend_per_vol_mean,main,all_cohorts,-4,0.000874243013997691,0.00143598127209489,-0.0019402802793083,0.00368876630730368,Pre,0.000444174523204357,0.00319023510305487,0,0
229,mdcr,Total,spend_per_vol_mean,main,all_cohorts,-3,0.00164487025954829,0.00172987241834936,-0.00174567968041646,0.00503542019951303,Pre,0.000444174523204357,0.00319023510305487,0,0
229,mdcr,Total,spend_per_vol_mean,main,all_cohorts,-2,0.00186587533584966,0.00169888440222896,-0.0014639380925191,0.00519568876421842,Pre,0.000444174523204357,0.00319023510305487,0,0
229,mdcr,Total,spend_per_vol_mean,main,all_cohorts,-1,0.00350678277667634,0.00215216923132925,-0.000711468916728986,0.00772503447008167,Pre,0.000444174523204357,0.00319023510305487,0,0
229,mdcr,Total,spend_per_vol_mean,main,all_cohorts,0,0.000204957266488109,0.00155336925593029,-0.00283964647513526,0.00324956100811148,Post,0.000444174523204357,0.00319023510305487,0,0
229,mdcr,Total,spend_per_vol_mean,main,all_cohorts,1,0.00099608722835475,0.00321754787566371,-0.00531030660794612,0.00730248106465563,Post,0.000444174523204357,0.00319023510305487,0,0
229,mdcr,Total,spend_per_vol_mean,main,all_cohorts,2,0.00116748108181787,0.0037281040789605,-0.00613960291294472,0.00847456507658046,Post,0.000444174523204357,0.00319023510305487,0,0
229,mdcr,Total,spend_per_vol_mean,main,all_cohorts,3,-0.000752395143429064,0.00435616704611322,-0.00929048255381097,0.00778569226695284,Post,0.000444174523204357,0.00319023510305487,0,0
229,mdcr,Total,spend_per_vol_mean,main,all_cohorts,4,0.000487182243157323,0.00492456524831334,-0.00916496564353682,0.0101393301298515,Post,0.000444174523204357,0.00319023510305487,0,0
230,mdcr,Total,spend_per_vol_mean,main,c2014,-3,0.00527246606162716,0.00180274528865852,0.00173908529585645,0.00880584682739786,Pre,0.00125309073784487,0.00334600267614253,0,0.00261
230,mdcr,Total,spend_per_vol_mean,main,c2014,-2,-0.00111904089952516,0.00145806575826643,-0.00397684978572737,0.00173876798667705,Pre,0.00125309073784487,0.00334600267614253,0,0.00261
230,mdcr,Total,spend_per_vol_mean,main,c2014,-1,-0.00260398881059067,0.0026572117943885,-0.00781212392759213,0.0026041463064108,Pre,0.00125309073784487,0.00334600267614253,0,0.00261
230,mdcr,Total,spend_per_vol_mean,main,c2014,0,0.00100102133124402,0.00231646927190304,-0.00353925844168593,0.00554130110417398,Post,0.00125309073784487,0.00334600267614253,0,0.00261
230,mdcr,Total,spend_per_vol_mean,main,c2014,1,0.00183242902720715,0.00343630588154127,-0.00490273050061374,0.00856758855502805,Post,0.00125309073784487,0.00334600267614253,0,0.00261
230,mdcr,Total,spend_per_vol_mean,main,c2014,2,0.00265619730934623,0.00414354069475185,-0.00546514245236739,0.0107775370710598,Post,0.00125309073784487,0.00334600267614253,0,0.00261
230,mdcr,Total,spend_per_vol_mean,main,c2014,3,0.000288623778269629,0.00471395222913746,-0.00895072259083979,0.00952797014737905,Post,0.00125309073784487,0.00334600267614253,0,0.00261
230,mdcr,Total,spend_per_vol_mean,main,c2014,4,0.000487182243157323,0.00492475933123806,-0.00916534604606928,0.0101397105323839,Post,0.00125309073784487,0.00334600267614253,0,0.00261
231,mdcr,Total,spend_per_vol_mean,sens,all_cohorts,-6,0.00266871244223757,0.000622420778587079,0.00144876771620689,0.00388865716826824,Pre,-0.00517306207199366,0.00278737130717178,0,0
231,mdcr,Total,spend_per_vol_mean,sens,all_cohorts,-5,-0.0013684735642359,0.00336764020295716,-0.00796904836203193,0.00523210123356013,Pre,-0.00517306207199366,0.00278737130717178,0,0
231,mdcr,Total,spend_per_vol_mean,sens,all_cohorts,-4,0.00206955932945245,0.00176773669215679,-0.00139520458717485,0.00553432324607975,Pre,-0.00517306207199366,0.00278737130717178,0,0
231,mdcr,Total,spend_per_vol_mean,sens,all_cohorts,-3,-1.50858581398183e-05,0.00130351698507502,-0.00256997914888687,0.00253980743260723,Pre,-0.00517306207199366,0.00278737130717178,0,0
231,mdcr,Total,spend_per_vol_mean,sens,all_cohorts,-2,-0.00142753247712369,0.000917379268954949,-0.00322559584427539,0.000370530890028015,Pre,-0.00517306207199366,0.00278737130717178,0,0
231,mdcr,Total,spend_per_vol_mean,sens,all_cohorts,-1,-0.000461163003004229,0.00144858895559036,-0.00330039735596134,0.00237807134995288,Pre,-0.00517306207199366,0.00278737130717178,0,0
231,mdcr,Total,spend_per_vol_mean,sens,all_cohorts,0,-0.00106394623025234,0.00115464381285885,-0.00332704810345568,0.001199155642951,Post,-0.00517306207199366,0.00278737130717178,0,0
231,mdcr,Total,spend_per_vol_mean,sens,all_cohorts,1,-0.00453053156070181,0.00222826835779337,-0.00889793754197682,-0.000163125579426805,Post,-0.00517306207199366,0.00278737130717178,0,0
231,mdcr,Total,spend_per_vol_mean,sens,all_cohorts,2,-0.00601185633862161,0.00301489203380446,-0.0119210447248783,-0.000102667952364866,Post,-0.00517306207199366,0.00278737130717178,0,0
231,mdcr,Total,spend_per_vol_mean,sens,all_cohorts,3,-0.00688310998213981,0.00403359361232389,-0.0147889534622946,0.00102273349801501,Post,-0.00517306207199366,0.00278737130717178,0,0
231,mdcr,Total,spend_per_vol_mean,sens,all_cohorts,4,-0.00829981085389377,0.00477016909359338,-0.0176493422773368,0.00104972056954925,Post,-0.00517306207199366,0.00278737130717178,0,0
232,mdcr,Total,spend_per_vol_mean,sens,c2014,-3,0.00146013686753179,0.00154213898100254,-0.0015624555352332,0.00448272927029677,Pre,-0.00553969563734953,0.00301855283495282,0,0.06959
232,mdcr,Total,spend_per_vol_mean,sens,c2014,-2,-0.00197057724523718,0.00109587384223056,-0.00411848997600907,0.000177335485534717,Pre,-0.00553969563734953,0.00301855283495282,0,0.06959
232,mdcr,Total,spend_per_vol_mean,sens,c2014,-1,-0.00253485595408688,0.00145133705867459,-0.00537947658908907,0.00030976468091531,Pre,-0.00553969563734953,0.00301855283495282,0,0.06959
232,mdcr,Total,spend_per_vol_mean,sens,c2014,0,-0.00168245772404083,0.00130437043042899,-0.00423902376768165,0.000874108319599991,Post,-0.00553969563734953,0.00301855283495282,0,0.06959
232,mdcr,Total,spend_per_vol_mean,sens,c2014,1,-0.00498833307234867,0.00287819149839567,-0.0106295884092042,0.000652922264506848,Post,-0.00553969563734953,0.00301855283495282,0,0.06959
232,mdcr,Total,spend_per_vol_mean,sens,c2014,2,-0.00630637988860986,0.00355570301781339,-0.0132755578035241,0.000662798026304386,Post,-0.00553969563734953,0.00301855283495282,0,0.06959
232,mdcr,Total,spend_per_vol_mean,sens,c2014,3,-0.00642149664785451,0.00416663414718604,-0.0145880995763392,0.00174510628063014,Post,-0.00553969563734953,0.00301855283495282,0,0.06959
232,mdcr,Total,spend_per_vol_mean,sens,c2014,4,-0.00829981085389377,0.00473108154717608,-0.0175727306863589,0.000973108978571349,Post,-0.00553969563734953,0.00301855283495282,0,0.06959
233,mdcr,Total,vol_per_bene_mean,main,all_cohorts,-6,-195.174318421765,241.337881317037,-668.196565803158,277.847928959627,Pre,766.1599346569,405.644378715527,0,0
233,mdcr,Total,vol_per_bene_mean,main,all_cohorts,-5,-805.573987967612,514.818600766695,-1814.61844547033,203.47046953511,Pre,766.1599346569,405.644378715527,0,0
233,mdcr,Total,vol_per_bene_mean,main,all_cohorts,-4,-202.45396980302,409.677964487604,-1005.42278019872,600.514840592684,Pre,766.1599346569,405.644378715527,0,0
233,mdcr,Total,vol_per_bene_mean,main,all_cohorts,-3,-953.369858553902,398.515945556928,-1734.46111184548,-172.278605262322,Pre,766.1599346569,405.644378715527,0,0
233,mdcr,Total,vol_per_bene_mean,main,all_cohorts,-2,904.901287244889,625.704055570714,-321.47866167371,2131.28123616349,Pre,766.1599346569,405.644378715527,0,0
233,mdcr,Total,vol_per_bene_mean,main,all_cohorts,-1,1211.49612348207,738.033379113934,-235.04929958124,2658.04154654538,Pre,766.1599346569,405.644378715527,0,0
233,mdcr,Total,vol_per_bene_mean,main,all_cohorts,0,498.811288260918,321.694793592328,-131.710507180045,1129.33308370188,Post,766.1599346569,405.644378715527,0,0
233,mdcr,Total,vol_per_bene_mean,main,all_cohorts,1,468.670669246258,321.394353228343,-161.262263081294,1098.60360157381,Post,766.1599346569,405.644378715527,0,0
233,mdcr,Total,vol_per_bene_mean,main,all_cohorts,2,682.078562850139,471.883884007111,-242.813849803799,1606.97097550408,Post,766.1599346569,405.644378715527,0,0
233,mdcr,Total,vol_per_bene_mean,main,all_cohorts,3,1072.56408550964,654.969834133285,-211.1767893916,2356.30496041088,Post,766.1599346569,405.644378715527,0,0
233,mdcr,Total,vol_per_bene_mean,main,all_cohorts,4,1250.2407138547,780.428719624852,-279.399576610014,2779.88100431941,Post,766.1599346569,405.644378715527,0,0
234,mdcr,Total,vol_per_bene_mean,main,c2014,-3,-1388.09918412131,376.152882402532,-2125.35883363027,-650.839534612351,Pre,956.481705843367,474.149270689903,0,0.00011
234,mdcr,Total,vol_per_bene_mean,main,c2014,-2,417.025652731617,561.709491595538,-683.924950795637,1517.97625625887,Pre,956.481705843367,474.149270689903,0,0.00011
234,mdcr,Total,vol_per_bene_mean,main,c2014,-1,1005.8675004028,861.029388674827,-681.750101399863,2693.48510220546,Pre,956.481705843367,474.149270689903,0,0.00011
234,mdcr,Total,vol_per_bene_mean,main,c2014,0,678.592750817866,296.526497610209,97.4008155018554,1259.78468613388,Post,956.481705843367,474.149270689903,0,0.00011
234,mdcr,Total,vol_per_bene_mean,main,c2014,1,726.352856841294,409.392365625294,-76.0561797842814,1528.76189346687,Post,956.481705843367,474.149270689903,0,0.00011
234,mdcr,Total,vol_per_bene_mean,main,c2014,2,943.15877449734,525.629165585086,-87.0743900494281,1973.39193904411,Post,956.481705843367,474.149270689903,0,0.00011
234,mdcr,Total,vol_per_bene_mean,main,c2014,3,1184.06343320564,723.648396137422,-234.287423223709,2602.41428963499,Post,956.481705843367,474.149270689903,0,0.00011
234,mdcr,Total,vol_per_bene_mean,main,c2014,4,1250.2407138547,776.63454007315,-271.962984688679,2772.44441239807,Post,956.481705843367,474.149270689903,0,0.00011
235,mdcr,Total,vol_per_bene_mean,sens,all_cohorts,-6,-477.207534200788,120.997757689712,-714.363139272623,-240.051929128954,Pre,439.333398317905,309.889088620517,0,0
235,mdcr,Total,vol_per_bene_mean,sens,all_cohorts,-5,-810.541179864997,503.728131586893,-1797.84831777531,176.765958045313,Pre,439.333398317905,309.889088620517,0,0
235,mdcr,Total,vol_per_bene_mean,sens,all_cohorts,-4,-171.3882324914,383.941169010513,-923.912923752005,581.136458769205,Pre,439.333398317905,309.889088620517,0,0
235,mdcr,Total,vol_per_bene_mean,sens,all_cohorts,-3,-725.481530605141,325.577604177627,-1363.61363479329,-87.3494264169917,Pre,439.333398317905,309.889088620517,0,0
235,mdcr,Total,vol_per_bene_mean,sens,all_cohorts,-2,482.641284709722,268.161451991825,-42.9551611942552,1008.2377306137,Pre,439.333398317905,309.889088620517,0,0
235,mdcr,Total,vol_per_bene_mean,sens,all_cohorts,-1,290.438074155618,337.568536907825,-371.19625818372,952.072406494955,Pre,439.333398317905,309.889088620517,0,0
235,mdcr,Total,vol_per_bene_mean,sens,all_cohorts,0,176.082106789207,236.573910243257,-287.602757287576,639.766970865991,Post,439.333398317905,309.889088620517,0,0
235,mdcr,Total,vol_per_bene_mean,sens,all_cohorts,1,465.050609294486,274.941365470574,-73.8344670278388,1003.93568561681,Post,439.333398317905,309.889088620517,0,0
235,mdcr,Total,vol_per_bene_mean,sens,all_cohorts,2,546.859964371169,380.225438462197,-198.381895014737,1292.10182375707,Post,439.333398317905,309.889088620517,0,0
235,mdcr,Total,vol_per_bene_mean,sens,all_cohorts,3,517.724117849523,457.423992010486,-378.826906491029,1414.27514219007,Post,439.333398317905,309.889088620517,0,0
235,mdcr,Total,vol_per_bene_mean,sens,all_cohorts,4,522.246473643151,605.746111367344,-665.015904636842,1709.50885192314,Post,439.333398317905,309.889088620517,0,0
236,mdcr,Total,vol_per_bene_mean,sens,c2014,-3,-984.194962799914,331.677196153507,-1634.28226726079,-334.10765833904,Pre,524.935254375244,365.226784719092,0,0.00631
236,mdcr,Total,vol_per_bene_mean,sens,c2014,-2,350.683476608071,311.810111606105,-260.464342139895,961.831295356037,Pre,524.935254375244,365.226784719092,0,0.00631
236,mdcr,Total,vol_per_bene_mean,sens,c2014,-1,77.8225927816232,523.260124129136,-947.767250511482,1103.41243607473,Pre,524.935254375244,365.226784719092,0,0.00631
236,mdcr,Total,vol_per_bene_mean,sens,c2014,0,148.475203313983,235.326030912776,-312.763817275057,609.714223903024,Post,524.935254375244,365.226784719092,0,0.00631
236,mdcr,Total,vol_per_bene_mean,sens,c2014,1,592.70785522127,336.992169029046,-67.7967960756592,1253.2125065182,Post,524.935254375244,365.226784719092,0,0.00631
236,mdcr,Total,vol_per_bene_mean,sens,c2014,2,781.657680646479,397.440133603822,2.67501878298822,1560.64034250997,Post,524.935254375244,365.226784719092,0,0.00631
236,mdcr,Total,vol_per_bene_mean,sens,c2014,3,579.589059051335,478.650575866349,-358.566069646709,1517.74418774938,Post,524.935254375244,365.226784719092,0,0.00631
236,mdcr,Total,vol_per_bene_mean,sens,c2014,4,522.246473643151,623.538112367767,-699.888226597673,1744.38117388397,Post,524.935254375244,365.226784719092,0,0.00631
237,mdcr,Total,vol_per_capita_mean,main,all_cohorts,-6,-457.750742135293,142.394804682186,-736.844559312378,-178.656924958207,Pre,-246.794432015947,299.894205878325,0,0
237,mdcr,Total,vol_per_capita_mean,main,all_cohorts,-5,195.155736809575,354.375534748003,-499.42031129651,889.731784915661,Pre,-246.794432015947,299.894205878325,0,0
237,mdcr,Total,vol_per_capita_mean,main,all_cohorts,-4,-154.760767712938,312.857806067038,-767.962067604333,458.440532178457,Pre,-246.794432015947,299.894205878325,0,0
237,mdcr,Total,vol_per_capita_mean,main,all_cohorts,-3,-353.339143675418,245.349768473973,-834.224689884405,127.54640253357,Pre,-246.794432015947,299.894205878325,0,0
237,mdcr,Total,vol_per_capita_mean,main,all_cohorts,-2,-139.918813199288,184.63436131002,-501.802161366928,221.964534968351,Pre,-246.794432015947,299.894205878325,0,0
237,mdcr,Total,vol_per_capita_mean,main,all_cohorts,-1,-272.982831829022,290.395058204536,-842.157145909912,296.191482251868,Pre,-246.794432015947,299.894205878325,0,0
237,mdcr,Total,vol_per_capita_mean,main,all_cohorts,0,153.146240230262,188.208736152399,-215.74288262844,522.035363088963,Post,-246.794432015947,299.894205878325,0,0
237,mdcr,Total,vol_per_capita_mean,main,all_cohorts,1,-207.592099721327,351.114142555497,-895.775819130101,480.591619687446,Post,-246.794432015947,299.894205878325,0,0
237,mdcr,Total,vol_per_capita_mean,main,all_cohorts,2,-262.204544045262,318.553512584695,-886.569428711264,362.160340620741,Post,-246.794432015947,299.894205878325,0,0
237,mdcr,Total,vol_per_capita_mean,main,all_cohorts,3,-314.00554069925,408.970904104108,-1115.5885127433,487.577431344801,Post,-246.794432015947,299.894205878325,0,0
237,mdcr,Total,vol_per_capita_mean,main,all_cohorts,4,-714.512497186555,587.691363592939,-1866.38756982871,437.362575455606,Post,-246.794432015947,299.894205878325,0,0
238,mdcr,Total,vol_per_capita_mean,main,c2014,-3,-888.860943222139,288.464792717852,-1454.25193694913,-323.469949495149,Pre,-381.39963866678,331.795187305018,0,0.00393
238,mdcr,Total,vol_per_capita_mean,main,c2014,-2,-16.3321771728353,219.404653601305,-446.365298231393,413.700943885722,Pre,-381.39963866678,331.795187305018,0,0.00393
238,mdcr,Total,vol_per_capita_mean,main,c2014,-1,541.110834379786,359.156791094043,-162.836476164538,1245.05814492411,Pre,-381.39963866678,331.795187305018,0,0.00393
238,mdcr,Total,vol_per_capita_mean,main,c2014,0,17.4361378955003,232.270341413879,-437.813731275702,472.686007066703,Post,-381.39963866678,331.795187305018,0,0.00393
238,mdcr,Total,vol_per_capita_mean,main,c2014,1,-382.363924970107,422.134532717315,-1209.74760909604,445.01975915583,Post,-381.39963866678,331.795187305018,0,0.00393
238,mdcr,Total,vol_per_capita_mean,main,c2014,2,-482.565612191356,370.649745104308,-1209.0391125958,243.907888213087,Post,-381.39963866678,331.795187305018,0,0.00393
238,mdcr,Total,vol_per_capita_mean,main,c2014,3,-344.992296881385,456.759530826213,-1240.24097730076,550.256383537992,Post,-381.39963866678,331.795187305018,0,0.00393
238,mdcr,Total,vol_per_capita_mean,main,c2014,4,-714.512497186555,603.560270429819,-1897.490627229,468.465632855891,Post,-381.39963866678,331.795187305018,0,0.00393
239,mdcr,Total,vol_per_capita_mean,sens,all_cohorts,-6,-379.133116336587,126.662513368417,-627.391642538685,-130.874590134489,Pre,27.4617439179994,242.477948957987,0,0
239,mdcr,Total,vol_per_capita_mean,sens,all_cohorts,-5,155.20777617384,380.358851777001,-590.295573309083,900.711125656762,Pre,27.4617439179994,242.477948957987,0,0
239,mdcr,Total,vol_per_capita_mean,sens,all_cohorts,-4,-227.978940866862,248.550423342321,-715.137770617812,259.179888884087,Pre,27.4617439179994,242.477948957987,0,0
239,mdcr,Total,vol_per_capita_mean,sens,all_cohorts,-3,-192.124459226372,158.619613017259,-503.018900740199,118.769982287456,Pre,27.4617439179994,242.477948957987,0,0
239,mdcr,Total,vol_per_capita_mean,sens,all_cohorts,-2,196.5429930645,107.346377796476,-13.8559074165925,406.941893545593,Pre,27.4617439179994,242.477948957987,0,0
239,mdcr,Total,vol_per_capita_mean,sens,all_cohorts,-1,-129.26602111426,162.600142497704,-447.962300409761,189.430258181241,Pre,27.4617439179994,242.477948957987,0,0
239,mdcr,Total,vol_per_capita_mean,sens,all_cohorts,0,79.4953477337265,167.071279527102,-247.964360139394,406.955055606847,Post,27.4617439179994,242.477948957987,0,0
239,mdcr,Total,vol_per_capita_mean,sens,all_cohorts,1,304.075459323474,222.327504928726,-131.686450336828,739.837368983776,Post,27.4617439179994,242.477948957987,0,0
239,mdcr,Total,vol_per_capita_mean,sens,all_cohorts,2,258.333946970582,251.020213519269,-233.665671527186,750.33356546835,Post,27.4617439179994,242.477948957987,0,0
239,mdcr,Total,vol_per_capita_mean,sens,all_cohorts,3,-203.617085635112,344.193533432109,-878.236411162045,471.002239891821,Post,27.4617439179994,242.477948957987,0,0
239,mdcr,Total,vol_per_capita_mean,sens,all_cohorts,4,-420.680067370857,401.14719343418,-1206.92856650185,365.568431760136,Post,27.4617439179994,242.477948957987,0,0
240,mdcr,Total,vol_per_capita_mean,sens,c2014,-3,-476.217889198615,218.00156892194,-903.500964285617,-48.9348141116125,Pre,-41.4322462853863,280.658810839404,0,0.04174
240,mdcr,Total,vol_per_capita_mean,sens,c2014,-2,156.622419441911,127.321141891275,-92.9270186649875,406.171857548809,Pre,-41.4322462853863,280.658810839404,0,0.04174
240,mdcr,Total,vol_per_capita_mean,sens,c2014,-1,223.413872098813,153.330059981421,-77.1130454647726,523.9407896624,Pre,-41.4322462853863,280.658810839404,0,0.04174
240,mdcr,Total,vol_per_capita_mean,sens,c2014,0,22.5436656327496,149.273667235451,-270.032722148734,315.120053414233,Post,-41.4322462853863,280.658810839404,0,0.04174
240,mdcr,Total,vol_per_capita_mean,sens,c2014,1,136.402561105362,210.350792214798,-275.884991635642,548.690113846366,Post,-41.4322462853863,280.658810839404,0,0.04174
240,mdcr,Total,vol_per_capita_mean,sens,c2014,2,213.926615661261,279.962550664182,-334.799983640535,762.653214963058,Post,-41.4322462853863,280.658810839404,0,0.04174
240,mdcr,Total,vol_per_capita_mean,sens,c2014,3,-159.354006455448,365.805559341164,-876.332902764129,557.624889853234,Post,-41.4322462853863,280.658810839404,0,0.04174
240,mdcr,Total,vol_per_capita_mean,sens,c2014,4,-420.680067370857,405.689394795329,-1215.8312811697,374.471146427987,Post,-41.4322462853863,280.658810839404,0,0.04174
241,oop,AM,spend_per_capita_mean,main,all_cohorts,-6,-30.7562306462115,4.28910183890595,-39.1628702504672,-22.3495910419559,Pre,-16.478435087398,27.2479575425071,0,0
241,oop,AM,spend_per_capita_mean,main,all_cohorts,-5,6.30659597322805,15.9094482812931,-24.8759226581063,37.4891146045625,Pre,-16.478435087398,27.2479575425071,0,0
241,oop,AM,spend_per_capita_mean,main,all_cohorts,-4,6.23181170045374,10.3764379875665,-14.1060067551765,26.569630156084,Pre,-16.478435087398,27.2479575425071,0,0
241,oop,AM,spend_per_capita_mean,main,all_cohorts,-3,-5.71038119288487,10.6436474924122,-26.5719302780127,15.151167892243,Pre,-16.478435087398,27.2479575425071,0,0
241,oop,AM,spend_per_capita_mean,main,all_cohorts,-2,-13.8467513340199,12.7573213980623,-38.8511012742219,11.1575986061821,Pre,-16.478435087398,27.2479575425071,0,0
241,oop,AM,spend_per_capita_mean,main,all_cohorts,-1,16.1871058160901,8.7711469484945,-1.0043422029591,33.3785538351393,Pre,-16.478435087398,27.2479575425071,0,0
241,oop,AM,spend_per_capita_mean,main,all_cohorts,0,-15.1256426229408,9.67940223794189,-34.0972710093069,3.84598576342527,Post,-16.478435087398,27.2479575425071,0,0
241,oop,AM,spend_per_capita_mean,main,all_cohorts,1,-22.5707248141582,24.0507298385577,-69.7101552977313,24.5687056694148,Post,-16.478435087398,27.2479575425071,0,0
241,oop,AM,spend_per_capita_mean,main,all_cohorts,2,-16.3874740239226,26.2717479022476,-67.8800999123278,35.1051518644826,Post,-16.478435087398,27.2479575425071,0,0
241,oop,AM,spend_per_capita_mean,main,all_cohorts,3,-21.2529421623522,32.1404703678454,-84.2482640833291,41.7423797586248,Post,-16.478435087398,27.2479575425071,0,0
241,oop,AM,spend_per_capita_mean,main,all_cohorts,4,-5.17722238641097,45.7656926830154,-94.877980045121,84.5235352722991,Post,-16.478435087398,27.2479575425071,0,0
242,oop,AM,spend_per_capita_mean,main,c2014,-3,-18.9750074797398,18.7742430435188,-55.7725238450367,17.8225088855572,Pre,-16.9568654814402,29.8687306748124,0,0.00028
242,oop,AM,spend_per_capita_mean,main,c2014,-2,-0.822476667672859,9.40489572134148,-19.2560722815022,17.6111189461564,Pre,-16.9568654814402,29.8687306748124,0,0.00028
242,oop,AM,spend_per_capita_mean,main,c2014,-1,30.9054198696387,12.9319871893532,5.55872497850632,56.2521147607711,Pre,-16.9568654814402,29.8687306748124,0,0.00028
242,oop,AM,spend_per_capita_mean,main,c2014,0,-18.9885869444557,13.512376071066,-45.472844043745,7.49567015483359,Post,-16.9568654814402,29.8687306748124,0,0.00028
242,oop,AM,spend_per_capita_mean,main,c2014,1,-20.7915430208857,34.7072733889163,-88.8177988631617,47.2347128213903,Post,-16.9568654814402,29.8687306748124,0,0.00028
242,oop,AM,spend_per_capita_mean,main,c2014,2,-18.0039575841483,33.7727674447352,-84.1985817758293,48.1906666075327,Post,-16.9568654814402,29.8687306748124,0,0.00028
242,oop,AM,spend_per_capita_mean,main,c2014,3,-21.8230174713004,36.6182700365341,-93.5948267429072,49.9487918003063,Post,-16.9568654814402,29.8687306748124,0,0.00028
242,oop,AM,spend_per_capita_mean,main,c2014,4,-5.17722238641097,43.007052157668,-89.4710446154401,79.1165998426182,Post,-16.9568654814402,29.8687306748124,0,0.00028
243,oop,AM,spend_per_capita_mean,sens,all_cohorts,-6,-32.0687802733523,4.79581129358796,-41.4685704087847,-22.6689901379199,Pre,-29.0168640270008,12.4197905491064,0,0
243,oop,AM,spend_per_capita_mean,sens,all_cohorts,-5,3.8457686938567,17.8413520152399,-31.1232812560135,38.8148186437269,Pre,-29.0168640270008,12.4197905491064,0,0
243,oop,AM,spend_per_capita_mean,sens,all_cohorts,-4,6.00067496777715,10.225225807032,-14.0407676140056,26.0421175495599,Pre,-29.0168640270008,12.4197905491064,0,0
243,oop,AM,spend_per_capita_mean,sens,all_cohorts,-3,-3.66062530077732,7.78379613170531,-18.9168657189197,11.5956151173651,Pre,-29.0168640270008,12.4197905491064,0,0
243,oop,AM,spend_per_capita_mean,sens,all_cohorts,-2,-2.74357519869892,10.1559363753107,-22.6492104943079,17.1620600969101,Pre,-29.0168640270008,12.4197905491064,0,0
243,oop,AM,spend_per_capita_mean,sens,all_cohorts,-1,8.22950196041457,8.43161221002029,-8.2964579712252,24.7554618920543,Pre,-29.0168640270008,12.4197905491064,0,0
243,oop,AM,spend_per_capita_mean,sens,all_cohorts,0,-22.0603093713763,8.15465171757818,-38.0434267378296,-6.0771920049231,Post,-29.0168640270008,12.4197905491064,0,0
243,oop,AM,spend_per_capita_mean,sens,all_cohorts,1,-32.7160894414853,10.1232667183623,-52.5576922094754,-12.8744866734952,Post,-29.0168640270008,12.4197905491064,0,0
243,oop,AM,spend_per_capita_mean,sens,all_cohorts,2,-25.9916899662262,13.6664731334606,-52.777977307809,0.794597375356652,Post,-29.0168640270008,12.4197905491064,0,0
243,oop,AM,spend_per_capita_mean,sens,all_cohorts,3,-31.3314467919011,18.1440041186772,-66.8936948645084,4.23080128070607,Post,-29.0168640270008,12.4197905491064,0,0
243,oop,AM,spend_per_capita_mean,sens,all_cohorts,4,-34.3451285943323,25.072440224483,-83.487111434319,14.7968542456544,Post,-29.0168640270008,12.4197905491064,0,0
244,oop,AM,spend_per_capita_mean,sens,c2014,-3,-14.2069992794871,9.54572164133044,-32.9166136964947,4.50261513752058,Pre,-31.9688584896747,15.270145109935,0,3e-05
244,oop,AM,spend_per_capita_mean,sens,c2014,-2,14.0220405663431,6.54416381932247,1.19547948047105,26.8486016522151,Pre,-31.9688584896747,15.270145109935,0,3e-05
244,oop,AM,spend_per_capita_mean,sens,c2014,-1,25.2396409419771,8.31666443357727,8.93897865216564,41.5403032317885,Pre,-31.9688584896747,15.270145109935,0,3e-05
244,oop,AM,spend_per_capita_mean,sens,c2014,0,-24.0720745920273,6.7501229323276,-37.3023155393894,-10.8418336446652,Post,-31.9688584896747,15.270145109935,0,3e-05
244,oop,AM,spend_per_capita_mean,sens,c2014,1,-35.2234094875128,15.9833134721216,-66.5507038928711,-3.89611508215452,Post,-31.9688584896747,15.270145109935,0,3e-05
244,oop,AM,spend_per_capita_mean,sens,c2014,2,-29.8710982290156,17.5732355054159,-64.3146398196306,4.57244336159952,Post,-31.9688584896747,15.270145109935,0,3e-05
244,oop,AM,spend_per_capita_mean,sens,c2014,3,-36.3325815454854,19.7850552726275,-75.1112898798353,2.44612678886438,Post,-31.9688584896747,15.270145109935,0,3e-05
244,oop,AM,spend_per_capita_mean,sens,c2014,4,-34.3451285943323,25.0401153615084,-83.4237547028887,14.7334975142241,Post,-31.9688584896747,15.270145109935,0,3e-05
245,oop,AM,spend_per_vol_mean,main,all_cohorts,-6,-4.30708086435581,0.946123069053718,-6.1614820797011,-2.45267964901053,Pre,2.35670990550528,2.29226832235465,0,0
245,oop,AM,spend_per_vol_mean,main,all_cohorts,-5,-3.43421469919079,2.28203718465699,-7.90700758111848,1.0385781827369,Pre,2.35670990550528,2.29226832235465,0,0
245,oop,AM,spend_per_vol_mean,main,all_cohorts,-4,-0.685472216498409,1.34885255544024,-3.32922322516129,1.95827879216447,Pre,2.35670990550528,2.29226832235465,0,0
245,oop,AM,spend_per_vol_mean,main,all_cohorts,-3,3.3200827585001,1.54447793389881,0.292906008058436,6.34725950894176,Pre,2.35670990550528,2.29226832235465,0,0
245,oop,AM,spend_per_vol_mean,main,all_cohorts,-2,-3.30635849099581,1.30840925014788,-5.87084062128565,-0.74187636070596,Pre,2.35670990550528,2.29226832235465,0,0
245,oop,AM,spend_per_vol_mean,main,all_cohorts,-1,-1.62905698689212,1.60067726351067,-4.76638442337303,1.5082704495888,Pre,2.35670990550528,2.29226832235465,0,0
245,oop,AM,spend_per_vol_mean,main,all_cohorts,0,0.194433088838867,1.89459900816318,-3.51898096716096,3.90784714483869,Post,2.35670990550528,2.29226832235465,0,0
245,oop,AM,spend_per_vol_mean,main,all_cohorts,1,-1.81130829673262,2.16591172641977,-6.05649528051537,2.43387868705012,Post,2.35670990550528,2.29226832235465,0,0
245,oop,AM,spend_per_vol_mean,main,all_cohorts,2,0.294858929495876,1.54458578358534,-2.73252920633139,3.32224706532314,Post,2.35670990550528,2.29226832235465,0,0
245,oop,AM,spend_per_vol_mean,main,all_cohorts,3,6.02489257053038,4.2950550253007,-2.39341527905899,14.4432004201198,Post,2.35670990550528,2.29226832235465,0,0
245,oop,AM,spend_per_vol_mean,main,all_cohorts,4,8.90781815512635,5.33176027500255,-1.54243198387864,19.3580682941313,Post,2.35670990550528,2.29226832235465,0,0
246,oop,AM,spend_per_vol_mean,main,c2014,-3,5.90072028808906,2.57194639394361,0.859705355959576,10.9417352202185,Pre,3.45304208111725,2.48917409496781,0,0.00042
246,oop,AM,spend_per_vol_mean,main,c2014,-2,-4.45657121729847,1.87690314939187,-8.13530139010655,-0.777841044490401,Pre,3.45304208111725,2.48917409496781,0,0.00042
246,oop,AM,spend_per_vol_mean,main,c2014,-1,-3.093141077487,1.89468000407202,-6.80671388546817,0.620431730494166,Pre,3.45304208111725,2.48917409496781,0,0.00042
246,oop,AM,spend_per_vol_mean,main,c2014,0,1.91621061221575,1.59267971477221,-1.20544162873779,5.03786285316929,Post,3.45304208111725,2.48917409496781,0,0.00042
246,oop,AM,spend_per_vol_mean,main,c2014,1,-0.777637912605134,1.77101371551375,-4.24882479501208,2.69354896980181,Post,3.45304208111725,2.48917409496781,0,0.00042
246,oop,AM,spend_per_vol_mean,main,c2014,2,0.332694135333009,1.87268252850605,-3.33776362053886,4.00315189120488,Post,3.45304208111725,2.48917409496781,0,0.00042
246,oop,AM,spend_per_vol_mean,main,c2014,3,6.88612541551629,4.0081294101681,-0.969808228413182,14.7420590594458,Post,3.45304208111725,2.48917409496781,0,0.00042
246,oop,AM,spend_per_vol_mean,main,c2014,4,8.90781815512635,5.19896481275426,-1.28215287787199,19.0977891881247,Post,3.45304208111725,2.48917409496781,0,0.00042
247,oop,AM,spend_per_vol_mean,sens,all_cohorts,-6,-4.24592667258209,1.04635874648819,-6.29678981569894,-2.19506352946524,Pre,-2.84190260817488,1.81947357217532,0,0
247,oop,AM,spend_per_vol_mean,sens,all_cohorts,-5,-4.06808083535901,2.35619378264892,-8.6862206493509,0.550058978632885,Pre,-2.84190260817488,1.81947357217532,0,0
247,oop,AM,spend_per_vol_mean,sens,all_cohorts,-4,-0.657285866862602,1.23089308059,-3.069836304819,1.75526457109379,Pre,-2.84190260817488,1.81947357217532,0,0
247,oop,AM,spend_per_vol_mean,sens,all_cohorts,-3,1.03903140011587,1.19896801300267,-1.31094590536935,3.3890087056011,Pre,-2.84190260817488,1.81947357217532,0,0
247,oop,AM,spend_per_vol_mean,sens,all_cohorts,-2,-1.40571343054525,0.748950314758514,-2.87365604747193,0.0622291863814417,Pre,-2.84190260817488,1.81947357217532,0,0
247,oop,AM,spend_per_vol_mean,sens,all_cohorts,-1,-1.051029800866,0.987017877641474,-2.98558484104329,0.883525239311291,Pre,-2.84190260817488,1.81947357217532,0,0
247,oop,AM,spend_per_vol_mean,sens,all_cohorts,0,-2.04352578681456,1.07818684386874,-4.15677200079729,0.069720427168162,Post,-2.84190260817488,1.81947357217532,0,0
247,oop,AM,spend_per_vol_mean,sens,all_cohorts,1,-4.08014846904582,1.29662880447867,-6.621540925824,-1.53875601226763,Post,-2.84190260817488,1.81947357217532,0,0
247,oop,AM,spend_per_vol_mean,sens,all_cohorts,2,-3.67926406464203,1.96427413743753,-7.52924137401959,0.170713244735525,Post,-2.84190260817488,1.81947357217532,0,0
247,oop,AM,spend_per_vol_mean,sens,all_cohorts,3,-2.01497541598939,2.97949340664347,-7.85478249301059,3.82483166103181,Post,-2.84190260817488,1.81947357217532,0,0
247,oop,AM,spend_per_vol_mean,sens,all_cohorts,4,-2.16670048682977,3.67066164330863,-9.36119730771469,5.02779633405515,Post,-2.84190260817488,1.81947357217532,0,0
248,oop,AM,spend_per_vol_mean,sens,c2014,-3,0.992706823208521,2.73793447645019,-4.37364475063386,6.3590583970509,Pre,-3.18786787078583,2.40669683959996,0,0.61027
248,oop,AM,spend_per_vol_mean,sens,c2014,-2,-1.5533438483817,1.22383738070618,-3.95206511456582,0.845377417802414,Pre,-3.18786787078583,2.40669683959996,0,0.61027
248,oop,AM,spend_per_vol_mean,sens,c2014,-1,-0.57863029956276,0.825152549720533,-2.19592929701501,1.03866869788948,Pre,-3.18786787078583,2.40669683959996,0,0.61027
248,oop,AM,spend_per_vol_mean,sens,c2014,0,-1.8115740286346,1.662394005203,-5.06986627883248,1.44671822156328,Post,-3.18786787078583,2.40669683959996,0,0.61027
248,oop,AM,spend_per_vol_mean,sens,c2014,1,-4.26079486052052,1.85727817504436,-7.90106008360748,-0.620529637433568,Post,-3.18786787078583,2.40669683959996,0,0.61027
248,oop,AM,spend_per_vol_mean,sens,c2014,2,-4.86170438734966,2.09286038412143,-8.96371074022766,-0.759698034471661,Post,-3.18786787078583,2.40669683959996,0,0.61027
248,oop,AM,spend_per_vol_mean,sens,c2014,3,-2.83856559059461,2.8279489211194,-8.38134547598863,2.70421429479942,Post,-3.18786787078583,2.40669683959996,0,0.61027
248,oop,AM,spend_per_vol_mean,sens,c2014,4,-2.16670048682977,3.76327401945714,-9.54271756496576,5.20931659130623,Post,-3.18786787078583,2.40669683959996,0,0.61027
249,oop,AM,vol_per_capita_mean,main,all_cohorts,-6,-304.474917508902,77.2931348174183,-455.969461751042,-152.980373266762,Pre,-265.821658295163,234.745058073253,0,0
249,oop,AM,vol_per_capita_mean,main,all_cohorts,-5,136.493638696358,306.624856723244,-464.491080481201,737.478357873917,Pre,-265.821658295163,234.745058073253,0,0
249,oop,AM,vol_per_capita_mean,main,all_cohorts,-4,200.381219395814,247.600056998353,-284.914892320957,685.677331112585,Pre,-265.821658295163,234.745058073253,0,0
249,oop,AM,vol_per_capita_mean,main,all_cohorts,-3,-314.379657595111,235.081730144562,-775.139848678452,146.38053348823,Pre,-265.821658295163,234.745058073253,0,0
249,oop,AM,vol_per_capita_mean,main,all_cohorts,-2,13.969140917552,152.48507513775,-284.901606352438,312.839888187542,Pre,-265.821658295163,234.745058073253,0,0
249,oop,AM,vol_per_capita_mean,main,all_cohorts,-1,285.817311369823,122.102568810158,46.4962765019139,525.138346237732,Pre,-265.821658295163,234.745058073253,0,0
249,oop,AM,vol_per_capita_mean,main,all_cohorts,0,-186.303723951854,167.83096908653,-515.252423361453,142.644975457744,Post,-265.821658295163,234.745058073253,0,0
249,oop,AM,vol_per_capita_mean,main,all_cohorts,1,-171.143153594421,205.387570154487,-573.702791097216,231.416483908373,Post,-265.821658295163,234.745058073253,0,0
249,oop,AM,vol_per_capita_mean,main,all_cohorts,2,-186.892624589084,297.208697374538,-769.421671443179,395.636422265011,Post,-265.821658295163,234.745058073253,0,0
249,oop,AM,vol_per_capita_mean,main,all_cohorts,3,-449.49327300353,427.445903704119,-1287.2872442636,388.300698256542,Post,-265.821658295163,234.745058073253,0,0
249,oop,AM,vol_per_capita_mean,main,all_cohorts,4,-380.952893593711,526.003078626393,-1411.91892770144,650.013140514018,Post,-265.821658295163,234.745058073253,0,0
250,oop,AM,vol_per_capita_mean,main,c2014,-3,-531.143629722631,247.523718271,-1016.29011753379,-45.9971419114718,Pre,-329.339127984069,345.434979323989,0,4e-05
250,oop,AM,vol_per_capita_mean,main,c2014,-2,174.433228359814,119.743496473153,-60.2640247275657,409.130481447193,Pre,-329.339127984069,345.434979323989,0,4e-05
250,oop,AM,vol_per_capita_mean,main,c2014,-1,494.211603693695,175.16421016632,150.889751767708,837.533455619683,Pre,-329.339127984069,345.434979323989,0,4e-05
250,oop,AM,vol_per_capita_mean,main,c2014,0,-336.936493828358,119.025264860119,-570.226012954191,-103.646974702524,Post,-329.339127984069,345.434979323989,0,4e-05
250,oop,AM,vol_per_capita_mean,main,c2014,1,-208.731156897217,320.757037395567,-837.414950192528,419.952636398094,Post,-329.339127984069,345.434979323989,0,4e-05
250,oop,AM,vol_per_capita_mean,main,c2014,2,-224.640809874527,345.197310798687,-901.227539039952,451.945919290899,Post,-329.339127984069,345.434979323989,0,4e-05
250,oop,AM,vol_per_capita_mean,main,c2014,3,-495.434285726532,429.155895242511,-1336.57984040185,345.711268948789,Post,-329.339127984069,345.434979323989,0,4e-05
250,oop,AM,vol_per_capita_mean,main,c2014,4,-380.952893593711,536.608822576161,-1432.70618584299,670.800398655565,Post,-329.339127984069,345.434979323989,0,4e-05
251,oop,AM,vol_per_capita_mean,sens,all_cohorts,-6,-276.74277810744,45.5268087011655,-365.975323161725,-187.510233053156,Pre,-181.170159854115,107.530955964708,0,0
251,oop,AM,vol_per_capita_mean,sens,all_cohorts,-5,163.163107312202,355.697733377844,-534.004450108373,860.330664732776,Pre,-181.170159854115,107.530955964708,0,0
251,oop,AM,vol_per_capita_mean,sens,all_cohorts,-4,217.883796292465,223.511262033461,-220.19827729312,655.965869878049,Pre,-181.170159854115,107.530955964708,0,0
251,oop,AM,vol_per_capita_mean,sens,all_cohorts,-3,-158.142903302944,134.704547305514,-422.163816021751,105.878009415863,Pre,-181.170159854115,107.530955964708,0,0
251,oop,AM,vol_per_capita_mean,sens,all_cohorts,-2,18.1658470941869,114.472852333743,-206.200943479949,242.532637668323,Pre,-181.170159854115,107.530955964708,0,0
251,oop,AM,vol_per_capita_mean,sens,all_cohorts,-1,176.297572341685,88.1289975091348,3.56473722378104,349.03040745959,Pre,-181.170159854115,107.530955964708,0,0
251,oop,AM,vol_per_capita_mean,sens,all_cohorts,0,-155.860229565472,121.533302676438,-394.065502811289,82.3450436803457,Post,-181.170159854115,107.530955964708,0,0
251,oop,AM,vol_per_capita_mean,sens,all_cohorts,1,-168.272725766617,99.3524790603469,-363.003584724897,26.4581331916631,Post,-181.170159854115,107.530955964708,0,0
251,oop,AM,vol_per_capita_mean,sens,all_cohorts,2,-76.4395253110334,127.301161163936,-325.949801192349,173.070750570282,Post,-181.170159854115,107.530955964708,0,0
251,oop,AM,vol_per_capita_mean,sens,all_cohorts,3,-231.298564091272,156.374310431045,-537.792212536121,75.1950843535759,Post,-181.170159854115,107.530955964708,0,0
251,oop,AM,vol_per_capita_mean,sens,all_cohorts,4,-303.797760343382,189.998430767962,-676.194684648587,68.5991639618228,Post,-181.170159854115,107.530955964708,0,0
252,oop,AM,vol_per_capita_mean,sens,c2014,-3,-272.416013793712,203.309268014712,-670.902179102548,126.070151515124,Pre,-211.639209183057,122.935688387604,0,5e-05
252,oop,AM,vol_per_capita_mean,sens,c2014,-2,205.489060356497,88.2582704028882,32.5028503668364,378.475270346158,Pre,-211.639209183057,122.935688387604,0,5e-05
252,oop,AM,vol_per_capita_mean,sens,c2014,-1,308.481006584838,98.9134633174954,114.610618482547,502.351394687129,Pre,-211.639209183057,122.935688387604,0,5e-05
252,oop,AM,vol_per_capita_mean,sens,c2014,0,-222.80185934368,86.3351232229112,-392.018700860586,-53.5850178267737,Post,-211.639209183057,122.935688387604,0,5e-05
252,oop,AM,vol_per_capita_mean,sens,c2014,1,-191.044653268859,123.059522885905,-432.241318125232,50.1520115875148,Post,-211.639209183057,122.935688387604,0,5e-05
252,oop,AM,vol_per_capita_mean,sens,c2014,2,-76.3903974952503,150.649198602771,-371.662826756682,218.882031766182,Post,-211.639209183057,122.935688387604,0,5e-05
252,oop,AM,vol_per_capita_mean,sens,c2014,3,-264.161375464115,158.455390322139,-574.733940495508,46.4111895672777,Post,-211.639209183057,122.935688387604,0,5e-05
252,oop,AM,vol_per_capita_mean,sens,c2014,4,-303.797760343382,194.098939369121,-684.231681506859,76.6361608200944,Post,-211.639209183057,122.935688387604,0,5e-05
253,oop,ED,spend_per_capita_mean,main,all_cohorts,-6,-1.56361130110443,0.2307707521053,-2.01592197523082,-1.11130062697804,Pre,-0.944051556848043,1.21978502059056,0,0
253,oop,ED,spend_per_capita_mean,main,all_cohorts,-5,-0.215307812276209,0.740356809567687,-1.66640715902888,1.23579153447646,Pre,-0.944051556848043,1.21978502059056,0,0
253,oop,ED,spend_per_capita_mean,main,all_cohorts,-4,0.101835408558993,0.584025760246631,-1.0428550815244,1.24652589864239,Pre,-0.944051556848043,1.21978502059056,0,0
253,oop,ED,spend_per_capita_mean,main,all_cohorts,-3,-0.175753735457458,0.500245785762525,-1.15623547555201,0.804728004637091,Pre,-0.944051556848043,1.21978502059056,0,0
253,oop,ED,spend_per_capita_mean,main,all_cohorts,-2,-0.693160942321024,0.480623218527249,-1.63518245063443,0.248860565992384,Pre,-0.944051556848043,1.21978502059056,0,0
253,oop,ED,spend_per_capita_mean,main,all_cohorts,-1,0.912606462227979,0.383833785641333,0.160292242370967,1.66492068208499,Pre,-0.944051556848043,1.21978502059056,0,0
253,oop,ED,spend_per_capita_mean,main,all_cohorts,0,-0.793151844138845,0.42784610115989,-1.63173020241223,0.0454265141345382,Post,-0.944051556848043,1.21978502059056,0,0
253,oop,ED,spend_per_capita_mean,main,all_cohorts,1,-1.32837766141178,1.17941901265729,-3.64003892622007,0.983283603396521,Post,-0.944051556848043,1.21978502059056,0,0
253,oop,ED,spend_per_capita_mean,main,all_cohorts,2,-1.18153872917409,1.25800560020788,-3.64722970558154,1.28415224723336,Post,-0.944051556848043,1.21978502059056,0,0
253,oop,ED,spend_per_capita_mean,main,all_cohorts,3,-1.17653989037579,1.96267813472494,-5.02338903443668,2.6703092536851,Post,-0.944051556848043,1.21978502059056,0,0
253,oop,ED,spend_per_capita_mean,main,all_cohorts,4,-0.0903947480388543,1.97751360791456,-3.96632141955139,3.78553192347368,Post,-0.944051556848043,1.21978502059056,0,0
254,oop,ED,spend_per_capita_mean,main,c2014,-3,-0.595117603996564,0.797963497145881,-2.15912605840249,0.968890850409362,Pre,-0.996725024905128,1.59297294214195,0,0.00063
254,oop,ED,spend_per_capita_mean,main,c2014,-2,-0.276656849711243,0.468311838538028,-1.19454805324578,0.641234353823292,Pre,-0.996725024905128,1.59297294214195,0,0.00063
254,oop,ED,spend_per_capita_mean,main,c2014,-1,1.70028888284395,0.860543164823613,0.0136242797896737,3.38695348589824,Pre,-0.996725024905128,1.59297294214195,0,0.00063
254,oop,ED,spend_per_capita_mean,main,c2014,0,-1.09351178799166,0.710503414648832,-2.48609848070337,0.299074904720049,Post,-0.996725024905128,1.59297294214195,0,0.00063
254,oop,ED,spend_per_capita_mean,main,c2014,1,-1.25947621187513,1.66097691314794,-4.51499096164509,1.99603853789484,Post,-0.996725024905128,1.59297294214195,0,0.00063
254,oop,ED,spend_per_capita_mean,main,c2014,2,-1.2711730024597,1.53700973761947,-4.28371208819386,1.74136608327445,Post,-0.996725024905128,1.59297294214195,0,0.00063
254,oop,ED,spend_per_capita_mean,main,c2014,3,-1.2690693741603,1.99827065998063,-5.18567986772234,2.64754111940174,Post,-0.996725024905128,1.59297294214195,0,0.00063
254,oop,ED,spend_per_capita_mean,main,c2014,4,-0.0903947480388543,1.95821123436981,-3.92848876740369,3.74769927132598,Post,-0.996725024905128,1.59297294214195,0,0.00063
255,oop,ED,spend_per_capita_mean,sens,all_cohorts,-6,-1.7330804534761,0.241948420113117,-2.20729935689781,-1.25886155005439,Pre,-1.50660299543817,0.625634752702233,0,0
255,oop,ED,spend_per_capita_mean,sens,all_cohorts,-5,-0.325901255770804,0.830787052121622,-1.95424387792918,1.30244136638757,Pre,-1.50660299543817,0.625634752702233,0,0
255,oop,ED,spend_per_capita_mean,sens,all_cohorts,-4,0.113023007654634,0.512381552813604,-0.89124483586003,1.1172908511693,Pre,-1.50660299543817,0.625634752702233,0,0
255,oop,ED,spend_per_capita_mean,sens,all_cohorts,-3,-0.105930302042715,0.31447893774304,-0.722309020019072,0.510448415933643,Pre,-1.50660299543817,0.625634752702233,0,0
255,oop,ED,spend_per_capita_mean,sens,all_cohorts,-2,-0.0855665901793433,0.425110042052689,-0.918782272602614,0.747649092243927,Pre,-1.50660299543817,0.625634752702233,0,0
255,oop,ED,spend_per_capita_mean,sens,all_cohorts,-1,0.519812058054623,0.367273247097481,-0.200043506256439,1.23966762236569,Pre,-1.50660299543817,0.625634752702233,0,0
255,oop,ED,spend_per_capita_mean,sens,all_cohorts,0,-1.2145511523581,0.3685497151522,-1.93690859405641,-0.492193710659789,Post,-1.50660299543817,0.625634752702233,0,0
255,oop,ED,spend_per_capita_mean,sens,all_cohorts,1,-1.69546329504118,0.552324859607416,-2.77802001987172,-0.612906570210647,Post,-1.50660299543817,0.625634752702233,0,0
255,oop,ED,spend_per_capita_mean,sens,all_cohorts,2,-1.44041776729756,0.69256209439509,-2.79783947231194,-0.0829960622831889,Post,-1.50660299543817,0.625634752702233,0,0
255,oop,ED,spend_per_capita_mean,sens,all_cohorts,3,-1.55046378264961,1.04955093525045,-3.60758361574048,0.506656050441264,Post,-1.50660299543817,0.625634752702233,0,0
255,oop,ED,spend_per_capita_mean,sens,all_cohorts,4,-1.67163377230635,1.26357983763547,-4.14825025407187,0.804982709459161,Post,-1.50660299543817,0.625634752702233,0,0
256,oop,ED,spend_per_capita_mean,sens,c2014,-3,-0.480736800974782,0.385286832853393,-1.23589899336743,0.274425391417868,Pre,-1.67352240340074,0.821211589237422,0,0
256,oop,ED,spend_per_capita_mean,sens,c2014,-2,0.544290648183815,0.341963979330549,-0.125958751304061,1.21454004767169,Pre,-1.67352240340074,0.821211589237422,0,0
256,oop,ED,spend_per_capita_mean,sens,c2014,-1,1.42086684493989,0.400807560482865,0.635284026393475,2.20644966348631,Pre,-1.67352240340074,0.821211589237422,0,0
256,oop,ED,spend_per_capita_mean,sens,c2014,0,-1.44284435836981,0.41002386626287,-2.24649113624504,-0.639197580494588,Post,-1.67352240340074,0.821211589237422,0,0
256,oop,ED,spend_per_capita_mean,sens,c2014,1,-1.85667666247226,0.77625939911664,-3.37814508474088,-0.335208240203647,Post,-1.67352240340074,0.821211589237422,0,0
256,oop,ED,spend_per_capita_mean,sens,c2014,2,-1.56593349424769,0.764416568058979,-3.06418996764329,-0.0676770208520894,Post,-1.67352240340074,0.821211589237422,0,0
256,oop,ED,spend_per_capita_mean,sens,c2014,3,-1.83052372960761,1.07618786258837,-3.93985194028081,0.278804481065594,Post,-1.67352240340074,0.821211589237422,0,0
256,oop,ED,spend_per_capita_mean,sens,c2014,4,-1.67163377230635,1.25670975338357,-4.13478488893815,0.791517344325439,Post,-1.67352240340074,0.821211589237422,0,0
257,oop,ED,spend_per_vol_mean,main,all_cohorts,-6,-5.14957393833766,1.71732591942907,-8.51553274041864,-1.78361513625668,Pre,-5.08290393354138,2.36980013174771,0,0
257,oop,ED,spend_per_vol_mean,main,all_cohorts,-5,-4.11803902559152,2.90476144248822,-9.81137145286843,1.5752934016854,Pre,-5.08290393354138,2.36980013174771,0,0
257,oop,ED,spend_per_vol_mean,main,all_cohorts,-4,-2.40949214188924,1.39862644912349,-5.15079998217127,0.331815698392793,Pre,-5.08290393354138,2.36980013174771,0,0
257,oop,ED,spend_per_vol_mean,main,all_cohorts,-3,0.888586546032538,2.26712205615126,-3.55497268402394,5.33214577608901,Pre,-5.08290393354138,2.36980013174771,0,0
257,oop,ED,spend_per_vol_mean,main,all_cohorts,-2,-4.04164414802756,1.73425356526498,-7.44078113594691,-0.642507160108201,Pre,-5.08290393354138,2.36980013174771,0,0
257,oop,ED,spend_per_vol_mean,main,all_cohorts,-1,-1.14247399842401,2.06812518854783,-5.19599936797777,2.91105137112974,Pre,-5.08290393354138,2.36980013174771,0,0
257,oop,ED,spend_per_vol_mean,main,all_cohorts,0,-2.72858075689679,2.53954784054436,-7.70609452436374,2.24893301057015,Post,-5.08290393354138,2.36980013174771,0,0
257,oop,ED,spend_per_vol_mean,main,all_cohorts,1,-10.5303083695836,2.21859108870245,-14.8787469034404,-6.18186983572684,Post,-5.08290393354138,2.36980013174771,0,0
257,oop,ED,spend_per_vol_mean,main,all_cohorts,2,-7.13622542827898,2.35316647301792,-11.7484317153941,-2.52401914116386,Post,-5.08290393354138,2.36980013174771,0,0
257,oop,ED,spend_per_vol_mean,main,all_cohorts,3,0.152567827048691,4.36354828713626,-8.39998681573838,8.70512246983576,Post,-5.08290393354138,2.36980013174771,0,0
257,oop,ED,spend_per_vol_mean,main,all_cohorts,4,-4.44136963989859,4.82149637197358,-13.8915025289668,5.00876324916962,Post,-5.08290393354138,2.36980013174771,0,0
258,oop,ED,spend_per_vol_mean,main,c2014,-3,-1.86076090965656,2.93560398512432,-7.61454472050023,3.89302290118712,Pre,-5.39477660879837,2.59793174837284,0,0.02765
258,oop,ED,spend_per_vol_mean,main,c2014,-2,-5.89880653749804,1.97718710636837,-9.77409326598005,-2.02351980901603,Pre,-5.39477660879837,2.59793174837284,0,0.02765
258,oop,ED,spend_per_vol_mean,main,c2014,-1,-1.59733096727314,2.9222843953551,-7.32500838216913,4.13034644762285,Pre,-5.39477660879837,2.59793174837284,0,0.02765
258,oop,ED,spend_per_vol_mean,main,c2014,0,-4.25678140196651,2.78969242485835,-9.72457855468888,1.21101575075586,Post,-5.39477660879837,2.59793174837284,0,0.02765
258,oop,ED,spend_per_vol_mean,main,c2014,1,-10.8947290666848,2.22204607286453,-15.2499393694992,-6.53951876387027,Post,-5.39477660879837,2.59793174837284,0,0.02765
258,oop,ED,spend_per_vol_mean,main,c2014,2,-8.07836828769766,2.88892186552732,-13.7406551441312,-2.41608143126411,Post,-5.39477660879837,2.59793174837284,0,0.02765
258,oop,ED,spend_per_vol_mean,main,c2014,3,0.69736535225567,4.45504563147129,-8.03452408542806,9.4292547899394,Post,-5.39477660879837,2.59793174837284,0,0.02765
258,oop,ED,spend_per_vol_mean,main,c2014,4,-4.44136963989859,4.78288303660444,-13.8158203916433,4.9330811118461,Post,-5.39477660879837,2.59793174837284,0,0.02765
259,oop,ED,spend_per_vol_mean,sens,all_cohorts,-6,-4.29778637058588,1.31441227197744,-6.87403442366167,-1.72153831751009,Pre,-9.51521791647883,2.75424499248383,0,0
259,oop,ED,spend_per_vol_mean,sens,all_cohorts,-5,-5.59199560516369,3.24864910649079,-11.9593478538856,0.775356643558252,Pre,-9.51521791647883,2.75424499248383,0,0
259,oop,ED,spend_per_vol_mean,sens,all_cohorts,-4,-3.34223422919697,1.64917214740424,-6.57461163810928,-0.109856820284667,Pre,-9.51521791647883,2.75424499248383,0,0
259,oop,ED,spend_per_vol_mean,sens,all_cohorts,-3,1.00989355982252,1.40597172452287,-1.7458110202423,3.76559813988734,Pre,-9.51521791647883,2.75424499248383,0,0
259,oop,ED,spend_per_vol_mean,sens,all_cohorts,-2,-0.635561593536876,1.07959941054607,-2.75157643820718,1.48045325113343,Pre,-9.51521791647883,2.75424499248383,0,0
259,oop,ED,spend_per_vol_mean,sens,all_cohorts,-1,-2.06832700622635,1.42456975261796,-4.86048372135755,0.723829708904847,Pre,-9.51521791647883,2.75424499248383,0,0
259,oop,ED,spend_per_vol_mean,sens,all_cohorts,0,-4.53070825291877,1.7436198935675,-7.94820324431108,-1.11321326152646,Post,-9.51521791647883,2.75424499248383,0,0
259,oop,ED,spend_per_vol_mean,sens,all_cohorts,1,-9.935940293382,2.06007450038107,-13.9736863141289,-5.89819427263511,Post,-9.51521791647883,2.75424499248383,0,0
259,oop,ED,spend_per_vol_mean,sens,all_cohorts,2,-10.153838473001,3.06466878689586,-16.1605892953169,-4.1470876506851,Post,-9.51521791647883,2.75424499248383,0,0
259,oop,ED,spend_per_vol_mean,sens,all_cohorts,3,-9.79113137591153,4.63780645201123,-18.8812320218535,-0.701030729969528,Post,-9.51521791647883,2.75424499248383,0,0
259,oop,ED,spend_per_vol_mean,sens,all_cohorts,4,-14.2559530787475,6.4825165246234,-26.9616854670094,-1.55022069048561,Post,-9.51521791647883,2.75424499248383,0,0
260,oop,ED,spend_per_vol_mean,sens,c2014,-3,-1.60939868982096,1.4561251651822,-4.46340401357806,1.24460663393615,Pre,-10.4280128066675,3.2994977619894,0,0.36261
260,oop,ED,spend_per_vol_mean,sens,c2014,-2,-1.04645977372682,1.87454859850024,-4.72057502678728,2.62765547933365,Pre,-10.4280128066675,3.2994977619894,0,0.36261
260,oop,ED,spend_per_vol_mean,sens,c2014,-1,-1.62838212859994,1.53634021008458,-4.63960894036573,1.38284468316584,Pre,-10.4280128066675,3.2994977619894,0,0.36261
260,oop,ED,spend_per_vol_mean,sens,c2014,0,-5.13587435741845,2.19896483608942,-9.44584543615372,-0.825903278683184,Post,-10.4280128066675,3.2994977619894,0,0.36261
260,oop,ED,spend_per_vol_mean,sens,c2014,1,-10.9525428678017,2.46055269694225,-15.7752261538085,-6.12985958179487,Post,-10.4280128066675,3.2994977619894,0,0.36261
260,oop,ED,spend_per_vol_mean,sens,c2014,2,-11.2449371138342,3.03777865135721,-17.1989832704943,-5.29089095717404,Post,-10.4280128066675,3.2994977619894,0,0.36261
260,oop,ED,spend_per_vol_mean,sens,c2014,3,-10.5507566155359,4.92351625600611,-20.2008484773079,-0.900664753763946,Post,-10.4280128066675,3.2994977619894,0,0.36261
260,oop,ED,spend_per_vol_mean,sens,c2014,4,-14.2559530787475,6.11244003948194,-26.2363355561321,-2.27557060136289,Post,-10.4280128066675,3.2994977619894,0,0.36261
261,oop,ED,vol_per_capita_mean,main,all_cohorts,-6,-31.5895779565159,11.3361938743093,-53.8085179501622,-9.37063796286973,Pre,3.83058250623663,12.282508692157,0,0
261,oop,ED,vol_per_capita_mean,main,all_cohorts,-5,-9.22071264654667,13.7177289314235,-36.1074613521368,17.6660360590434,Pre,3.83058250623663,12.282508692157,0,0
261,oop,ED,vol_per_capita_mean,main,all_cohorts,-4,-4.01884475823736,24.5283001832023,-52.0943131173138,44.0566236008391,Pre,3.83058250623663,12.282508692157,0,0
261,oop,ED,vol_per_capita_mean,main,all_cohorts,-3,-18.4984065334842,17.3683146183248,-52.5403031854009,15.5434901184324,Pre,3.83058250623663,12.282508692157,0,0
261,oop,ED,vol_per_capita_mean,main,all_cohorts,-2,-10.723897226935,13.1616934923818,-36.5208164720034,15.0730220181335,Pre,3.83058250623663,12.282508692157,0,0
261,oop,ED,vol_per_capita_mean,main,all_cohorts,-1,17.1852657133179,8.98300897559445,-0.421431878847244,34.791963305483,Pre,3.83058250623663,12.282508692157,0,0
261,oop,ED,vol_per_capita_mean,main,all_cohorts,0,-1.93318997684246,12.6942656632608,-26.8139506768337,22.9475707231488,Post,3.83058250623663,12.282508692157,0,0
261,oop,ED,vol_per_capita_mean,main,all_cohorts,1,16.1469246244588,16.8821009656166,-16.9419932681497,49.2358425170673,Post,3.83058250623663,12.282508692157,0,0
261,oop,ED,vol_per_capita_mean,main,all_cohorts,2,4.30319533800781,17.0246099824254,-29.065040227546,37.6714309035616,Post,3.83058250623663,12.282508692157,0,0
261,oop,ED,vol_per_capita_mean,main,all_cohorts,3,-12.9140612522244,22.3731809399537,-56.7654958945336,30.9373733900848,Post,3.83058250623663,12.282508692157,0,0
261,oop,ED,vol_per_capita_mean,main,all_cohorts,4,13.6112544713335,21.9572490470273,-29.42495366084,56.6474626035071,Post,3.83058250623663,12.282508692157,0,0
262,oop,ED,vol_per_capita_mean,main,c2014,-3,-16.2755136956583,20.7987905723313,-57.0411432174276,24.490115826111,Pre,-4.30300244187924,18.1723491968363,0,0.04303
262,oop,ED,vol_per_capita_mean,main,c2014,-2,-1.2576929277595,14.9513463783016,-30.5623318292306,28.0469459737116,Pre,-4.30300244187924,18.1723491968363,0,0.04303
262,oop,ED,vol_per_capita_mean,main,c2014,-1,35.0106658616514,17.3712873299228,0.962942695002816,69.0583890283,Pre,-4.30300244187924,18.1723491968363,0,0.04303
262,oop,ED,vol_per_capita_mean,main,c2014,0,-15.2667563946387,10.7826817717723,-36.4008126673125,5.86729987803504,Post,-4.30300244187924,18.1723491968363,0,0.04303
262,oop,ED,vol_per_capita_mean,main,c2014,1,2.26988962323886,17.7456593640038,-32.5116027302086,37.0513819766863,Post,-4.30300244187924,18.1723491968363,0,0.04303
262,oop,ED,vol_per_capita_mean,main,c2014,2,-5.02842657862051,18.9897789431216,-42.2483933071389,32.1915401498979,Post,-4.30300244187924,18.1723491968363,0,0.04303
262,oop,ED,vol_per_capita_mean,main,c2014,3,-17.1009733307094,23.1507758222689,-62.4764939423565,28.2745472809377,Post,-4.30300244187924,18.1723491968363,0,0.04303
262,oop,ED,vol_per_capita_mean,main,c2014,4,13.6112544713335,22.1517654671333,-29.8062058442478,57.0287147869149,Post,-4.30300244187924,18.1723491968363,0,0.04303
263,oop,ED,vol_per_capita_mean,sens,all_cohorts,-6,-36.4350087011392,9.57771847796768,-55.2073369179559,-17.6626804843226,Pre,9.08909936946545,7.5807939223627,0,0
263,oop,ED,vol_per_capita_mean,sens,all_cohorts,-5,-0.544059064873673,12.996124627682,-26.0164633351303,24.928345205383,Pre,9.08909936946545,7.5807939223627,0,0
263,oop,ED,vol_per_capita_mean,sens,all_cohorts,-4,1.61704161835618,19.8518194340649,-37.292524472411,40.5266077091233,Pre,9.08909936946545,7.5807939223627,0,0
263,oop,ED,vol_per_capita_mean,sens,all_cohorts,-3,-7.38060104139826,11.8475690088013,-30.6018362986488,15.8406342158523,Pre,9.08909936946545,7.5807939223627,0,0
263,oop,ED,vol_per_capita_mean,sens,all_cohorts,-2,-1.75072387295164,10.3139116515313,-21.965990709953,18.4645429640497,Pre,9.08909936946545,7.5807939223627,0,0
263,oop,ED,vol_per_capita_mean,sens,all_cohorts,-1,18.3932320937728,6.5756144952168,5.50502768314792,31.2814365043978,Pre,9.08909936946545,7.5807939223627,0,0
263,oop,ED,vol_per_capita_mean,sens,all_cohorts,0,-1.89618243437327,7.8516160700509,-17.285349931673,13.4929850629265,Post,9.08909936946545,7.5807939223627,0,0
263,oop,ED,vol_per_capita_mean,sens,all_cohorts,1,10.9864527722203,12.05199606849,-12.6354595220202,34.6083650664607,Post,9.08909936946545,7.5807939223627,0,0
263,oop,ED,vol_per_capita_mean,sens,all_cohorts,2,14.6507829093851,10.8823118466534,-6.67854831005556,35.9801141288257,Post,9.08909936946545,7.5807939223627,0,0
263,oop,ED,vol_per_capita_mean,sens,all_cohorts,3,8.00080446275007,10.1903627227784,-11.9723064738956,27.9739153993957,Post,9.08909936946545,7.5807939223627,0,0
263,oop,ED,vol_per_capita_mean,sens,all_cohorts,4,15.0440504288738,12.2999182962774,-9.06378943182989,39.1518902895774,Post,9.08909936946545,7.5807939223627,0,0
264,oop,ED,vol_per_capita_mean,sens,c2014,-3,-2.98754362501226,16.4684243927871,-35.2656554348749,29.2905681848504,Pre,2.76032451751865,7.90750641877087,0,0.0059
264,oop,ED,vol_per_capita_mean,sens,c2014,-2,10.0605524845695,11.2331595263162,-11.9564401870102,32.0775451561492,Pre,2.76032451751865,7.90750641877087,0,0.0059
264,oop,ED,vol_per_capita_mean,sens,c2014,-1,28.5391322126151,8.89542336684842,11.1041024135921,45.974162011638,Pre,2.76032451751865,7.90750641877087,0,0.0059
264,oop,ED,vol_per_capita_mean,sens,c2014,0,-12.4203430581418,7.87768887422641,-27.8606132516255,3.01992713534201,Post,2.76032451751865,7.90750641877087,0,0.0059
264,oop,ED,vol_per_capita_mean,sens,c2014,1,-3.1050673109971,10.7669127611333,-24.2082163228183,17.9980817008241,Post,2.76032451751865,7.90750641877087,0,0.0059
264,oop,ED,vol_per_capita_mean,sens,c2014,2,9.1893275060953,12.5919621648605,-15.4909183370314,33.869573349222,Post,2.76032451751865,7.90750641877087,0,0.0059
264,oop,ED,vol_per_capita_mean,sens,c2014,3,5.09365502176304,11.5969896728148,-17.6364447369539,27.82375478048,Post,2.76032451751865,7.90750641877087,0,0.0059
264,oop,ED,vol_per_capita_mean,sens,c2014,4,15.0440504288738,11.2891496888869,-7.08268296134455,37.1707838190921,Post,2.76032451751865,7.90750641877087,0,0.0059
265,oop,IP,spend_per_capita_mean,main,all_cohorts,-6,-9.59632930992339,1.21944630670312,-11.9864440710615,-7.20621454878527,Pre,-4.84002960034345,6.71131567648258,0,0
265,oop,IP,spend_per_capita_mean,main,all_cohorts,-5,-3.82391492222623,4.50791770190242,-12.659433617955,5.01160377350251,Pre,-4.84002960034345,6.71131567648258,0,0
265,oop,IP,spend_per_capita_mean,main,all_cohorts,-4,-0.235559737974559,3.10325509141332,-6.31793971714467,5.84682024119555,Pre,-4.84002960034345,6.71131567648258,0,0
265,oop,IP,spend_per_capita_mean,main,all_cohorts,-3,-0.266026972132048,3.45254845430101,-7.03302194256202,6.50096799829793,Pre,-4.84002960034345,6.71131567648258,0,0
265,oop,IP,spend_per_capita_mean,main,all_cohorts,-2,-4.36238646483182,2.65347644196944,-9.56320029109193,0.83842736142828,Pre,-4.84002960034345,6.71131567648258,0,0
265,oop,IP,spend_per_capita_mean,main,all_cohorts,-1,5.35652784864098,2.09699618814793,1.24641531987105,9.46664037741091,Pre,-4.84002960034345,6.71131567648258,0,0
265,oop,IP,spend_per_capita_mean,main,all_cohorts,0,-3.45462056441278,2.08925093063826,-7.54955238846376,0.640311259638204,Post,-4.84002960034345,6.71131567648258,0,0
265,oop,IP,spend_per_capita_mean,main,all_cohorts,1,-6.3698622087179,5.91137163457837,-17.9561506124915,5.2164261950557,Post,-4.84002960034345,6.71131567648258,0,0
265,oop,IP,spend_per_capita_mean,main,all_cohorts,2,-7.00937671387859,8.41486475029541,-23.5025116244576,9.48375819670041,Post,-4.84002960034345,6.71131567648258,0,0
265,oop,IP,spend_per_capita_mean,main,all_cohorts,3,-6.06047995551517,10.8635541251332,-27.3530460407762,15.2320861297458,Post,-4.84002960034345,6.71131567648258,0,0
265,oop,IP,spend_per_capita_mean,main,all_cohorts,4,-0.598272609039503,11.9683721712069,-24.056282064605,22.859736846526,Post,-4.84002960034345,6.71131567648258,0,0
266,oop,IP,spend_per_capita_mean,main,c2014,-3,-3.09390031304715,5.73041460078023,-14.3255129305764,8.13771230448209,Pre,-4.99378279618163,8.51580368178026,0,0.00416
266,oop,IP,spend_per_capita_mean,main,c2014,-2,-2.38351408888755,2.63998000110531,-7.55787489105395,2.79084671327885,Pre,-4.99378279618163,8.51580368178026,0,0.00416
266,oop,IP,spend_per_capita_mean,main,c2014,-1,10.0645243739717,4.31519498113225,1.60674221095253,18.5223065369909,Pre,-4.99378279618163,8.51580368178026,0,0.00416
266,oop,IP,spend_per_capita_mean,main,c2014,0,-5.0835830961728,3.54336944937917,-12.028587216956,1.86142102461038,Post,-4.99378279618163,8.51580368178026,0,0.00416
266,oop,IP,spend_per_capita_mean,main,c2014,1,-5.81296130184182,9.65408140094459,-24.7349608476932,13.1090382440096,Post,-4.99378279618163,8.51580368178026,0,0.00416
266,oop,IP,spend_per_capita_mean,main,c2014,2,-7.06960780887457,9.07795296195849,-24.8623956143132,10.7231799965641,Post,-4.99378279618163,8.51580368178026,0,0.00416
266,oop,IP,spend_per_capita_mean,main,c2014,3,-6.40448916497949,11.4247830258031,-28.7970638955536,15.9880855655947,Post,-4.99378279618163,8.51580368178026,0,0.00416
266,oop,IP,spend_per_capita_mean,main,c2014,4,-0.598272609039503,11.1376569152991,-22.4280801630257,21.2315349449467,Post,-4.99378279618163,8.51580368178026,0,0.00416
267,oop,IP,spend_per_capita_mean,sens,all_cohorts,-6,-10.5698563304058,1.38523303882711,-13.2849130865069,-7.85479957430466,Pre,-7.50082945688558,3.75859655234944,0,0
267,oop,IP,spend_per_capita_mean,sens,all_cohorts,-5,-4.23442490032859,5.72181820020284,-15.4491885727261,6.98033877206897,Pre,-7.50082945688558,3.75859655234944,0,0
267,oop,IP,spend_per_capita_mean,sens,all_cohorts,-4,-0.459555748015696,3.48006131902769,-7.28047593330996,6.36136443727857,Pre,-7.50082945688558,3.75859655234944,0,0
267,oop,IP,spend_per_capita_mean,sens,all_cohorts,-3,-0.323982881724587,1.91288645415059,-4.07324033185975,3.42527456841058,Pre,-7.50082945688558,3.75859655234944,0,0
267,oop,IP,spend_per_capita_mean,sens,all_cohorts,-2,-0.254059017990405,2.27498270852985,-4.71302512670891,4.2049070907281,Pre,-7.50082945688558,3.75859655234944,0,0
267,oop,IP,spend_per_capita_mean,sens,all_cohorts,-1,3.18458567627363,1.97761789441643,-0.691545396782567,7.06071674932984,Pre,-7.50082945688558,3.75859655234944,0,0
267,oop,IP,spend_per_capita_mean,sens,all_cohorts,0,-5.72694156139921,1.8629978657222,-9.37841737821472,-2.0754657445837,Post,-7.50082945688558,3.75859655234944,0,0
267,oop,IP,spend_per_capita_mean,sens,all_cohorts,1,-7.73918778006459,2.69446102474148,-13.0203313885579,-2.45804417157129,Post,-7.50082945688558,3.75859655234944,0,0
267,oop,IP,spend_per_capita_mean,sens,all_cohorts,2,-7.54622377042313,3.6265335922393,-14.6542296112122,-0.438217929634103,Post,-7.50082945688558,3.75859655234944,0,0
267,oop,IP,spend_per_capita_mean,sens,all_cohorts,3,-7.92379303583768,5.71549800562412,-19.126169126861,3.27858305518559,Post,-7.50082945688558,3.75859655234944,0,0
267,oop,IP,spend_per_capita_mean,sens,all_cohorts,4,-8.93629915222604,7.91344106214447,-24.4466436340292,6.57404532957713,Post,-7.50082945688558,3.75859655234944,0,0
268,oop,IP,spend_per_capita_mean,sens,c2014,-3,-2.86293436593089,2.36555763050491,-7.49942732172051,1.77355858985873,Pre,-8.19532306580168,4.47737158450375,0,3e-05
268,oop,IP,spend_per_capita_mean,sens,c2014,-2,3.26058836708239,1.99062467497196,-0.641035995862658,7.16221273002744,Pre,-8.19532306580168,4.47737158450375,0,3e-05
268,oop,IP,spend_per_capita_mean,sens,c2014,-1,7.78504414652833,2.43771486867351,3.00712300392825,12.5629652891284,Pre,-8.19532306580168,4.47737158450375,0,3e-05
268,oop,IP,spend_per_capita_mean,sens,c2014,0,-6.98553937070247,2.15454784433907,-11.208453145607,-2.76262559579789,Post,-8.19532306580168,4.47737158450375,0,3e-05
268,oop,IP,spend_per_capita_mean,sens,c2014,1,-8.2890042096205,4.16547593421636,-16.4533370406846,-0.12467137855643,Post,-8.19532306580168,4.47737158450375,0,3e-05
268,oop,IP,spend_per_capita_mean,sens,c2014,2,-7.45522741377641,4.01910213829893,-15.3326676048423,0.422212777289499,Post,-8.19532306580168,4.47737158450375,0,3e-05
268,oop,IP,spend_per_capita_mean,sens,c2014,3,-9.31054518268296,5.98725992338539,-21.0455746325183,2.42448426715241,Post,-8.19532306580168,4.47737158450375,0,3e-05
268,oop,IP,spend_per_capita_mean,sens,c2014,4,-8.93629915222604,7.44687203147302,-23.5321683339132,5.65957002946108,Post,-8.19532306580168,4.47737158450375,0,3e-05
269,oop,IP,spend_per_vol_mean,main,all_cohorts,-6,-8.14193301071034,6.94449732283198,-21.753147763461,5.46928174204035,Pre,35.5476939117652,24.1226886468566,0,0.00098
269,oop,IP,spend_per_vol_mean,main,all_cohorts,-5,-20.9810248942032,13.7620653913539,-47.9546730612569,5.99262327285044,Pre,35.5476939117652,24.1226886468566,0,0.00098
269,oop,IP,spend_per_vol_mean,main,all_cohorts,-4,-18.6795998772169,16.1207113161681,-50.2761940569064,12.9169943024726,Pre,35.5476939117652,24.1226886468566,0,0.00098
269,oop,IP,spend_per_vol_mean,main,all_cohorts,-3,-19.9466502406961,25.0545213084637,-69.0535120052849,29.1602115238928,Pre,35.5476939117652,24.1226886468566,0,0.00098
269,oop,IP,spend_per_vol_mean,main,all_cohorts,-2,-29.7933551064354,16.2183546245531,-61.5813301705596,1.99461995768877,Pre,35.5476939117652,24.1226886468566,0,0.00098
269,oop,IP,spend_per_vol_mean,main,all_cohorts,-1,-8.0048882367068,15.7187105837759,-38.8135609809075,22.8037845074939,Pre,35.5476939117652,24.1226886468566,0,0.00098
269,oop,IP,spend_per_vol_mean,main,all_cohorts,0,10.5126354691554,18.1370502487982,-25.035983018489,46.0612539567998,Post,35.5476939117652,24.1226886468566,0,0.00098
269,oop,IP,spend_per_vol_mean,main,all_cohorts,1,-8.07829049003953,19.8832822110031,-47.0495236236056,30.8929426435265,Post,35.5476939117652,24.1226886468566,0,0.00098
269,oop,IP,spend_per_vol_mean,main,all_cohorts,2,19.9704336583958,21.8741200882485,-22.9028417145713,62.8437090313629,Post,35.5476939117652,24.1226886468566,0,0.00098
269,oop,IP,spend_per_vol_mean,main,all_cohorts,3,80.6394608745982,36.730398697679,8.6478794271474,152.631042322049,Post,35.5476939117652,24.1226886468566,0,0.00098
269,oop,IP,spend_per_vol_mean,main,all_cohorts,4,92.2468524684209,49.3168481127877,-4.41416983264307,188.907874769485,Post,35.5476939117652,24.1226886468566,0,0.00098
270,oop,IP,spend_per_vol_mean,main,c2014,-3,-58.299719062236,28.8866590888715,-114.917570876424,-1.6818672480479,Pre,46.9851317529726,29.9124772426658,0,0.03059
270,oop,IP,spend_per_vol_mean,main,c2014,-2,-25.450996582112,21.2079275023612,-67.0185344867399,16.116541322516,Pre,46.9851317529726,29.9124772426658,0,0.03059
270,oop,IP,spend_per_vol_mean,main,c2014,-1,0.763481267498051,24.6561655809254,-47.5626032711157,49.0895658061118,Pre,46.9851317529726,29.9124772426658,0,0.03059
270,oop,IP,spend_per_vol_mean,main,c2014,0,32.3880373131942,21.0469114338509,-8.86390909715357,73.6399837235419,Post,46.9851317529726,29.9124772426658,0,0.03059
270,oop,IP,spend_per_vol_mean,main,c2014,1,2.36795862736765,24.38932660517,-45.4351215187655,50.1710387735008,Post,46.9851317529726,29.9124772426658,0,0.03059
270,oop,IP,spend_per_vol_mean,main,c2014,2,20.7958200279129,25.4786715022821,-29.1423761165601,70.7340161723859,Post,46.9851317529726,29.9124772426658,0,0.03059
270,oop,IP,spend_per_vol_mean,main,c2014,3,87.1269903279675,41.0047029036916,6.75777263673186,167.496208019203,Post,46.9851317529726,29.9124772426658,0,0.03059
270,oop,IP,spend_per_vol_mean,main,c2014,4,92.2468524684209,46.9791751104247,0.167669251988485,184.326035684853,Post,46.9851317529726,29.9124772426658,0,0.03059
271,oop,IP,spend_per_vol_mean,sens,all_cohorts,-6,-6.06991784342774,5.57954349272532,-17.0058230891694,4.8659874023139,Pre,-20.2102450392904,14.4041522594006,0,0
271,oop,IP,spend_per_vol_mean,sens,all_cohorts,-5,-31.1401294991455,13.5854459301383,-57.7676035222165,-4.51265547607444,Pre,-20.2102450392904,14.4041522594006,0,0
271,oop,IP,spend_per_vol_mean,sens,all_cohorts,-4,-32.6806097620612,16.1661550482819,-64.3662736566938,-0.994945867428651,Pre,-20.2102450392904,14.4041522594006,0,0
271,oop,IP,spend_per_vol_mean,sens,all_cohorts,-3,-11.4054826165883,13.0820260643559,-37.0462537027258,14.2352884695492,Pre,-20.2102450392904,14.4041522594006,0,0
271,oop,IP,spend_per_vol_mean,sens,all_cohorts,-2,5.53041619727775,13.5175626404662,-20.9640065780361,32.0248389725916,Pre,-20.2102450392904,14.4041522594006,0,0
271,oop,IP,spend_per_vol_mean,sens,all_cohorts,-1,5.05023191532286,14.7711655796355,-23.9012526207628,34.0017164514085,Pre,-20.2102450392904,14.4041522594006,0,0
271,oop,IP,spend_per_vol_mean,sens,all_cohorts,0,-11.3991301724907,11.9303829291211,-34.7826807135681,11.9844203685866,Post,-20.2102450392904,14.4041522594006,0,0
271,oop,IP,spend_per_vol_mean,sens,all_cohorts,1,-28.5795590523299,12.0854903560892,-52.2671201502648,-4.89199795439493,Post,-20.2102450392904,14.4041522594006,0,0
271,oop,IP,spend_per_vol_mean,sens,all_cohorts,2,-25.7806535718807,14.4690812798872,-54.1400528804596,2.57874573669828,Post,-20.2102450392904,14.4041522594006,0,0
271,oop,IP,spend_per_vol_mean,sens,all_cohorts,3,-10.4744097342958,20.9773924843325,-51.5900990035875,30.6412795349959,Post,-20.2102450392904,14.4041522594006,0,0
271,oop,IP,spend_per_vol_mean,sens,all_cohorts,4,-24.7725790932853,24.550644352423,-72.8918420240345,23.3466838374638,Post,-20.2102450392904,14.4041522594006,0,0
272,oop,IP,spend_per_vol_mean,sens,c2014,-3,-29.7607944185692,24.3493806065641,-77.4855804074349,17.9639915702965,Pre,-21.5087147546166,15.9881227445723,0,0.21661
272,oop,IP,spend_per_vol_mean,sens,c2014,-2,19.5914053496066,21.3982694683518,-22.349202808363,61.5320135075762,Pre,-21.5087147546166,15.9881227445723,0,0.21661
272,oop,IP,spend_per_vol_mean,sens,c2014,-1,10.53603044706,23.1867664720353,-34.9100318381291,55.9820927322491,Pre,-21.5087147546166,15.9881227445723,0,0.21661
272,oop,IP,spend_per_vol_mean,sens,c2014,0,-4.91151277014596,15.1839952881834,-34.6721435349854,24.8491179946935,Post,-21.5087147546166,15.9881227445723,0,0.21661
272,oop,IP,spend_per_vol_mean,sens,c2014,1,-29.477703577895,14.0328307882394,-56.9820519228443,-1.97335523294578,Post,-21.5087147546166,15.9881227445723,0,0.21661
272,oop,IP,spend_per_vol_mean,sens,c2014,2,-35.0141680303477,13.724096299121,-61.9133967766249,-8.11493928407041,Post,-21.5087147546166,15.9881227445723,0,0.21661
272,oop,IP,spend_per_vol_mean,sens,c2014,3,-13.3676103014089,22.7899914729292,-58.0359935883503,31.3007729855324,Post,-21.5087147546166,15.9881227445723,0,0.21661
272,oop,IP,spend_per_vol_mean,sens,c2014,4,-24.7725790932853,22.3880638616639,-68.6531842621466,19.1080260755759,Post,-21.5087147546166,15.9881227445723,0,0.21661
273,oop,IP,vol_per_capita_mean,main,all_cohorts,-6,-10.947640942643,2.05345839798318,-14.97241940269,-6.92286248259598,Pre,-9.35280298013608,6.21719124196274,0,0
273,oop,IP,vol_per_capita_mean,main,all_cohorts,-5,-0.238746030274921,6.26627797559534,-12.5206508624418,12.0431588018919,Pre,-9.35280298013608,6.21719124196274,0,0
273,oop,IP,vol_per_capita_mean,main,all_cohorts,-4,1.56401881055705,5.31323866534987,-8.84992897352868,11.9779665946428,Pre,-9.35280298013608,6.21719124196274,0,0
273,oop,IP,vol_per_capita_mean,main,all_cohorts,-3,2.2866046400274,5.06444524857627,-7.6397080471821,12.2129173272369,Pre,-9.35280298013608,6.21719124196274,0,0
273,oop,IP,vol_per_capita_mean,main,all_cohorts,-2,-3.22937226493427,2.63746564812097,-8.39880493525137,1.94006040538283,Pre,-9.35280298013608,6.21719124196274,0,0
273,oop,IP,vol_per_capita_mean,main,all_cohorts,-1,4.39461551580579,2.81196575604987,-1.11683736605195,9.90606839766354,Pre,-9.35280298013608,6.21719124196274,0,0
273,oop,IP,vol_per_capita_mean,main,all_cohorts,0,-2.80395634237162,4.07925805621399,-10.799302132551,5.19138944780779,Post,-9.35280298013608,6.21719124196274,0,0
273,oop,IP,vol_per_capita_mean,main,all_cohorts,1,-6.84769712866858,4.65026340805588,-15.9622134084581,2.26681915112095,Post,-9.35280298013608,6.21719124196274,0,0
273,oop,IP,vol_per_capita_mean,main,all_cohorts,2,-11.3906931454675,8.3564929042865,-27.769419237869,4.98803294693408,Post,-9.35280298013608,6.21719124196274,0,0
273,oop,IP,vol_per_capita_mean,main,all_cohorts,3,-15.0042424231836,9.43787861712346,-33.5024845127456,3.49399966637835,Post,-9.35280298013608,6.21719124196274,0,0
273,oop,IP,vol_per_capita_mean,main,all_cohorts,4,-12.0852661851288,10.7451600993258,-33.1457799798074,8.97524760954982,Post,-9.35280298013608,6.21719124196274,0,0
274,oop,IP,vol_per_capita_mean,main,c2014,-3,3.9479346164043,5.41307334153176,-6.66168913299794,14.5575583658065,Pre,-12.1483878040422,8.61831097744643,0,0.32091
274,oop,IP,vol_per_capita_mean,main,c2014,-2,-4.04349529134262,3.57489573129571,-11.0502909246822,2.96330034199698,Pre,-12.1483878040422,8.61831097744643,0,0.32091
274,oop,IP,vol_per_capita_mean,main,c2014,-1,6.2901887577016,4.09449258095354,-1.73501670096733,14.3153942163705,Pre,-12.1483878040422,8.61831097744643,0,0.32091
274,oop,IP,vol_per_capita_mean,main,c2014,0,-10.3638741620329,4.5931930895514,-19.3665326175536,-1.36121570651213,Post,-12.1483878040422,8.61831097744643,0,0.32091
274,oop,IP,vol_per_capita_mean,main,c2014,1,-9.89987229766119,9.24602915363769,-28.0220894387911,8.22234484346869,Post,-12.1483878040422,8.61831097744643,0,0.32091
274,oop,IP,vol_per_capita_mean,main,c2014,2,-12.7846014939281,9.67034747768873,-31.738482550198,6.1692795623418,Post,-12.1483878040422,8.61831097744643,0,0.32091
274,oop,IP,vol_per_capita_mean,main,c2014,3,-15.6083248814598,10.3540248194136,-35.9022135275105,4.68556376459086,Post,-12.1483878040422,8.61831097744643,0,0.32091
274,oop,IP,vol_per_capita_mean,main,c2014,4,-12.0852661851288,11.6059785721322,-34.8329841865079,10.6624518162503,Post,-12.1483878040422,8.61831097744643,0,0.32091
275,oop,IP,vol_per_capita_mean,sens,all_cohorts,-6,-12.2116685055386,1.87972413139654,-15.8959278030758,-8.52740920800137,Pre,-5.99754879130478,2.99166188824521,0,0
275,oop,IP,vol_per_capita_mean,sens,all_cohorts,-5,0.541648560835021,5.60401427248549,-10.4422194132365,11.5255165349066,Pre,-5.99754879130478,2.99166188824521,0,0
275,oop,IP,vol_per_capita_mean,sens,all_cohorts,-4,2.95921578940466,4.71797983919396,-6.28802469541551,12.2064562742248,Pre,-5.99754879130478,2.99166188824521,0,0
275,oop,IP,vol_per_capita_mean,sens,all_cohorts,-3,1.84406514548401,2.51603297435163,-3.08735948424518,6.7754897752132,Pre,-5.99754879130478,2.99166188824521,0,0
275,oop,IP,vol_per_capita_mean,sens,all_cohorts,-2,-1.16989890104658,2.08136648688793,-5.24937721534693,2.90957941325376,Pre,-5.99754879130478,2.99166188824521,0,0
275,oop,IP,vol_per_capita_mean,sens,all_cohorts,-1,2.0897318264625,2.73098720218621,-3.26300308982248,7.44246674274748,Pre,-5.99754879130478,2.99166188824521,0,0
275,oop,IP,vol_per_capita_mean,sens,all_cohorts,0,-2.69502688563312,2.99213834741108,-8.55961804655885,3.1695642752926,Post,-5.99754879130478,2.99166188824521,0,0
275,oop,IP,vol_per_capita_mean,sens,all_cohorts,1,-3.97336030599918,2.74727162563763,-9.35801269224894,1.41129208025059,Post,-5.99754879130478,2.99166188824521,0,0
275,oop,IP,vol_per_capita_mean,sens,all_cohorts,2,-4.6054013354483,2.89769473688877,-10.2848830197503,1.07408034885369,Post,-5.99754879130478,2.99166188824521,0,0
275,oop,IP,vol_per_capita_mean,sens,all_cohorts,3,-9.58815510903971,4.50929532360804,-18.4263739433115,-0.749936274767956,Post,-5.99754879130478,2.99166188824521,0,0
275,oop,IP,vol_per_capita_mean,sens,all_cohorts,4,-10.5205218611545,6.29251146541234,-22.8538443333627,1.81280061105365,Post,-5.99754879130478,2.99166188824521,0,0
276,oop,IP,vol_per_capita_mean,sens,c2014,-3,0.817506243304001,2.84346297035735,-4.75568117859641,6.39069366520441,Pre,-7.56330310233416,3.37966557334983,0,0.31387
276,oop,IP,vol_per_capita_mean,sens,c2014,-2,-0.386047244850435,2.475370026048,-5.23777249590452,4.46567800620365,Pre,-7.56330310233416,3.37966557334983,0,0.31387
276,oop,IP,vol_per_capita_mean,sens,c2014,-1,5.39284274036182,3.00027847857246,-0.487703077640197,11.2733885583638,Pre,-7.56330310233416,3.37966557334983,0,0.31387
276,oop,IP,vol_per_capita_mean,sens,c2014,0,-6.31193741472165,2.16931359031409,-10.5637920517373,-2.06008277770604,Post,-7.56330310233416,3.37966557334983,0,0.31387
276,oop,IP,vol_per_capita_mean,sens,c2014,1,-6.47963158091876,3.23651556393283,-12.8232020862271,-0.136061075610423,Post,-7.56330310233416,3.37966557334983,0,0.31387
276,oop,IP,vol_per_capita_mean,sens,c2014,2,-3.88203661704064,3.34344414541834,-10.4351871420606,2.6711139079793,Post,-7.56330310233416,3.37966557334983,0,0.31387
276,oop,IP,vol_per_capita_mean,sens,c2014,3,-10.6223880378352,5.10225016021273,-20.6227983518522,-0.621977723818267,Post,-7.56330310233416,3.37966557334983,0,0.31387
276,oop,IP,vol_per_capita_mean,sens,c2014,4,-10.5205218611545,6.51948816311842,-23.2987186608667,2.25767493855757,Post,-7.56330310233416,3.37966557334983,0,0.31387
277,oop,NF,spend_per_capita_mean,main,all_cohorts,-6,5.86318286547364,5.38675554407891,-4.69485800092102,16.4212237318683,Pre,5.1147261637544,8.0640477613565,0,0
277,oop,NF,spend_per_capita_mean,main,all_cohorts,-5,20.8791065293569,32.3285881959156,-42.4849263346377,84.2431393933516,Pre,5.1147261637544,8.0640477613565,0,0
277,oop,NF,spend_per_capita_mean,main,all_cohorts,-4,-0.480612310418411,5.76738663900132,-11.784690122861,10.8234655020242,Pre,5.1147261637544,8.0640477613565,0,0
277,oop,NF,spend_per_capita_mean,main,all_cohorts,-3,-12.4944765469313,8.48601886475413,-29.1270735218494,4.1381204279868,Pre,5.1147261637544,8.0640477613565,0,0
277,oop,NF,spend_per_capita_mean,main,all_cohorts,-2,-8.5698573307562,4.67910104363012,-17.7408953762712,0.601180714758844,Pre,5.1147261637544,8.0640477613565,0,0
277,oop,NF,spend_per_capita_mean,main,all_cohorts,-1,2.27905664668339,4.14929123124136,-5.85355416654967,10.4116674599165,Pre,5.1147261637544,8.0640477613565,0,0
277,oop,NF,spend_per_capita_mean,main,all_cohorts,0,4.55277160888759,5.2801798965355,-5.796380988322,14.9019242060972,Post,5.1147261637544,8.0640477613565,0,0
277,oop,NF,spend_per_capita_mean,main,all_cohorts,1,3.81697232260423,11.7733637285065,-19.2588205852686,26.892765230477,Post,5.1147261637544,8.0640477613565,0,0
277,oop,NF,spend_per_capita_mean,main,all_cohorts,2,8.63480730380931,11.4395416803955,-13.7866943897658,31.0563089973845,Post,5.1147261637544,8.0640477613565,0,0
277,oop,NF,spend_per_capita_mean,main,all_cohorts,3,6.82759668967436,8.86195599371607,-10.5418370580091,24.1970304373579,Post,5.1147261637544,8.0640477613565,0,0
277,oop,NF,spend_per_capita_mean,main,all_cohorts,4,1.21183730795771,8.74169311385048,-15.9218811951892,18.3455558111047,Post,5.1147261637544,8.0640477613565,0,0
278,oop,NF,spend_per_capita_mean,main,c2014,-3,-11.3078808563489,4.72121790016019,-20.5614679406629,-2.05429377203495,Pre,3.20731210317782,8.5944226730302,0,0.00817
278,oop,NF,spend_per_capita_mean,main,c2014,-2,-8.41237366385939,8.86002604320122,-25.7780247085338,8.95327738081501,Pre,3.20731210317782,8.5944226730302,0,0.00817
278,oop,NF,spend_per_capita_mean,main,c2014,-1,17.5818596434267,6.2062057280306,5.41769641648672,29.7460228703667,Pre,3.20731210317782,8.5944226730302,0,0.00817
278,oop,NF,spend_per_capita_mean,main,c2014,0,2.08427203384522,6.88927250492793,-11.4187020758135,15.5872461435039,Post,3.20731210317782,8.5944226730302,0,0.00817
278,oop,NF,spend_per_capita_mean,main,c2014,1,0.278139999670228,8.70619136833358,-16.7859950822636,17.342275081604,Post,3.20731210317782,8.5944226730302,0,0.00817
278,oop,NF,spend_per_capita_mean,main,c2014,2,8.15952869549841,12.8719932335504,-17.0695780422604,33.3886354332572,Post,3.20731210317782,8.5944226730302,0,0.00817
278,oop,NF,spend_per_capita_mean,main,c2014,3,4.30278247891756,9.75331427115346,-14.8137134925432,23.4192784503784,Post,3.20731210317782,8.5944226730302,0,0.00817
278,oop,NF,spend_per_capita_mean,main,c2014,4,1.21183730795771,8.93246773588395,-16.2957994543748,18.7194740702902,Post,3.20731210317782,8.5944226730302,0,0.00817
279,oop,NF,spend_per_capita_mean,sens,all_cohorts,-6,2.1647402021954,2.6990558006688,-3.12540916711545,7.45488957150626,Pre,20.9966558886851,8.20318582000182,0,0
279,oop,NF,spend_per_capita_mean,sens,all_cohorts,-5,24.7987068862741,34.5333143334619,-42.8865892073111,92.4840029798593,Pre,20.9966558886851,8.20318582000182,0,0
279,oop,NF,spend_per_capita_mean,sens,all_cohorts,-4,-1.59895971153929,5.2338423525673,-11.8572907225712,8.65937129949262,Pre,20.9966558886851,8.20318582000182,0,0
279,oop,NF,spend_per_capita_mean,sens,all_cohorts,-3,-10.1990523236899,6.19610214180245,-22.3434125216227,1.94530787424291,Pre,20.9966558886851,8.20318582000182,0,0
279,oop,NF,spend_per_capita_mean,sens,all_cohorts,-2,-0.393848087210093,2.87548842252714,-6.02980539536328,5.2421092209431,Pre,20.9966558886851,8.20318582000182,0,0
279,oop,NF,spend_per_capita_mean,sens,all_cohorts,-1,3.4698426944002,3.83939527152756,-4.05537203779382,10.9950574265942,Pre,20.9966558886851,8.20318582000182,0,0
279,oop,NF,spend_per_capita_mean,sens,all_cohorts,0,9.65372380414488,3.63273196691283,2.53356914899574,16.773878459294,Post,20.9966558886851,8.20318582000182,0,0
279,oop,NF,spend_per_capita_mean,sens,all_cohorts,1,17.6141985779746,7.03184712590671,3.83177821119747,31.3966189447518,Post,20.9966558886851,8.20318582000182,0,0
279,oop,NF,spend_per_capita_mean,sens,all_cohorts,2,22.4221273224,9.8202565319103,3.17442451985577,41.6698301249442,Post,20.9966558886851,8.20318582000182,0,0
279,oop,NF,spend_per_capita_mean,sens,all_cohorts,3,31.6060198009238,11.6578136493076,8.75670504828082,54.4553345535667,Post,20.9966558886851,8.20318582000182,0,0
279,oop,NF,spend_per_capita_mean,sens,all_cohorts,4,26.1950821550921,11.2785497986219,4.08912454979322,48.301039760391,Post,20.9966558886851,8.20318582000182,0,0
280,oop,NF,spend_per_capita_mean,sens,c2014,-3,-7.33831067179115,3.84831733374159,-14.8810126459247,0.204391302342366,Pre,20.9023056581691,9.28718535195999,0,0.01227
280,oop,NF,spend_per_capita_mean,sens,c2014,-2,3.15838864546568,3.92576924650939,-4.53611907769273,10.8528963686241,Pre,20.9023056581691,9.28718535195999,0,0.01227
280,oop,NF,spend_per_capita_mean,sens,c2014,-1,9.63328550609815,5.13031971628324,-0.422141137817007,19.6887121500133,Pre,20.9023056581691,9.28718535195999,0,0.01227
280,oop,NF,spend_per_capita_mean,sens,c2014,0,7.01861635104837,4.57947967488796,-1.95716381173202,15.9943965138288,Post,20.9023056581691,9.28718535195999,0,0.01227
280,oop,NF,spend_per_capita_mean,sens,c2014,1,16.7331921538932,7.76208498217321,1.51950558883374,31.9468787189527,Post,20.9023056581691,9.28718535195999,0,0.01227
280,oop,NF,spend_per_capita_mean,sens,c2014,2,24.1189301266399,10.7807772187669,2.98860677785689,45.249253475423,Post,20.9023056581691,9.28718535195999,0,0.01227
280,oop,NF,spend_per_capita_mean,sens,c2014,3,30.445707504172,11.9259871428918,7.07077270410404,53.8206423042401,Post,20.9023056581691,9.28718535195999,0,0.01227
280,oop,NF,spend_per_capita_mean,sens,c2014,4,26.1950821550921,10.8651141870106,4.89945834855128,47.490705961633,Post,20.9023056581691,9.28718535195999,0,0.01227
281,oop,NF,spend_per_vol_mean,main,all_cohorts,-6,11.3205032152749,4.34268155749332,2.80884736258795,19.8321590679618,Pre,-24.7262099180418,10.9473372029967,0,0
281,oop,NF,spend_per_vol_mean,main,all_cohorts,-5,1.50228488751106,7.69383006983734,-13.5776220493701,16.5821918243922,Pre,-24.7262099180418,10.9473372029967,0,0
281,oop,NF,spend_per_vol_mean,main,all_cohorts,-4,-11.3221692004011,11.24880627187,-33.3698294932663,10.7254910924642,Pre,-24.7262099180418,10.9473372029967,0,0
281,oop,NF,spend_per_vol_mean,main,all_cohorts,-3,-10.5017647104661,6.49683839409454,-23.2355679628914,2.23203854195917,Pre,-24.7262099180418,10.9473372029967,0,0
281,oop,NF,spend_per_vol_mean,main,all_cohorts,-2,-1.26721779227412,4.77082235377641,-10.6180296056759,8.08359402112763,Pre,-24.7262099180418,10.9473372029967,0,0
281,oop,NF,spend_per_vol_mean,main,all_cohorts,-1,-6.04699963135366,7.79754586986968,-21.3301895362982,9.23619027359091,Pre,-24.7262099180418,10.9473372029967,0,0
281,oop,NF,spend_per_vol_mean,main,all_cohorts,0,-23.4413689598614,7.72942912163898,-38.5910500382738,-8.29168788144902,Post,-24.7262099180418,10.9473372029967,0,0
281,oop,NF,spend_per_vol_mean,main,all_cohorts,1,-35.7037701734398,12.9737674779776,-61.1323544302759,-10.2751859166038,Post,-24.7262099180418,10.9473372029967,0,0
281,oop,NF,spend_per_vol_mean,main,all_cohorts,2,-24.683145189491,13.5920180428673,-51.3235005535109,1.9572101745289,Post,-24.7262099180418,10.9473372029967,0,0
281,oop,NF,spend_per_vol_mean,main,all_cohorts,3,-24.1013009579273,13.7480173269805,-51.047414918809,2.84481300295446,Post,-24.7262099180418,10.9473372029967,0,0
281,oop,NF,spend_per_vol_mean,main,all_cohorts,4,-13.0728275163347,15.6464438982551,-43.7398575569146,17.5942025242452,Post,-24.7262099180418,10.9473372029967,0,0
282,oop,NF,spend_per_vol_mean,main,c2014,-3,-17.9890392417368,8.48539183621092,-34.6204072407102,-1.35767124276342,Pre,-20.229471288646,12.275826812643,0,0.1349
282,oop,NF,spend_per_vol_mean,main,c2014,-2,5.2105274667102,4.88249557676639,-4.35916386375193,14.7802187971723,Pre,-20.229471288646,12.275826812643,0,0.1349
282,oop,NF,spend_per_vol_mean,main,c2014,-1,-13.21224895599,13.484916939991,-39.6426861583725,13.2181882463924,Pre,-20.229471288646,12.275826812643,0,0.1349
282,oop,NF,spend_per_vol_mean,main,c2014,0,-15.1124670390995,12.639820416823,-39.8865150560726,9.66158097787354,Post,-20.229471288646,12.275826812643,0,0.1349
282,oop,NF,spend_per_vol_mean,main,c2014,1,-30.1663552296729,13.3310761049066,-56.2952643952899,-4.03744606405587,Post,-20.229471288646,12.275826812643,0,0.1349
282,oop,NF,spend_per_vol_mean,main,c2014,2,-18.8385321577798,14.6320998329739,-47.5174478304087,9.84038351484903,Post,-20.229471288646,12.275826812643,0,0.1349
282,oop,NF,spend_per_vol_mean,main,c2014,3,-23.9571745003433,15.2364097085189,-53.8205375290403,5.90618852835382,Post,-20.229471288646,12.275826812643,0,0.1349
282,oop,NF,spend_per_vol_mean,main,c2014,4,-13.0728275163347,17.6691907532564,-47.7044413927173,21.5587863600479,Post,-20.229471288646,12.275826812643,0,0.1349
283,oop,NF,spend_per_vol_mean,sens,all_cohorts,-6,12.0825913218417,3.07968095506326,6.04641664991773,18.1187659937657,Pre,-48.7457497761341,9.75130918720233,0,0
283,oop,NF,spend_per_vol_mean,sens,all_cohorts,-5,-5.07903091149013,3.71020650847964,-12.3510356681102,2.19297384512997,Pre,-48.7457497761341,9.75130918720233,0,0
283,oop,NF,spend_per_vol_mean,sens,all_cohorts,-4,-9.74483613595508,11.4981083734902,-32.2811285479959,12.7914562760858,Pre,-48.7457497761341,9.75130918720233,0,0
283,oop,NF,spend_per_vol_mean,sens,all_cohorts,-3,-4.79003102084329,5.10834224868687,-14.8023818282695,5.22231978658297,Pre,-48.7457497761341,9.75130918720233,0,0
283,oop,NF,spend_per_vol_mean,sens,all_cohorts,-2,-3.44549649156618,4.15269687637438,-11.58478236926,4.69378938612761,Pre,-48.7457497761341,9.75130918720233,0,0
283,oop,NF,spend_per_vol_mean,sens,all_cohorts,-1,-5.46192461370965,5.31209354895938,-15.87362796967,4.94977874225074,Pre,-48.7457497761341,9.75130918720233,0,0
283,oop,NF,spend_per_vol_mean,sens,all_cohorts,0,-27.2055668517145,7.21924771227765,-41.3552923677787,-13.0558413356503,Post,-48.7457497761341,9.75130918720233,0,0
283,oop,NF,spend_per_vol_mean,sens,all_cohorts,1,-50.4601963687901,9.97764731143469,-70.0163850992021,-30.9040076383781,Post,-48.7457497761341,9.75130918720233,0,0
283,oop,NF,spend_per_vol_mean,sens,all_cohorts,2,-56.4833450075113,12.4238536809926,-80.8340982222569,-32.1325917927658,Post,-48.7457497761341,9.75130918720233,0,0
283,oop,NF,spend_per_vol_mean,sens,all_cohorts,3,-55.2744354217242,11.3361481063467,-77.4932857101639,-33.0555851332846,Post,-48.7457497761341,9.75130918720233,0,0
283,oop,NF,spend_per_vol_mean,sens,all_cohorts,4,-57.2159462708229,16.0372789651737,-88.6490130425634,-25.7828794990823,Post,-48.7457497761341,9.75130918720233,0,0
284,oop,NF,spend_per_vol_mean,sens,c2014,-3,-6.45450905756351,6.67553027047492,-19.5385483876943,6.62953027256732,Pre,-49.7210933282899,11.6638782247918,0,0.18432
284,oop,NF,spend_per_vol_mean,sens,c2014,-2,-5.85952471693391,6.77545696213991,-19.1394203627281,7.4203709288603,Pre,-49.7210933282899,11.6638782247918,0,0.18432
284,oop,NF,spend_per_vol_mean,sens,c2014,-1,-11.8245031781506,8.13424828568442,-27.767629818092,4.11862346179089,Pre,-49.7210933282899,11.6638782247918,0,0.18432
284,oop,NF,spend_per_vol_mean,sens,c2014,0,-24.7348435128675,9.6910708835601,-43.7293424446453,-5.74034458108973,Post,-49.7210933282899,11.6638782247918,0,0.18432
284,oop,NF,spend_per_vol_mean,sens,c2014,1,-52.5785750825063,13.2614924715846,-78.5711003268121,-26.5860498382006,Post,-49.7210933282899,11.6638782247918,0,0.18432
284,oop,NF,spend_per_vol_mean,sens,c2014,2,-57.4160091538917,14.1906555939548,-85.2296941180431,-29.6023241897403,Post,-49.7210933282899,11.6638782247918,0,0.18432
284,oop,NF,spend_per_vol_mean,sens,c2014,3,-56.6600926213613,12.277054701187,-80.7231198356879,-32.5970654070347,Post,-49.7210933282899,11.6638782247918,0,0.18432
284,oop,NF,spend_per_vol_mean,sens,c2014,4,-57.2159462708229,15.4539867495226,-87.5057602998871,-26.9261322417586,Post,-49.7210933282899,11.6638782247918,0,0.18432
285,oop,NF,vol_per_capita_mean,main,all_cohorts,-6,0.152188693797481,5.70878757551246,-11.0370349542069,11.3414123418019,Pre,12.3898896878686,8.52915905016005,0,0
285,oop,NF,vol_per_capita_mean,main,all_cohorts,-5,27.9355260221166,37.8835360900337,-46.3162047143495,102.187256758583,Pre,12.3898896878686,8.52915905016005,0,0
285,oop,NF,vol_per_capita_mean,main,all_cohorts,-4,10.5659480963729,5.65249556195041,-0.512943205049854,21.6448393977958,Pre,12.3898896878686,8.52915905016005,0,0
285,oop,NF,vol_per_capita_mean,main,all_cohorts,-3,-13.1224862183173,10.8027414306985,-34.2958594224863,8.05088698585181,Pre,12.3898896878686,8.52915905016005,0,0
285,oop,NF,vol_per_capita_mean,main,all_cohorts,-2,-9.79549676312431,4.8365718597364,-19.2751776082077,-0.315815918040974,Pre,12.3898896878686,8.52915905016005,0,0
285,oop,NF,vol_per_capita_mean,main,all_cohorts,-1,-1.33907814641132,7.3535162332988,-15.751969963677,13.0738136708543,Pre,12.3898896878686,8.52915905016005,0,0
285,oop,NF,vol_per_capita_mean,main,all_cohorts,0,6.06704849646557,6.05948120085794,-5.809534657216,17.9436316501471,Post,12.3898896878686,8.52915905016005,0,0
285,oop,NF,vol_per_capita_mean,main,all_cohorts,1,14.4871597843291,14.0770257264326,-13.1038106394788,42.0781302081371,Post,12.3898896878686,8.52915905016005,0,0
285,oop,NF,vol_per_capita_mean,main,all_cohorts,2,16.7204677306029,9.74281405513257,-2.37544781745692,35.8163832786627,Post,12.3898896878686,8.52915905016005,0,0
285,oop,NF,vol_per_capita_mean,main,all_cohorts,3,16.5652781780115,11.4386176928604,-5.85441249999493,38.9849688560179,Post,12.3898896878686,8.52915905016005,0,0
285,oop,NF,vol_per_capita_mean,main,all_cohorts,4,7.75226880744423,11.5176672455085,-14.8223589937524,30.3268966086409,Post,12.3898896878686,8.52915905016005,0,0
286,oop,NF,vol_per_capita_mean,main,c2014,-3,-5.72862824155793,6.36188792468391,-18.1979285739384,6.74067209082253,Pre,9.09618280881864,7.96332931926335,0,0.23266
286,oop,NF,vol_per_capita_mean,main,c2014,-2,-13.0883023547095,9.88987133549126,-32.4724501722724,6.29584546285333,Pre,9.09618280881864,7.96332931926335,0,0.23266
286,oop,NF,vol_per_capita_mean,main,c2014,-1,18.7994309569567,10.4863383279125,-1.75379216575182,39.3526540796652,Pre,9.09618280881864,7.96332931926335,0,0.23266
286,oop,NF,vol_per_capita_mean,main,c2014,0,-1.28261922001234,7.23949094061054,-15.472021463609,12.9067830235843,Post,9.09618280881864,7.96332931926335,0,0.23266
286,oop,NF,vol_per_capita_mean,main,c2014,1,7.72150690654231,8.88392360264674,-9.6909833546453,25.1339971677299,Post,9.09618280881864,7.96332931926335,0,0.23266
286,oop,NF,vol_per_capita_mean,main,c2014,2,16.0715570966005,11.1833435391365,-5.84779624010714,37.9909104333081,Post,9.09618280881864,7.96332931926335,0,0.23266
286,oop,NF,vol_per_capita_mean,main,c2014,3,15.2182004535185,10.8904100445522,-6.1270032338038,36.5634041408408,Post,9.09618280881864,7.96332931926335,0,0.23266
286,oop,NF,vol_per_capita_mean,main,c2014,4,7.75226880744423,10.3122294923485,-12.4597009975589,27.9642386124474,Post,9.09618280881864,7.96332931926335,0,0.23266
287,oop,NF,vol_per_capita_mean,sens,all_cohorts,-6,-2.99775208045207,3.47885539577428,-9.81630865616966,3.82080449526552,Pre,30.0792254230946,7.99910887773166,0,0
287,oop,NF,vol_per_capita_mean,sens,all_cohorts,-5,34.6369185279193,38.4207453836818,-40.667742424097,109.941579479936,Pre,30.0792254230946,7.99910887773166,0,0
287,oop,NF,vol_per_capita_mean,sens,all_cohorts,-4,8.55899063248188,5.82909949261785,-2.86604437304911,19.9840256380129,Pre,30.0792254230946,7.99910887773166,0,0
287,oop,NF,vol_per_capita_mean,sens,all_cohorts,-3,-12.0578297566907,7.13313629027073,-26.0387768856213,1.92311737223996,Pre,30.0792254230946,7.99910887773166,0,0
287,oop,NF,vol_per_capita_mean,sens,all_cohorts,-2,0.138416879173452,3.72133954318987,-7.15540862547868,7.43224238382559,Pre,30.0792254230946,7.99910887773166,0,0
287,oop,NF,vol_per_capita_mean,sens,all_cohorts,-1,2.38035675179095,5.68968048852196,-8.77141700571208,13.532130509294,Pre,30.0792254230946,7.99910887773166,0,0
287,oop,NF,vol_per_capita_mean,sens,all_cohorts,0,11.8886409695056,4.40733382474488,3.25026667300567,20.5270152660056,Post,30.0792254230946,7.99910887773166,0,0
287,oop,NF,vol_per_capita_mean,sens,all_cohorts,1,29.7563714529543,7.49879302380816,15.0587371262903,44.4540057796183,Post,30.0792254230946,7.99910887773166,0,0
287,oop,NF,vol_per_capita_mean,sens,all_cohorts,2,34.1018553165558,9.70131725464222,15.0872734974571,53.1164371356546,Post,30.0792254230946,7.99910887773166,0,0
287,oop,NF,vol_per_capita_mean,sens,all_cohorts,3,42.4018164040736,10.9493296722072,20.9411302465475,63.8625025615997,Post,30.0792254230946,7.99910887773166,0,0
287,oop,NF,vol_per_capita_mean,sens,all_cohorts,4,34.9870636388797,11.0296511500283,13.3689473848242,56.6051798929353,Post,30.0792254230946,7.99910887773166,0,0
288,oop,NF,vol_per_capita_mean,sens,c2014,-3,-5.69475704742326,4.5963905381869,-14.7036825022696,3.31416840742306,Pre,29.1922992448368,8.64795614293507,0,0.10406
288,oop,NF,vol_per_capita_mean,sens,c2014,-2,2.8685362103811,5.46940304620906,-7.85149376018865,13.5885661809508,Pre,29.1922992448368,8.64795614293507,0,0.10406
288,oop,NF,vol_per_capita_mean,sens,c2014,-1,10.9836521047784,6.1293159118693,-1.02980708248543,22.9971112920422,Pre,29.1922992448368,8.64795614293507,0,0.10406
288,oop,NF,vol_per_capita_mean,sens,c2014,0,6.06043671312713,5.4645039749263,-4.64999107772841,16.7708645039827,Post,29.1922992448368,8.64795614293507,0,0.10406
288,oop,NF,vol_per_capita_mean,sens,c2014,1,25.9035586320115,6.82805926272846,12.5205624770638,39.2865547869593,Post,29.1922992448368,8.64795614293507,0,0.10406
288,oop,NF,vol_per_capita_mean,sens,c2014,2,36.7419078931546,11.0275533371621,15.1279033523169,58.3559124339923,Post,29.1922992448368,8.64795614293507,0,0.10406
288,oop,NF,vol_per_capita_mean,sens,c2014,3,42.268529347011,11.4187646098,19.8877507118031,64.6493079822189,Post,29.1922992448368,8.64795614293507,0,0.10406
288,oop,NF,vol_per_capita_mean,sens,c2014,4,34.9870636388797,10.8940232798052,13.6347780104615,56.339349267298,Post,29.1922992448368,8.64795614293507,0,0.10406
289,oop,RX,spend_per_capita_mean,main,all_cohorts,-6,-28.0147689208315,3.8618177525245,-35.5839317157795,-20.4456061258835,Pre,-14.5924974793731,19.9676943756131,0,0
289,oop,RX,spend_per_capita_mean,main,all_cohorts,-5,-10.4592135704099,14.0446687792623,-37.986764377764,17.0683372369442,Pre,-14.5924974793731,19.9676943756131,0,0
289,oop,RX,spend_per_capita_mean,main,all_cohorts,-4,1.87974250679907,9.88641069278613,-17.4976224510618,21.2571074646599,Pre,-14.5924974793731,19.9676943756131,0,0
289,oop,RX,spend_per_capita_mean,main,all_cohorts,-3,-4.72379650149023,8.54452922334785,-21.471073779252,12.0234807762716,Pre,-14.5924974793731,19.9676943756131,0,0
289,oop,RX,spend_per_capita_mean,main,all_cohorts,-2,-6.33306235217994,9.21439766061055,-24.3932817669766,11.7271570626167,Pre,-14.5924974793731,19.9676943756131,0,0
289,oop,RX,spend_per_capita_mean,main,all_cohorts,-1,4.56079707916995,5.67449987835457,-6.56122268240502,15.6828168407449,Pre,-14.5924974793731,19.9676943756131,0,0
289,oop,RX,spend_per_capita_mean,main,all_cohorts,0,-12.7857585014935,7.01920104245441,-26.5433925447042,0.971875541717127,Post,-14.5924974793731,19.9676943756131,0,0
289,oop,RX,spend_per_capita_mean,main,all_cohorts,1,-15.1931131267701,18.3682885708997,-51.1949587257335,20.8087324721933,Post,-14.5924974793731,19.9676943756131,0,0
289,oop,RX,spend_per_capita_mean,main,all_cohorts,2,-16.6275673252821,19.8665655432815,-55.5660357901139,22.3109011395497,Post,-14.5924974793731,19.9676943756131,0,0
289,oop,RX,spend_per_capita_mean,main,all_cohorts,3,-21.5512397042986,30.4268467357656,-81.1878593063993,38.085379897802,Post,-14.5924974793731,19.9676943756131,0,0
289,oop,RX,spend_per_capita_mean,main,all_cohorts,4,-5.81905744154694,35.7793060406432,-75.9464972812075,64.3083823981136,Post,-14.5924974793731,19.9676943756131,0,0
290,oop,RX,spend_per_capita_mean,main,c2014,-3,-12.3192708899161,14.1041541329849,-39.9634129905665,15.3248712107342,Pre,-15.5903709846544,24.1082472049391,0,0.0491
290,oop,RX,spend_per_capita_mean,main,c2014,-2,-2.40703124782744,8.00197051312128,-18.0908934535451,13.2768309578903,Pre,-15.5903709846544,24.1082472049391,0,0.0491
290,oop,RX,spend_per_capita_mean,main,c2014,-1,14.360045026847,8.8976607631648,-3.079370068956,31.79946012265,Pre,-15.5903709846544,24.1082472049391,0,0.0491
290,oop,RX,spend_per_capita_mean,main,c2014,0,-12.4191575540589,9.24967118302582,-30.5485130727895,5.71019796467173,Post,-15.5903709846544,24.1082472049391,0,0.0491
290,oop,RX,spend_per_capita_mean,main,c2014,1,-16.1785406787402,20.10585735884,-55.5860211020667,23.2289397445862,Post,-15.5903709846544,24.1082472049391,0,0.0491
290,oop,RX,spend_per_capita_mean,main,c2014,2,-19.577935014646,22.7632498209584,-64.1939046637246,25.0380346344325,Post,-15.5903709846544,24.1082472049391,0,0.0491
290,oop,RX,spend_per_capita_mean,main,c2014,3,-23.9571642342799,32.5949674737013,-87.8433004827344,39.9289720141746,Post,-15.5903709846544,24.1082472049391,0,0.0491
290,oop,RX,spend_per_capita_mean,main,c2014,4,-5.81905744154694,33.7198254425102,-71.9099153088669,60.271800425773,Post,-15.5903709846544,24.1082472049391,0,0.0491
291,oop,RX,spend_per_capita_mean,sens,all_cohorts,-6,-24.4824256705227,4.12568825574388,-32.5687746517807,-16.3960766892646,Pre,-3.52329944577252,9.28883810780643,0,0
291,oop,RX,spend_per_capita_mean,sens,all_cohorts,-5,-11.0307696119602,16.447879076855,-43.2686126025959,21.2070733786756,Pre,-3.52329944577252,9.28883810780643,0,0
291,oop,RX,spend_per_capita_mean,sens,all_cohorts,-4,1.90517833806432,10.6433923197927,-18.9558706087293,22.7662272848579,Pre,-3.52329944577252,9.28883810780643,0,0
291,oop,RX,spend_per_capita_mean,sens,all_cohorts,-3,-3.68523501165395,4.89481021143903,-13.2790630260744,5.90859300276654,Pre,-3.52329944577252,9.28883810780643,0,0
291,oop,RX,spend_per_capita_mean,sens,all_cohorts,-2,-2.01036695936966,6.2480952973694,-14.2566337422137,10.2358998234744,Pre,-3.52329944577252,9.28883810780643,0,0
291,oop,RX,spend_per_capita_mean,sens,all_cohorts,-1,6.3007717461822,5.0454143710105,-3.58824042099839,16.1897839133628,Pre,-3.52329944577252,9.28883810780643,0,0
291,oop,RX,spend_per_capita_mean,sens,all_cohorts,0,-9.05284817505167,4.43675988700324,-17.748897553578,-0.356798796525307,Post,-3.52329944577252,9.28883810780643,0,0
291,oop,RX,spend_per_capita_mean,sens,all_cohorts,1,-8.53696759093888,7.98775276724659,-24.1929630147422,7.11902783286443,Post,-3.52329944577252,9.28883810780643,0,0
291,oop,RX,spend_per_capita_mean,sens,all_cohorts,2,-0.472848205891174,8.81794992078275,-17.7560300506254,16.810333638843,Post,-3.52329944577252,9.28883810780643,0,0
291,oop,RX,spend_per_capita_mean,sens,all_cohorts,3,-0.588130854420221,14.3810384547285,-28.7749662256882,27.5987045168477,Post,-3.52329944577252,9.28883810780643,0,0
291,oop,RX,spend_per_capita_mean,sens,all_cohorts,4,2.90206979375029,18.6265616466308,-33.6059910336462,39.4101306211467,Post,-3.52329944577252,9.28883810780643,0,0
292,oop,RX,spend_per_capita_mean,sens,c2014,-3,-10.0918232193749,5.73697114596363,-21.3362866654636,1.1526402267138,Pre,-1.61960945522177,9.64964496977051,0,0.00819
292,oop,RX,spend_per_capita_mean,sens,c2014,-2,6.73383201422851,5.47044608076938,-3.98824230407947,17.4559063325365,Pre,-1.61960945522177,9.64964496977051,0,0.00819
292,oop,RX,spend_per_capita_mean,sens,c2014,-1,12.7420686083714,7.84891938090133,-2.64181337819516,28.1259505949381,Pre,-1.61960945522177,9.64964496977051,0,0.00819
292,oop,RX,spend_per_capita_mean,sens,c2014,0,-5.4938516276434,4.72557307789251,-14.7559748603127,3.76827160502592,Post,-1.61960945522177,9.64964496977051,0,0.00819
292,oop,RX,spend_per_capita_mean,sens,c2014,1,-4.93207218830121,9.02725986639013,-22.6255015264259,12.7613571498234,Post,-1.61960945522177,9.64964496977051,0,0.00819
292,oop,RX,spend_per_capita_mean,sens,c2014,2,0.575494784044006,10.5215804755793,-20.0468029480914,21.1977925161794,Post,-1.61960945522177,9.64964496977051,0,0.00819
292,oop,RX,spend_per_capita_mean,sens,c2014,3,-1.14968803795852,15.3865816086807,-31.3073879909727,29.0080119150557,Post,-1.61960945522177,9.64964496977051,0,0.00819
292,oop,RX,spend_per_capita_mean,sens,c2014,4,2.90206979375029,19.4031535048188,-35.1281110756946,40.9322506631952,Post,-1.61960945522177,9.64964496977051,0,0.00819
293,oop,RX,spend_per_vol_mean,main,all_cohorts,-6,0.295292485375127,0.0774503261255014,0.143489846169144,0.44709512458111,Pre,-0.315860079457266,0.205982368054308,0,0
293,oop,RX,spend_per_vol_mean,main,all_cohorts,-5,-0.277122767888109,0.13687340133576,-0.545394634506198,-0.00885090127002042,Pre,-0.315860079457266,0.205982368054308,0,0
293,oop,RX,spend_per_vol_mean,main,all_cohorts,-4,0.28061637843046,0.189168441283786,-0.0901537664857607,0.65138652334668,Pre,-0.315860079457266,0.205982368054308,0,0
293,oop,RX,spend_per_vol_mean,main,all_cohorts,-3,-0.251897920354452,0.126986091861874,-0.500790660403725,-0.00300518030517902,Pre,-0.315860079457266,0.205982368054308,0,0
293,oop,RX,spend_per_vol_mean,main,all_cohorts,-2,-0.223466694733838,0.123455280819735,-0.465439045140519,0.018505655672843,Pre,-0.315860079457266,0.205982368054308,0,0
293,oop,RX,spend_per_vol_mean,main,all_cohorts,-1,-0.029894956540886,0.0947975637355752,-0.215698181462613,0.155908268380841,Pre,-0.315860079457266,0.205982368054308,0,0
293,oop,RX,spend_per_vol_mean,main,all_cohorts,0,-0.169777833520251,0.157991048335013,-0.479440288256876,0.139884621216375,Post,-0.315860079457266,0.205982368054308,0,0
293,oop,RX,spend_per_vol_mean,main,all_cohorts,1,-0.57716929490385,0.183675531632929,-0.93717333690439,-0.217165252903309,Post,-0.315860079457266,0.205982368054308,0,0
293,oop,RX,spend_per_vol_mean,main,all_cohorts,2,-0.430232638422322,0.189239647117966,-0.801142346773535,-0.0593229300711086,Post,-0.315860079457266,0.205982368054308,0,0
293,oop,RX,spend_per_vol_mean,main,all_cohorts,3,-0.106388727886468,0.288451037779783,-0.671752761934842,0.458975306161906,Post,-0.315860079457266,0.205982368054308,0,0
293,oop,RX,spend_per_vol_mean,main,all_cohorts,4,-0.261155499127641,0.379218716365276,-1.00442418320358,0.482113184948299,Post,-0.315860079457266,0.205982368054308,0,0
294,oop,RX,spend_per_vol_mean,main,c2014,-3,-0.423887423582359,0.145732862120109,-0.709523833337773,-0.138251013826946,Pre,-0.208992175577011,0.246107852710718,0,0.0159
294,oop,RX,spend_per_vol_mean,main,c2014,-2,-0.214282529713544,0.118504989314796,-0.446552308770544,0.0179872493434567,Pre,-0.208992175577011,0.246107852710718,0,0.0159
294,oop,RX,spend_per_vol_mean,main,c2014,-1,-0.0258814742152728,0.166769059163423,-0.352748830175581,0.300985881745036,Pre,-0.208992175577011,0.246107852710718,0,0.0159
294,oop,RX,spend_per_vol_mean,main,c2014,0,0.00309636171671734,0.159465305992551,-0.309455638028682,0.315648361462117,Post,-0.208992175577011,0.246107852710718,0,0.0159
294,oop,RX,spend_per_vol_mean,main,c2014,1,-0.42735224203993,0.202587392343895,-0.824423531033964,-0.0302809530458972,Post,-0.208992175577011,0.246107852710718,0,0.0159
294,oop,RX,spend_per_vol_mean,main,c2014,2,-0.327234609607232,0.227061777928687,-0.772275694347459,0.117806475132995,Post,-0.208992175577011,0.246107852710718,0,0.0159
294,oop,RX,spend_per_vol_mean,main,c2014,3,-0.0323148888269711,0.305993920140004,-0.632062972301379,0.567433194647437,Post,-0.208992175577011,0.246107852710718,0,0.0159
294,oop,RX,spend_per_vol_mean,main,c2014,4,-0.261155499127641,0.37665768215672,-0.999404556154811,0.477093557899529,Post,-0.208992175577011,0.246107852710718,0,0.0159
295,oop,RX,spend_per_vol_mean,sens,all_cohorts,-6,0.344546001077458,0.0366877960336079,0.272637920851587,0.41645408130333,Pre,-0.493607872942561,0.115936535477066,0,0
295,oop,RX,spend_per_vol_mean,sens,all_cohorts,-5,-0.25480174861305,0.122264139631752,-0.494439462291283,-0.0151640349348169,Pre,-0.493607872942561,0.115936535477066,0,0
295,oop,RX,spend_per_vol_mean,sens,all_cohorts,-4,0.234478006779377,0.165145475888405,-0.0892071259618968,0.55816313952065,Pre,-0.493607872942561,0.115936535477066,0,0
295,oop,RX,spend_per_vol_mean,sens,all_cohorts,-3,-0.193385651267798,0.0985809748426264,-0.386604361959346,-0.000166940576250108,Pre,-0.493607872942561,0.115936535477066,0,0
295,oop,RX,spend_per_vol_mean,sens,all_cohorts,-2,-0.148894003093447,0.0853872335566191,-0.316252980864421,0.0184649746775263,Pre,-0.493607872942561,0.115936535477066,0,0
295,oop,RX,spend_per_vol_mean,sens,all_cohorts,-1,-0.125078653680967,0.076084949820909,-0.274205155329948,0.0240478479680152,Pre,-0.493607872942561,0.115936535477066,0,0
295,oop,RX,spend_per_vol_mean,sens,all_cohorts,0,-0.224990660955846,0.12296601994455,-0.466004060047164,0.016022738135472,Post,-0.493607872942561,0.115936535477066,0,0
295,oop,RX,spend_per_vol_mean,sens,all_cohorts,1,-0.588176919854933,0.139195397165181,-0.860999898298687,-0.315353941411179,Post,-0.493607872942561,0.115936535477066,0,0
295,oop,RX,spend_per_vol_mean,sens,all_cohorts,2,-0.636950317313994,0.120603353792704,-0.873332890747694,-0.400567743880294,Post,-0.493607872942561,0.115936535477066,0,0
295,oop,RX,spend_per_vol_mean,sens,all_cohorts,3,-0.486595463411237,0.13766984939057,-0.756428368216754,-0.21676255860572,Post,-0.493607872942561,0.115936535477066,0,0
295,oop,RX,spend_per_vol_mean,sens,all_cohorts,4,-0.54649879189222,0.176678088670946,-0.892787845687275,-0.200209738097166,Post,-0.493607872942561,0.115936535477066,0,0
296,oop,RX,spend_per_vol_mean,sens,c2014,-3,-0.334762158534668,0.142480310495809,-0.614023567106454,-0.0555007499628825,Pre,-0.449613343467138,0.13560312221896,0,0.00106
296,oop,RX,spend_per_vol_mean,sens,c2014,-2,-0.061468485076607,0.0865621864545908,-0.231130370527605,0.108193400374391,Pre,-0.449613343467138,0.13560312221896,0,0.00106
296,oop,RX,spend_per_vol_mean,sens,c2014,-1,-0.227565582149792,0.0804564573521495,-0.385260238560005,-0.069870925739579,Pre,-0.449613343467138,0.13560312221896,0,0.00106
296,oop,RX,spend_per_vol_mean,sens,c2014,0,-0.120655446602364,0.102100600695386,-0.320772623965321,0.0794617307605922,Post,-0.449613343467138,0.13560312221896,0,0.00106
296,oop,RX,spend_per_vol_mean,sens,c2014,1,-0.483332709377834,0.132814806046186,-0.743649729228358,-0.22301568952731,Post,-0.449613343467138,0.13560312221896,0,0.00106
296,oop,RX,spend_per_vol_mean,sens,c2014,2,-0.597391577216212,0.138915238413984,-0.869665444507621,-0.325117709924803,Post,-0.449613343467138,0.13560312221896,0,0.00106
296,oop,RX,spend_per_vol_mean,sens,c2014,3,-0.500188192247058,0.150080680241898,-0.794346325521178,-0.206030058972938,Post,-0.449613343467138,0.13560312221896,0,0.00106
296,oop,RX,spend_per_vol_mean,sens,c2014,4,-0.54649879189222,0.175425311487045,-0.890332402406829,-0.202665181377612,Post,-0.449613343467138,0.13560312221896,0,0.00106
297,oop,RX,vol_per_capita_mean,main,all_cohorts,-6,-1439.64697092967,277.041018834001,-1982.64736784431,-896.646574015029,Pre,-745.394189965182,1561.48290245348,0,0
297,oop,RX,vol_per_capita_mean,main,all_cohorts,-5,-537.616056876584,781.317074991181,-2068.9975238593,993.76541010613,Pre,-745.394189965182,1561.48290245348,0,0
297,oop,RX,vol_per_capita_mean,main,all_cohorts,-4,47.4050289048595,740.558830500957,-1404.09027887702,1498.90033668674,Pre,-745.394189965182,1561.48290245348,0,0
297,oop,RX,vol_per_capita_mean,main,all_cohorts,-3,-131.151277928096,508.817542296829,-1128.43366082988,866.131104973689,Pre,-745.394189965182,1561.48290245348,0,0
297,oop,RX,vol_per_capita_mean,main,all_cohorts,-2,-330.518524454828,649.351124559443,-1603.24672859134,942.209679681681,Pre,-745.394189965182,1561.48290245348,0,0
297,oop,RX,vol_per_capita_mean,main,all_cohorts,-1,407.313571493753,448.666727226553,-472.07321387029,1286.7003568578,Pre,-745.394189965182,1561.48290245348,0,0
297,oop,RX,vol_per_capita_mean,main,all_cohorts,0,-799.918451568517,641.941619849617,-2058.12402647377,458.287123336732,Post,-745.394189965182,1561.48290245348,0,0
297,oop,RX,vol_per_capita_mean,main,all_cohorts,1,-605.116619468892,1464.63718928119,-3475.80551046002,2265.57227152223,Post,-745.394189965182,1561.48290245348,0,0
297,oop,RX,vol_per_capita_mean,main,all_cohorts,2,-790.825804360786,1412.28109238315,-3558.89674543176,1977.24513671018,Post,-745.394189965182,1561.48290245348,0,0
297,oop,RX,vol_per_capita_mean,main,all_cohorts,3,-1397.07488259946,2253.99555424366,-5814.90616891703,3020.75640371812,Post,-745.394189965182,1561.48290245348,0,0
297,oop,RX,vol_per_capita_mean,main,all_cohorts,4,-68.9408477472237,2670.95024728223,-5304.0033324204,5166.12163692595,Post,-745.394189965182,1561.48290245348,0,0
298,oop,RX,vol_per_capita_mean,main,c2014,-3,-421.853006530911,848.173093947217,-2084.27227066746,1240.56625760563,Pre,-835.938671392679,1573.88302665263,0,0.10292
298,oop,RX,vol_per_capita_mean,main,c2014,-2,-159.341545578116,644.330228651418,-1422.22879373489,1103.54570257866,Pre,-835.938671392679,1573.88302665263,0,0.10292
298,oop,RX,vol_per_capita_mean,main,c2014,-1,1049.2370821254,702.147127610981,-326.971287992126,2425.44545224292,Pre,-835.938671392679,1573.88302665263,0,0.10292
298,oop,RX,vol_per_capita_mean,main,c2014,0,-796.699025494527,606.420362182723,-1985.28293537266,391.884884383611,Post,-835.938671392679,1573.88302665263,0,0.10292
298,oop,RX,vol_per_capita_mean,main,c2014,1,-639.129093187274,1516.24426676364,-3610.96785604402,2332.70966966947,Post,-835.938671392679,1573.88302665263,0,0.10292
298,oop,RX,vol_per_capita_mean,main,c2014,2,-1044.00896621172,1683.63594058341,-4343.9354097552,2255.91747733177,Post,-835.938671392679,1573.88302665263,0,0.10292
298,oop,RX,vol_per_capita_mean,main,c2014,3,-1630.91542432266,2090.74618379395,-5728.77794455879,2466.94709591348,Post,-835.938671392679,1573.88302665263,0,0.10292
298,oop,RX,vol_per_capita_mean,main,c2014,4,-68.9408477472237,2396.90330980152,-4766.8713349582,4628.98963946376,Post,-835.938671392679,1573.88302665263,0,0.10292
299,oop,RX,vol_per_capita_mean,sens,all_cohorts,-6,-1363.780365072,307.9904938271,-1967.44173297311,-760.118997170882,Pre,311.793114060541,733.355305400223,0,0
299,oop,RX,vol_per_capita_mean,sens,all_cohorts,-5,-662.025733976515,909.381547443092,-2444.41356696498,1120.36209901194,Pre,311.793114060541,733.355305400223,0,0
299,oop,RX,vol_per_capita_mean,sens,all_cohorts,-4,55.0246997042362,692.84370216179,-1302.94895653287,1412.99835594134,Pre,311.793114060541,733.355305400223,0,0
299,oop,RX,vol_per_capita_mean,sens,all_cohorts,-3,-91.2287627711549,314.774461360956,-708.186707038629,525.729181496319,Pre,311.793114060541,733.355305400223,0,0
299,oop,RX,vol_per_capita_mean,sens,all_cohorts,-2,-47.8576784461073,451.039459474981,-931.895019017069,836.179662124855,Pre,311.793114060541,733.355305400223,0,0
299,oop,RX,vol_per_capita_mean,sens,all_cohorts,-1,664.142149107503,364.215869958321,-49.7209560108056,1378.00525422581,Pre,311.793114060541,733.355305400223,0,0
299,oop,RX,vol_per_capita_mean,sens,all_cohorts,0,-413.409972420653,455.312477407142,-1305.82242813865,479.002483297346,Post,311.793114060541,733.355305400223,0,0
299,oop,RX,vol_per_capita_mean,sens,all_cohorts,1,30.2110284985589,662.488015823585,-1268.26548251567,1328.68753951279,Post,311.793114060541,733.355305400223,0,0
299,oop,RX,vol_per_capita_mean,sens,all_cohorts,2,714.079525676651,784.245140419517,-823.040949545602,2251.2000008989,Post,311.793114060541,733.355305400223,0,0
299,oop,RX,vol_per_capita_mean,sens,all_cohorts,3,550.391695916459,1034.55278002828,-1477.33175293896,2578.11514477188,Post,311.793114060541,733.355305400223,0,0
299,oop,RX,vol_per_capita_mean,sens,all_cohorts,4,834.412572193202,1382.48766521345,-1875.26325162516,3544.08839601156,Post,311.793114060541,733.355305400223,0,0
300,oop,RX,vol_per_capita_mean,sens,c2014,-3,-400.30823023914,342.314547031319,-1071.24474242052,270.628281942245,Pre,498.558638311407,821.311429063933,0,0.02043
300,oop,RX,vol_per_capita_mean,sens,c2014,-2,478.945231720161,428.605168739262,-361.120899008792,1319.01136244911,Pre,498.558638311407,821.311429063933,0,0.02043
300,oop,RX,vol_per_capita_mean,sens,c2014,-1,1202.86834411993,576.733745469663,72.4702029993878,2333.26648524047,Pre,498.558638311407,821.311429063933,0,0.02043
300,oop,RX,vol_per_capita_mean,sens,c2014,0,-90.9080197799894,395.590955012319,-866.266291604135,684.450252044156,Post,498.558638311407,821.311429063933,0,0.02043
300,oop,RX,vol_per_capita_mean,sens,c2014,1,400.959883691906,727.997377061401,-1025.91497534844,1827.83474273225,Post,498.558638311407,821.311429063933,0,0.02043
300,oop,RX,vol_per_capita_mean,sens,c2014,2,835.67635220659,890.575544324609,-909.851714669644,2581.20441908282,Post,498.558638311407,821.311429063933,0,0.02043
300,oop,RX,vol_per_capita_mean,sens,c2014,3,512.652403245327,1153.81074511521,-1748.81665718049,2774.12146367115,Post,498.558638311407,821.311429063933,0,0.02043
300,oop,RX,vol_per_capita_mean,sens,c2014,4,834.412572193202,1336.8402797055,-1785.79437602959,3454.61952041599,Post,498.558638311407,821.311429063933,0,0.02043
301,oop,Total,spend_per_capita_mean,main,all_cohorts,-6,-64.0677573125972,11.301555472194,-86.2188060380975,-41.9167085870969,Pre,-31.7402875602082,48.2869963965935,0,0
301,oop,Total,spend_per_capita_mean,main,all_cohorts,-5,12.6872661976728,27.1327244531008,-40.4928737304048,65.8674061257504,Pre,-31.7402875602082,48.2869963965935,0,0
301,oop,Total,spend_per_capita_mean,main,all_cohorts,-4,7.49721756741889,28.62349765273,-48.604837831932,63.5992729667697,Pre,-31.7402875602082,48.2869963965935,0,0
301,oop,Total,spend_per_capita_mean,main,all_cohorts,-3,-23.370434948896,27.041368277831,-76.3715167734448,29.6306468756529,Pre,-31.7402875602082,48.2869963965935,0,0
301,oop,Total,spend_per_capita_mean,main,all_cohorts,-2,-33.8052184241089,27.1987331697162,-87.1147354367526,19.5042985885349,Pre,-31.7402875602082,48.2869963965935,0,0
301,oop,Total,spend_per_capita_mean,main,all_cohorts,-1,29.2960938528125,16.635813877177,-3.31010134645432,61.9022890520794,Pre,-31.7402875602082,48.2869963965935,0,0
301,oop,Total,spend_per_capita_mean,main,all_cohorts,0,-27.6064019240983,17.2023295046762,-61.3229677532638,6.11016390506707,Post,-31.7402875602082,48.2869963965935,0,0
301,oop,Total,spend_per_capita_mean,main,all_cohorts,1,-41.6451054884538,40.2528178707663,-120.540628515156,37.2504175382482,Post,-31.7402875602082,48.2869963965935,0,0
301,oop,Total,spend_per_capita_mean,main,all_cohorts,2,-32.5711494884481,55.2880267856755,-140.935681988372,75.7933830114759,Post,-31.7402875602082,48.2869963965935,0,0
301,oop,Total,spend_per_capita_mean,main,all_cohorts,3,-43.2136050228673,71.0158032215534,-182.404579337112,95.9773692913773,Post,-31.7402875602082,48.2869963965935,0,0
301,oop,Total,spend_per_capita_mean,main,all_cohorts,4,-10.4731098770785,81.7088257217612,-170.622408291731,149.676188537573,Post,-31.7402875602082,48.2869963965935,0,0
302,oop,Total,spend_per_capita_mean,main,c2014,-3,-46.2911771430486,35.5204725952573,-115.911303429753,23.3289491436556,Pre,-35.3304321840035,56.690557291669,0,8e-05
302,oop,Total,spend_per_capita_mean,main,c2014,-2,-14.3020525179583,29.1143990914211,-71.3662747371436,42.762169701227,Pre,-35.3304321840035,56.690557291669,0,8e-05
302,oop,Total,spend_per_capita_mean,main,c2014,-1,74.6121377967281,29.5852475139535,16.6250526693791,132.599222924077,Pre,-35.3304321840035,56.690557291669,0,8e-05
302,oop,Total,spend_per_capita_mean,main,c2014,0,-35.5005673488337,21.876915765308,-78.3793222488374,7.37818755117002,Post,-35.3304321840035,56.690557291669,0,8e-05
302,oop,Total,spend_per_capita_mean,main,c2014,1,-43.7643812136728,58.741938530383,-158.898580733223,71.3698183058778,Post,-35.3304321840035,56.690557291669,0,8e-05
302,oop,Total,spend_per_capita_mean,main,c2014,2,-37.7631447146302,60.391600716776,-156.130682119511,80.6043926902508,Post,-35.3304321840035,56.690557291669,0,8e-05
302,oop,Total,spend_per_capita_mean,main,c2014,3,-49.1509577658025,74.9627071839042,-196.077863846255,97.7759483146498,Post,-35.3304321840035,56.690557291669,0,8e-05
302,oop,Total,spend_per_capita_mean,main,c2014,4,-10.4731098770785,80.5914289561691,-168.43231063117,147.486090877013,Post,-35.3304321840035,56.690557291669,0,8e-05
303,oop,Total,spend_per_capita_mean,sens,all_cohorts,-6,-66.6894025255615,10.6966906139205,-87.6549161288457,-45.7238889222773,Pre,-20.550940036412,22.4069077044464,0,0
303,oop,Total,spend_per_capita_mean,sens,all_cohorts,-5,13.0533798120712,18.8950926411829,-23.9810017646472,50.0877613887896,Pre,-20.550940036412,22.4069077044464,0,0
303,oop,Total,spend_per_capita_mean,sens,all_cohorts,-4,5.96036085394117,26.9128753233073,-46.7888747797411,58.7095964876235,Pre,-20.550940036412,22.4069077044464,0,0
303,oop,Total,spend_per_capita_mean,sens,all_cohorts,-3,-17.9748258198885,16.0912804002546,-49.5137354043875,13.5640837646106,Pre,-20.550940036412,22.4069077044464,0,0
303,oop,Total,spend_per_capita_mean,sens,all_cohorts,-2,-5.4874158534484,19.483331537198,-43.6747456663566,32.6999139594597,Pre,-20.550940036412,22.4069077044464,0,0
303,oop,Total,spend_per_capita_mean,sens,all_cohorts,-1,21.7045141353252,15.5728443150994,-8.81826072226966,52.2272889929201,Pre,-20.550940036412,22.4069077044464,0,0
303,oop,Total,spend_per_capita_mean,sens,all_cohorts,0,-28.4009264560404,14.1804874094004,-56.1946817784653,-0.607171133615548,Post,-20.550940036412,22.4069077044464,0,0
303,oop,Total,spend_per_capita_mean,sens,all_cohorts,1,-33.0735095295553,18.193158498554,-68.7321001867211,2.58508112761058,Post,-20.550940036412,22.4069077044464,0,0
303,oop,Total,spend_per_capita_mean,sens,all_cohorts,2,-13.0290523874381,24.0507854722272,-60.1685919130033,34.1104871381271,Post,-20.550940036412,22.4069077044464,0,0
303,oop,Total,spend_per_capita_mean,sens,all_cohorts,3,-9.78781466388491,31.452848564975,-71.4353978512359,51.8597685234661,Post,-20.550940036412,22.4069077044464,0,0
303,oop,Total,spend_per_capita_mean,sens,all_cohorts,4,-15.8559095700223,46.6553003342387,-107.30029822513,75.5884790850857,Post,-20.550940036412,22.4069077044464,0,0
304,oop,Total,spend_per_capita_mean,sens,c2014,-3,-34.9808043375588,18.0577847495446,-70.3740624466662,0.412453771548613,Pre,-22.5550077559297,25.3312308502967,0,2e-05
304,oop,Total,spend_per_capita_mean,sens,c2014,-2,27.7191402413035,14.2979493681675,-0.304840520304857,55.7431210029118,Pre,-22.5550077559297,25.3312308502967,0,2e-05
304,oop,Total,spend_per_capita_mean,sens,c2014,-1,56.8209060479149,18.301985182059,20.9490150910793,92.6927970047504,Pre,-22.5550077559297,25.3312308502967,0,2e-05
304,oop,Total,spend_per_capita_mean,sens,c2014,0,-30.9756935976946,14.3034239693866,-59.0104045776922,-2.94098261769696,Post,-22.5550077559297,25.3312308502967,0,2e-05
304,oop,Total,spend_per_capita_mean,sens,c2014,1,-33.5679703940135,22.9420457585223,-78.5343800807172,11.3984392926901,Post,-22.5550077559297,25.3312308502967,0,2e-05
304,oop,Total,spend_per_capita_mean,sens,c2014,2,-14.1978342263557,28.3157135877597,-69.6966328583648,41.3009644056534,Post,-22.5550077559297,25.3312308502967,0,2e-05
304,oop,Total,spend_per_capita_mean,sens,c2014,3,-18.1776309915625,33.6500016203963,-84.1316341675393,47.7763721844143,Post,-22.5550077559297,25.3312308502967,0,2e-05
304,oop,Total,spend_per_capita_mean,sens,c2014,4,-15.8559095700223,46.674413402896,-107.337759839698,75.6259406996538,Post,-22.5550077559297,25.3312308502967,0,2e-05
305,oop,Total,spend_per_vol_mean,main,all_cohorts,-6,-0.00226213439792209,0.000636062462036876,-0.00350881682351436,-0.00101545197232981,Pre,0.00107756783737982,0.00244262267320805,0,0
305,oop,Total,spend_per_vol_mean,main,all_cohorts,-5,-1.58995728321272e-05,0.00113027613920674,-0.00223124080567735,0.00219944166001309,Pre,0.00107756783737982,0.00244262267320805,0,0
305,oop,Total,spend_per_vol_mean,main,all_cohorts,-4,0.000638131015446054,0.000952136856242952,-0.00122805722279013,0.00250431925368224,Pre,0.00107756783737982,0.00244262267320805,0,0
305,oop,Total,spend_per_vol_mean,main,all_cohorts,-3,0.000543034173137274,0.000746918117441219,-0.000920925337047515,0.00200699368332206,Pre,0.00107756783737982,0.00244262267320805,0,0
305,oop,Total,spend_per_vol_mean,main,all_cohorts,-2,-0.00113043610025415,0.000643975173413827,-0.00239262744014525,0.000131755239636948,Pre,0.00107756783737982,0.00244262267320805,0,0
305,oop,Total,spend_per_vol_mean,main,all_cohorts,-1,-0.000519271103448295,0.00102737552123112,-0.00253292712506128,0.0014943849181647,Pre,0.00107756783737982,0.00244262267320805,0,0
305,oop,Total,spend_per_vol_mean,main,all_cohorts,0,0.000637323025139868,0.00114265056764835,-0.00160227208745089,0.00287691813773062,Post,0.00107756783737982,0.00244262267320805,0,0
305,oop,Total,spend_per_vol_mean,main,all_cohorts,1,-0.000342124692963608,0.00232890767627681,-0.00490678373846616,0.00422253435253894,Post,0.00107756783737982,0.00244262267320805,0,0
305,oop,Total,spend_per_vol_mean,main,all_cohorts,2,0.000804699775562466,0.00246667017697196,-0.00402997377130257,0.00563937332242751,Post,0.00107756783737982,0.00244262267320805,0,0
305,oop,Total,spend_per_vol_mean,main,all_cohorts,3,0.00264734749506865,0.00314531681845482,-0.0035174734691028,0.0088121684592401,Post,0.00107756783737982,0.00244262267320805,0,0
305,oop,Total,spend_per_vol_mean,main,all_cohorts,4,0.00203849081592854,0.00379252877506885,-0.0053948655832064,0.00947184721506349,Post,0.00107756783737982,0.00244262267320805,0,0
306,oop,Total,spend_per_vol_mean,main,c2014,-3,0.000777164344193779,0.0013000571389267,-0.00177094764810254,0.0033252763364901,Pre,0.00143453193288529,0.00265496333794894,0,0.31712
306,oop,Total,spend_per_vol_mean,main,c2014,-2,-0.00119525724130354,0.000869062314225343,-0.00289861937718521,0.000508104894578135,Pre,0.00143453193288529,0.00265496333794894,0,0.31712
306,oop,Total,spend_per_vol_mean,main,c2014,-1,-0.000139475628934157,0.0011240799301679,-0.00234267229206323,0.00206372103419492,Pre,0.00143453193288529,0.00265496333794894,0,0.31712
306,oop,Total,spend_per_vol_mean,main,c2014,0,0.000676675569293136,0.00150561078311916,-0.00227432156562042,0.00362767270420669,Post,0.00143453193288529,0.00265496333794894,0,0.31712
306,oop,Total,spend_per_vol_mean,main,c2014,1,-0.000126730553267667,0.0022478332865875,-0.00453248379497916,0.00427902268844383,Post,0.00143453193288529,0.00265496333794894,0,0.31712
306,oop,Total,spend_per_vol_mean,main,c2014,2,0.00136829317685307,0.00267289468040128,-0.00387058039673344,0.00660716675043958,Post,0.00143453193288529,0.00265496333794894,0,0.31712
306,oop,Total,spend_per_vol_mean,main,c2014,3,0.00321593065561935,0.00313546150821771,-0.00292957390048737,0.00936143521172606,Post,0.00143453193288529,0.00265496333794894,0,0.31712
306,oop,Total,spend_per_vol_mean,main,c2014,4,0.00203849081592854,0.00386171406263183,-0.00553046874682985,0.00960745037868693,Post,0.00143453193288529,0.00265496333794894,0,0.31712
307,oop,Total,spend_per_vol_mean,sens,all_cohorts,-6,-0.00064887692593247,0.000293288712774201,-0.0012237228029699,-7.40310488950364e-05,Pre,-0.000597277008899202,0.00121383236543901,0,0
307,oop,Total,spend_per_vol_mean,sens,all_cohorts,-5,0.00094884591529389,0.00159714214026741,-0.00218155267963023,0.00407924451021801,Pre,-0.000597277008899202,0.00121383236543901,0,0
307,oop,Total,spend_per_vol_mean,sens,all_cohorts,-4,-0.000367584412962265,0.000881237296993456,-0.00209480951506944,0.00135964068914491,Pre,-0.000597277008899202,0.00121383236543901,0,0
307,oop,Total,spend_per_vol_mean,sens,all_cohorts,-3,0.000147996738624347,0.000676220296957516,-0.00117739504341238,0.00147338852066108,Pre,-0.000597277008899202,0.00121383236543901,0,0
307,oop,Total,spend_per_vol_mean,sens,all_cohorts,-2,-0.000122860340599265,0.000664421704064585,-0.00142512688056585,0.00117940619936732,Pre,-0.000597277008899202,0.00121383236543901,0,0
307,oop,Total,spend_per_vol_mean,sens,all_cohorts,-1,-0.00119621101170254,0.00110957589807062,-0.00337097977192096,0.00097855774851588,Pre,-0.000597277008899202,0.00121383236543901,0,0
307,oop,Total,spend_per_vol_mean,sens,all_cohorts,0,0.000332411108549872,0.000669493180320201,-0.000979795524877723,0.00164461774197747,Post,-0.000597277008899202,0.00121383236543901,0,0
307,oop,Total,spend_per_vol_mean,sens,all_cohorts,1,-0.000345884279764048,0.000875120003611318,-0.00206111948684223,0.00136935092731414,Post,-0.000597277008899202,0.00121383236543901,0,0
307,oop,Total,spend_per_vol_mean,sens,all_cohorts,2,-0.00108302173240614,0.00127810253844738,-0.00358810270776301,0.00142205924295072,Post,-0.000597277008899202,0.00121383236543901,0,0
307,oop,Total,spend_per_vol_mean,sens,all_cohorts,3,-0.000753271327689925,0.00215115875401744,-0.00496954248556412,0.00346299983018427,Post,-0.000597277008899202,0.00121383236543901,0,0
307,oop,Total,spend_per_vol_mean,sens,all_cohorts,4,-0.0013320233983328,0.00235071891923784,-0.00593943248003896,0.00327538568337336,Post,-0.000597277008899202,0.00121383236543901,0,0
308,oop,Total,spend_per_vol_mean,sens,c2014,-3,0.00013359440233763,0.000981349030051595,-0.0017898496965635,0.00205703850123876,Pre,-0.000699529930500878,0.00146088863493055,0,0.65971
308,oop,Total,spend_per_vol_mean,sens,c2014,-2,-4.87578492980613e-05,0.000709344573027141,-0.00143907321243126,0.00134155751383514,Pre,-0.000699529930500878,0.00146088863493055,0,0.65971
308,oop,Total,spend_per_vol_mean,sens,c2014,-1,-0.0013894173885895,0.00138842672106487,-0.00411073376187665,0.00133189898469765,Pre,-0.000699529930500878,0.00146088863493055,0,0.65971
308,oop,Total,spend_per_vol_mean,sens,c2014,0,-8.62959291831975e-05,0.000853721374190216,-0.00175958982259602,0.00158699796422963,Post,-0.000699529930500878,0.00146088863493055,0,0.65971
308,oop,Total,spend_per_vol_mean,sens,c2014,1,-0.000581972559735489,0.00111327807510884,-0.00276399758694882,0.00160005246747784,Post,-0.000699529930500878,0.00146088863493055,0,0.65971
308,oop,Total,spend_per_vol_mean,sens,c2014,2,-0.000956210748887213,0.00139993836986967,-0.00370008995383176,0.00178766845605733,Post,-0.000699529930500878,0.00146088863493055,0,0.65971
308,oop,Total,spend_per_vol_mean,sens,c2014,3,-0.00054114701636569,0.00210514453995667,-0.00466723031468077,0.00358493628194939,Post,-0.000699529930500878,0.00146088863493055,0,0.65971
308,oop,Total,spend_per_vol_mean,sens,c2014,4,-0.0013320233983328,0.00245545371535985,-0.0061447126804381,0.00348066588377251,Post,-0.000699529930500878,0.00146088863493055,0,0.65971
309,oop,Total,vol_per_capita_mean,main,all_cohorts,-6,-1786.50691864393,313.715545149972,-2401.38938713788,-1171.62445014999,Pre,-1004.34817904638,1698.74691349641,0,0
309,oop,Total,vol_per_capita_mean,main,all_cohorts,-5,-382.64635083493,1184.95348458727,-2705.15518062598,1939.86247895612,Pre,-1004.34817904638,1698.74691349641,0,0
309,oop,Total,vol_per_capita_mean,main,all_cohorts,-4,255.897370449367,998.237579588569,-1700.64828554423,2212.44302644296,Pre,-1004.34817904638,1698.74691349641,0,0
309,oop,Total,vol_per_capita_mean,main,all_cohorts,-3,-474.865223634981,740.345283262373,-1925.94197882923,976.21153155927,Pre,-1004.34817904638,1698.74691349641,0,0
309,oop,Total,vol_per_capita_mean,main,all_cohorts,-2,-340.29814979227,730.060238013258,-1771.21621629826,1090.61991671372,Pre,-1004.34817904638,1698.74691349641,0,0
309,oop,Total,vol_per_capita_mean,main,all_cohorts,-1,713.371685946289,606.26326630235,-474.904316006317,1901.6476878989,Pre,-1004.34817904638,1698.74691349641,0,0
309,oop,Total,vol_per_capita_mean,main,all_cohorts,0,-984.892273343119,812.999842557146,-2578.37196475513,608.587418068887,Post,-1004.34817904638,1698.74691349641,0,0
309,oop,Total,vol_per_capita_mean,main,all_cohorts,1,-752.473385783196,1643.90078735779,-3974.51892900447,2469.57215743808,Post,-1004.34817904638,1698.74691349641,0,0
309,oop,Total,vol_per_capita_mean,main,all_cohorts,2,-968.085459026725,1729.57540020859,-4358.05324343556,2421.88232538211,Post,-1004.34817904638,1698.74691349641,0,0
309,oop,Total,vol_per_capita_mean,main,all_cohorts,3,-1857.92118110038,2614.2507514539,-6981.85265395002,3266.01029174925,Post,-1004.34817904638,1698.74691349641,0,0
309,oop,Total,vol_per_capita_mean,main,all_cohorts,4,-440.615484247288,3023.72323657129,-6367.11302792701,5485.88205943244,Post,-1004.34817904638,1698.74691349641,0,0
310,oop,Total,vol_per_capita_mean,main,c2014,-3,-971.052843574357,1097.64850062607,-3122.44390480146,1180.33821765274,Pre,-1172.63300681385,2036.77984542161,0,0.00726
310,oop,Total,vol_per_capita_mean,main,c2014,-2,-3.29780779211907,729.460063546538,-1433.03953234333,1426.4439167591,Pre,-1172.63300681385,2036.77984542161,0,0.00726
310,oop,Total,vol_per_capita_mean,main,c2014,-1,1603.5489713954,871.113891677467,-103.834256292433,3310.93219908324,Pre,-1172.63300681385,2036.77984542161,0,0.00726
310,oop,Total,vol_per_capita_mean,main,c2014,0,-1160.54876909957,768.731041075974,-2667.26160960848,346.164071409341,Post,-1172.63300681385,2036.77984542161,0,0.00726
310,oop,Total,vol_per_capita_mean,main,c2014,1,-847.768725852371,1689.51383145768,-4159.21583550942,2463.67838380468,Post,-1172.63300681385,2036.77984542161,0,0.00726
310,oop,Total,vol_per_capita_mean,main,c2014,2,-1270.39124706218,1886.81168249214,-4968.54214474678,2427.75965062241,Post,-1172.63300681385,2036.77984542161,0,0.00726
310,oop,Total,vol_per_capita_mean,main,c2014,3,-2143.84080780784,2591.68471985585,-7223.5428587253,2935.86124310962,Post,-1172.63300681385,2036.77984542161,0,0.00726
310,oop,Total,vol_per_capita_mean,main,c2014,4,-440.615484247288,3319.68388653793,-6947.19590186163,6065.96493336705,Post,-1172.63300681385,2036.77984542161,0,0.00726
311,oop,Total,vol_per_capita_mean,sens,all_cohorts,-6,-1692.16757246657,362.755460865658,-2403.16827576326,-981.16686916988,Pre,163.793730207681,821.476087462099,0,0
311,oop,Total,vol_per_capita_mean,sens,all_cohorts,-5,-464.228118640435,1321.85979232956,-3055.07331160637,2126.6170743255,Pre,163.793730207681,821.476087462099,0,0
311,oop,Total,vol_per_capita_mean,sens,all_cohorts,-4,286.043744036944,886.501802630005,-1451.49978911787,2023.58727719175,Pre,163.793730207681,821.476087462099,0,0
311,oop,Total,vol_per_capita_mean,sens,all_cohorts,-3,-266.966031726704,448.104125969657,-1145.25011862723,611.318055173823,Pre,163.793730207681,821.476087462099,0,0
311,oop,Total,vol_per_capita_mean,sens,all_cohorts,-2,-32.4740372467451,567.915091778858,-1145.58761713331,1080.63954263982,Pre,163.793730207681,821.476087462099,0,0
311,oop,Total,vol_per_capita_mean,sens,all_cohorts,-1,863.303042121214,489.129793244896,-95.3913526387811,1821.99743688121,Pre,163.793730207681,821.476087462099,0,0
311,oop,Total,vol_per_capita_mean,sens,all_cohorts,0,-561.972770336625,508.183441942994,-1558.01231654489,434.066775871643,Post,163.793730207681,821.476087462099,0,0
311,oop,Total,vol_per_capita_mean,sens,all_cohorts,1,-101.292233348883,707.199987239635,-1487.40420833857,1284.8197416408,Post,163.793730207681,821.476087462099,0,0
311,oop,Total,vol_per_capita_mean,sens,all_cohorts,2,681.787237256111,847.893965634704,-980.084935387909,2343.65940990013,Post,163.793730207681,821.476087462099,0,0
311,oop,Total,vol_per_capita_mean,sens,all_cohorts,3,359.907597582971,1173.98589332993,-1941.10475334368,2660.91994850963,Post,163.793730207681,821.476087462099,0,0
311,oop,Total,vol_per_capita_mean,sens,all_cohorts,4,570.125404056419,1541.40222960456,-2451.02296596852,3591.27377408136,Post,163.793730207681,821.476087462099,0,0
312,oop,Total,vol_per_capita_mean,sens,c2014,-3,-680.589038461983,515.535288091656,-1691.03820312163,329.860126197663,Pre,311.308749788371,871.630385078119,0,0.00304
312,oop,Total,vol_per_capita_mean,sens,c2014,-2,696.977333526758,544.043165434776,-369.347270725403,1763.30193777892,Pre,311.308749788371,871.630385078119,0,0.00304
312,oop,Total,vol_per_capita_mean,sens,c2014,-1,1556.26497776252,712.196769796246,160.359308961878,2952.17064656316,Pre,311.308749788371,871.630385078119,0,0.00304
312,oop,Total,vol_per_capita_mean,sens,c2014,0,-326.381722883405,453.724755238513,-1215.68224315089,562.91879738408,Post,311.308749788371,871.630385078119,0,0.00304
312,oop,Total,vol_per_capita_mean,sens,c2014,1,226.234090163143,811.925838738281,-1365.14055376389,1817.60873409017,Post,311.308749788371,871.630385078119,0,0.00304
312,oop,Total,vol_per_capita_mean,sens,c2014,2,801.335153493549,1040.56773659014,-1238.17761022312,2840.84791721022,Post,311.308749788371,871.630385078119,0,0.00304
312,oop,Total,vol_per_capita_mean,sens,c2014,3,285.230824112151,1226.44248341948,-2118.59644339002,2689.05809161433,Post,311.308749788371,871.630385078119,0,0.00304
312,oop,Total,vol_per_capita_mean,sens,c2014,4,570.125404056419,1471.64552412041,-2314.29982321959,3454.55063133243,Post,311.308749788371,871.630385078119,0,0.00304
313,priv,AM,spend_per_bene_mean,main,all_cohorts,-6,-87.6991429204023,26.3334716242067,-139.312747303847,-36.0855385369572,Pre,108.484755937364,53.2098403870922,0,0
313,priv,AM,spend_per_bene_mean,main,all_cohorts,-5,133.820993237393,50.285024420783,35.2623453726583,232.379641102128,Pre,108.484755937364,53.2098403870922,0,0
313,priv,AM,spend_per_bene_mean,main,all_cohorts,-4,72.4253821097262,78.583243839686,-81.5977758160583,226.448540035511,Pre,108.484755937364,53.2098403870922,0,0
313,priv,AM,spend_per_bene_mean,main,all_cohorts,-3,26.60438325998,54.7902155080186,-80.7844391357365,133.993205655697,Pre,108.484755937364,53.2098403870922,0,0
313,priv,AM,spend_per_bene_mean,main,all_cohorts,-2,12.1644387778525,61.5778320776585,-108.528112094358,132.856989650063,Pre,108.484755937364,53.2098403870922,0,0
313,priv,AM,spend_per_bene_mean,main,all_cohorts,-1,-13.2084573970577,32.8263893993047,-77.5481806196949,51.1312658255794,Pre,108.484755937364,53.2098403870922,0,0
313,priv,AM,spend_per_bene_mean,main,all_cohorts,0,38.1473926020369,34.5540886186487,-29.5786210905146,105.873406294588,Post,108.484755937364,53.2098403870922,0,0
313,priv,AM,spend_per_bene_mean,main,all_cohorts,1,62.1241517741782,59.4956218576635,-54.4872670668422,178.735570615199,Post,108.484755937364,53.2098403870922,0,0
313,priv,AM,spend_per_bene_mean,main,all_cohorts,2,122.425340848159,56.4019106733907,11.8775959283135,232.973085768005,Post,108.484755937364,53.2098403870922,0,0
313,priv,AM,spend_per_bene_mean,main,all_cohorts,3,201.110031325316,74.0381628973495,55.9952320465108,346.224830604121,Post,108.484755937364,53.2098403870922,0,0
313,priv,AM,spend_per_bene_mean,main,all_cohorts,4,136.831520611565,86.1476538425307,-32.0178809197948,305.680922142925,Post,108.484755937364,53.2098403870922,0,0
314,priv,AM,spend_per_bene_mean,main,c2014,-3,75.9880225612105,57.1313921254496,-35.9895060046707,187.965551127092,Pre,121.924561280294,63.691277241201,0,0.14379
314,priv,AM,spend_per_bene_mean,main,c2014,-2,-25.9894673085477,41.910333396474,-108.133720765637,56.1547861485414,Pre,121.924561280294,63.691277241201,0,0.14379
314,priv,AM,spend_per_bene_mean,main,c2014,-1,-36.242928437767,23.5852174222791,-82.4699545854339,9.98409770989994,Pre,121.924561280294,63.691277241201,0,0.14379
314,priv,AM,spend_per_bene_mean,main,c2014,0,6.75022503541471,39.7076085052649,-71.0766876349045,84.5771377057339,Post,121.924561280294,63.691277241201,0,0.14379
314,priv,AM,spend_per_bene_mean,main,c2014,1,91.2668061232601,83.7462543081586,-72.8758523207308,255.409464567251,Post,121.924561280294,63.691277241201,0,0.14379
314,priv,AM,spend_per_bene_mean,main,c2014,2,145.829812957253,61.2511250728512,25.7776078144651,265.882018100042,Post,121.924561280294,63.691277241201,0,0.14379
314,priv,AM,spend_per_bene_mean,main,c2014,3,228.944441673976,80.9945979622238,70.1950296680177,387.693853679935,Post,121.924561280294,63.691277241201,0,0.14379
314,priv,AM,spend_per_bene_mean,main,c2014,4,136.831520611565,84.5954181472167,-28.9754989569795,302.63854018011,Post,121.924561280294,63.691277241201,0,0.14379
315,priv,AM,spend_per_bene_mean,sens,all_cohorts,-6,-81.6802321972676,30.0318733443228,-140.54270395214,-22.817760442395,Pre,39.9790829167505,29.3265637528485,0,0
315,priv,AM,spend_per_bene_mean,sens,all_cohorts,-5,139.124412660801,59.1779539216441,23.135622974379,255.113202347224,Pre,39.9790829167505,29.3265637528485,0,0
315,priv,AM,spend_per_bene_mean,sens,all_cohorts,-4,70.3379279866093,88.0547314265095,-102.249345609349,242.925201582568,Pre,39.9790829167505,29.3265637528485,0,0
315,priv,AM,spend_per_bene_mean,sens,all_cohorts,-3,-5.55721947799553,35.5154743719572,-75.1675492470316,64.0531102910405,Pre,39.9790829167505,29.3265637528485,0,0
315,priv,AM,spend_per_bene_mean,sens,all_cohorts,-2,-13.6009884391846,53.8306335705121,-119.109030237388,91.9070533590192,Pre,39.9790829167505,29.3265637528485,0,0
315,priv,AM,spend_per_bene_mean,sens,all_cohorts,-1,-5.78054611676982,40.0053703777401,-84.1910720571404,72.6299798236008,Pre,39.9790829167505,29.3265637528485,0,0
315,priv,AM,spend_per_bene_mean,sens,all_cohorts,0,33.2974020136552,23.2562538694751,-12.284855570516,78.8796595978265,Post,39.9790829167505,29.3265637528485,0,0
315,priv,AM,spend_per_bene_mean,sens,all_cohorts,1,13.246992001269,38.3039858059026,-61.8288201783001,88.3228041808382,Post,39.9790829167505,29.3265637528485,0,0
315,priv,AM,spend_per_bene_mean,sens,all_cohorts,2,39.3137069780623,32.3600577398007,-24.1120061919472,102.739420148072,Post,39.9790829167505,29.3265637528485,0,0
315,priv,AM,spend_per_bene_mean,sens,all_cohorts,3,69.211677675324,46.6546875393415,-22.2315099017854,160.654865252433,Post,39.9790829167505,29.3265637528485,0,0
315,priv,AM,spend_per_bene_mean,sens,all_cohorts,4,50.8332708788998,51.6969527508578,-50.4927565127815,152.159298270581,Post,39.9790829167505,29.3265637528485,0,0
316,priv,AM,spend_per_bene_mean,sens,c2014,-3,54.9307921752965,32.1046198833774,-7.99426279612312,117.855847146716,Pre,37.4940907030324,31.7110496826094,0,0.02564
316,priv,AM,spend_per_bene_mean,sens,c2014,-2,-58.081226893106,36.8298572925702,-130.267747186544,14.1052934003315,Pre,37.4940907030324,31.7110496826094,0,0.02564
316,priv,AM,spend_per_bene_mean,sens,c2014,-1,-51.2968899373081,26.3978467226385,-103.036669513679,0.442889639063338,Pre,37.4940907030324,31.7110496826094,0,0.02564
316,priv,AM,spend_per_bene_mean,sens,c2014,0,-13.2261353407947,22.7125634570296,-57.7427597165727,31.2904890349834,Post,37.4940907030324,31.7110496826094,0,0.02564
316,priv,AM,spend_per_bene_mean,sens,c2014,1,32.0194016827658,34.5676408780662,-35.7331744382439,99.7719778037755,Post,37.4940907030324,31.7110496826094,0,0.02564
316,priv,AM,spend_per_bene_mean,sens,c2014,2,35.778345496171,34.7035672042389,-32.2406462241373,103.797337216479,Post,37.4940907030324,31.7110496826094,0,0.02564
316,priv,AM,spend_per_bene_mean,sens,c2014,3,82.0655707981203,56.6249504855846,-28.9193321536254,193.050473749866,Post,37.4940907030324,31.7110496826094,0,0.02564
316,priv,AM,spend_per_bene_mean,sens,c2014,4,50.8332708788998,52.9690790322527,-52.9861240243156,154.652665782115,Post,37.4940907030324,31.7110496826094,0,0.02564
317,priv,AM,spend_per_capita_mean,main,all_cohorts,-6,-46.8349352001652,15.3797626647789,-76.9792700231319,-16.6906003771985,Pre,25.2876513228029,29.9112094684936,0,0
317,priv,AM,spend_per_capita_mean,main,all_cohorts,-5,62.2985377292861,28.4892329827653,6.45964108306612,118.137434375506,Pre,25.2876513228029,29.9112094684936,0,0
317,priv,AM,spend_per_capita_mean,main,all_cohorts,-4,48.1494204435233,52.4212911285566,-54.5963101684477,150.895151055494,Pre,25.2876513228029,29.9112094684936,0,0
317,priv,AM,spend_per_capita_mean,main,all_cohorts,-3,10.6645809325086,35.3395718634854,-58.6009799199228,79.93014178494,Pre,25.2876513228029,29.9112094684936,0,0
317,priv,AM,spend_per_capita_mean,main,all_cohorts,-2,7.9220327232002,43.5519426199164,-77.439774811836,93.2838402582364,Pre,25.2876513228029,29.9112094684936,0,0
317,priv,AM,spend_per_capita_mean,main,all_cohorts,-1,-9.75435710442702,19.1184056343921,-47.2264321478355,27.7177179389814,Pre,25.2876513228029,29.9112094684936,0,0
317,priv,AM,spend_per_capita_mean,main,all_cohorts,0,9.33245321131549,23.7994767831455,-37.3145212836497,55.9794277062807,Post,25.2876513228029,29.9112094684936,0,0
317,priv,AM,spend_per_capita_mean,main,all_cohorts,1,-3.16340145014872,36.2536864575971,-74.220626907039,67.8938240067416,Post,25.2876513228029,29.9112094684936,0,0
317,priv,AM,spend_per_capita_mean,main,all_cohorts,2,20.6351878545534,35.800914381273,-49.5346043327416,90.8049800418485,Post,25.2876513228029,29.9112094684936,0,0
317,priv,AM,spend_per_capita_mean,main,all_cohorts,3,73.3523892140002,44.6925642248517,-14.245036666709,160.94981509471,Post,25.2876513228029,29.9112094684936,0,0
317,priv,AM,spend_per_capita_mean,main,all_cohorts,4,34.0642007173731,48.1109411345838,-60.2332439064112,128.361645341157,Post,25.2876513228029,29.9112094684936,0,0
318,priv,AM,spend_per_capita_mean,main,c2014,-3,46.4266679773476,35.2018375788801,-22.5689336772574,115.422269631952,Pre,33.871282711648,37.832082101034,0,0.09249
318,priv,AM,spend_per_capita_mean,main,c2014,-2,-27.7778360371191,29.0819982431282,-84.7785525936504,29.2228805194122,Pre,33.871282711648,37.832082101034,0,0.09249
318,priv,AM,spend_per_capita_mean,main,c2014,-1,-26.081141547044,23.9125130915408,-72.9496672064641,20.787384112376,Pre,33.871282711648,37.832082101034,0,0.09249
318,priv,AM,spend_per_capita_mean,main,c2014,0,-11.5789685871814,24.7510206930865,-60.0909691456309,36.9330319712681,Post,33.871282711648,37.832082101034,0,0.09249
318,priv,AM,spend_per_capita_mean,main,c2014,1,16.7250410386483,52.8905991758993,-86.9405333461142,120.390615423411,Post,33.871282711648,37.832082101034,0,0.09249
318,priv,AM,spend_per_capita_mean,main,c2014,2,38.5829855719313,39.9520546744476,-39.7230415899861,116.889012733849,Post,33.871282711648,37.832082101034,0,0.09249
318,priv,AM,spend_per_capita_mean,main,c2014,3,91.5631548174685,45.2566038059834,2.86021135774098,180.266098277196,Post,33.871282711648,37.832082101034,0,0.09249
318,priv,AM,spend_per_capita_mean,main,c2014,4,34.0642007173731,49.2930357175477,-62.5501492890205,130.678550723767,Post,33.871282711648,37.832082101034,0,0.09249
319,priv,AM,spend_per_capita_mean,sens,all_cohorts,-6,-43.7254664107352,14.15318624429,-71.4657114495436,-15.9852213719268,Pre,-16.0819594950947,21.0167592845596,0,0
319,priv,AM,spend_per_capita_mean,sens,all_cohorts,-5,71.7277974698412,32.899205611017,7.24535447224787,136.210240467435,Pre,-16.0819594950947,21.0167592845596,0,0
319,priv,AM,spend_per_capita_mean,sens,all_cohorts,-4,45.5729237417714,60.9748952037322,-73.9378708575437,165.083718341087,Pre,-16.0819594950947,21.0167592845596,0,0
319,priv,AM,spend_per_capita_mean,sens,all_cohorts,-3,-4.50044441394648,22.8918845432107,-49.3685381186395,40.3676492907466,Pre,-16.0819594950947,21.0167592845596,0,0
319,priv,AM,spend_per_capita_mean,sens,all_cohorts,-2,-3.11699756280312,36.3490771834461,-74.3611888423576,68.1271937167513,Pre,-16.0819594950947,21.0167592845596,0,0
319,priv,AM,spend_per_capita_mean,sens,all_cohorts,-1,-16.9614306583789,24.3249316040426,-64.6382966023024,30.7154352855445,Pre,-16.0819594950947,21.0167592845596,0,0
319,priv,AM,spend_per_capita_mean,sens,all_cohorts,0,3.60867508453721,16.2128166741102,-28.1684455967187,35.3857957657931,Post,-16.0819594950947,21.0167592845596,0,0
319,priv,AM,spend_per_capita_mean,sens,all_cohorts,1,-32.9843562112225,28.6270180973578,-89.0933116820437,23.1245992595988,Post,-16.0819594950947,21.0167592845596,0,0
319,priv,AM,spend_per_capita_mean,sens,all_cohorts,2,-24.2558673315321,25.7072838842029,-74.6421437445699,26.1304090815056,Post,-16.0819594950947,21.0167592845596,0,0
319,priv,AM,spend_per_capita_mean,sens,all_cohorts,3,-6.85168350002668,30.9967211547108,-67.6052569632599,53.9018899632066,Post,-16.0819594950947,21.0167592845596,0,0
319,priv,AM,spend_per_capita_mean,sens,all_cohorts,4,-19.8531673576735,33.4129884424632,-85.3426247049013,45.6362899895543,Post,-16.0819594950947,21.0167592845596,0,0
320,priv,AM,spend_per_capita_mean,sens,c2014,-3,34.8998012152787,21.2473481012139,-6.74500106310044,76.5446034936579,Pre,-15.0075601192316,25.0225945583625,0,0.01033
320,priv,AM,spend_per_capita_mean,sens,c2014,-2,-39.0411189715951,23.6942712418821,-85.481890605684,7.39965266249384,Pre,-15.0075601192316,25.0225945583625,0,0.01033
320,priv,AM,spend_per_capita_mean,sens,c2014,-1,-51.1259550238064,25.536626716621,-101.177743388384,-1.07416665922912,Pre,-15.0075601192316,25.0225945583625,0,0.01033
320,priv,AM,spend_per_capita_mean,sens,c2014,0,-23.0225358987175,15.8186357063612,-54.0270618831853,7.9819900857504,Post,-15.0075601192316,25.0225945583625,0,0.01033
320,priv,AM,spend_per_capita_mean,sens,c2014,1,-15.0574180811853,25.9286710597154,-65.8776133582275,35.762777195857,Post,-15.0075601192316,25.0225945583625,0,0.01033
320,priv,AM,spend_per_capita_mean,sens,c2014,2,-20.7024173767857,29.6566084458196,-78.829369930592,37.4245351770207,Post,-15.0075601192316,25.0225945583625,0,0.01033
320,priv,AM,spend_per_capita_mean,sens,c2014,3,3.59773811820412,34.9959889967325,-64.9944003153915,72.1898765517998,Post,-15.0075601192316,25.0225945583625,0,0.01033
320,priv,AM,spend_per_capita_mean,sens,c2014,4,-19.8531673576735,34.7305886219798,-87.925121056754,48.2187863414069,Post,-15.0075601192316,25.0225945583625,0,0.01033
321,priv,AM,spend_per_vol_mean,main,all_cohorts,-6,0.181300322762901,2.02493286009593,-3.78756808302511,4.15016872855091,Pre,0.504286535309851,2.90745098821032,0,0
321,priv,AM,spend_per_vol_mean,main,all_cohorts,-5,0.219603656147198,2.04646354605445,-3.79146489411953,4.23067220641393,Pre,0.504286535309851,2.90745098821032,0,0
321,priv,AM,spend_per_vol_mean,main,all_cohorts,-4,3.66579918873607,5.90750353294913,-7.91290773584422,15.2445061133164,Pre,0.504286535309851,2.90745098821032,0,0
321,priv,AM,spend_per_vol_mean,main,all_cohorts,-3,1.01187921017229,5.39422734873741,-9.56080639335304,11.5845648136976,Pre,0.504286535309851,2.90745098821032,0,0
321,priv,AM,spend_per_vol_mean,main,all_cohorts,-2,-2.58889273127697,2.46218564767842,-7.41477660072667,2.23699113817273,Pre,0.504286535309851,2.90745098821032,0,0
321,priv,AM,spend_per_vol_mean,main,all_cohorts,-1,0.879213817329118,2.17451966584228,-3.38284472772175,5.14127236237999,Pre,0.504286535309851,2.90745098821032,0,0
321,priv,AM,spend_per_vol_mean,main,all_cohorts,0,1.12232989280713,2.04586617132591,-2.88756780299166,5.13222758860591,Post,0.504286535309851,2.90745098821032,0,0
321,priv,AM,spend_per_vol_mean,main,all_cohorts,1,2.51043025998832,2.26482295998972,-1.92862274159153,6.94948326156818,Post,0.504286535309851,2.90745098821032,0,0
321,priv,AM,spend_per_vol_mean,main,all_cohorts,2,1.5917914392283,2.97967934540759,-4.24838007777058,7.43196295622718,Post,0.504286535309851,2.90745098821032,0,0
321,priv,AM,spend_per_vol_mean,main,all_cohorts,3,1.58701596859431,4.38832302815993,-7.01409716659915,10.1881291037878,Post,0.504286535309851,2.90745098821032,0,0
321,priv,AM,spend_per_vol_mean,main,all_cohorts,4,-5.41583597601257,9.43464696700018,-23.9077440313329,13.0760720793078,Post,0.504286535309851,2.90745098821032,0,0
322,priv,AM,spend_per_vol_mean,main,c2014,-3,4.60289068779636,4.2486044690052,-3.72437407145382,12.9301554470465,Pre,1.84850615316874,3.34785448321118,0,0.11148
322,priv,AM,spend_per_vol_mean,main,c2014,-2,2.40914893681323,3.45916876351408,-4.37082183967437,9.18911971330084,Pre,1.84850615316874,3.34785448321118,0,0.11148
322,priv,AM,spend_per_vol_mean,main,c2014,-1,7.07011623941014,3.24008125996942,0.719556969870077,13.4206755089502,Pre,1.84850615316874,3.34785448321118,0,0.11148
322,priv,AM,spend_per_vol_mean,main,c2014,0,3.85474199930499,2.67313498442909,-1.38460257017602,9.094086568786,Post,1.84850615316874,3.34785448321118,0,0.11148
322,priv,AM,spend_per_vol_mean,main,c2014,1,3.91686468332577,2.48923678811539,-0.962039421380392,8.79576878803194,Post,1.84850615316874,3.34785448321118,0,0.11148
322,priv,AM,spend_per_vol_mean,main,c2014,2,3.92353883113941,2.51718195777734,-1.01013780610418,8.857215468383,Post,1.84850615316874,3.34785448321118,0,0.11148
322,priv,AM,spend_per_vol_mean,main,c2014,3,2.96322122808612,4.35226587994081,-5.56721989659787,11.4936623527701,Post,1.84850615316874,3.34785448321118,0,0.11148
322,priv,AM,spend_per_vol_mean,main,c2014,4,-5.41583597601257,9.34272255491899,-23.7275721836538,12.8959002316286,Post,1.84850615316874,3.34785448321118,0,0.11148
323,priv,AM,spend_per_vol_mean,sens,all_cohorts,-6,1.11940175453447,1.07834764605393,-0.994159631731235,3.23296314080017,Pre,3.50821432386386,2.32016320613718,0,0
323,priv,AM,spend_per_vol_mean,sens,all_cohorts,-5,1.36864006528781,1.64256319834703,-1.85078380347237,4.58806393404799,Pre,3.50821432386386,2.32016320613718,0,0
323,priv,AM,spend_per_vol_mean,sens,all_cohorts,-4,4.97451171780432,5.51880522291869,-5.8423465191163,15.7913699547249,Pre,3.50821432386386,2.32016320613718,0,0
323,priv,AM,spend_per_vol_mean,sens,all_cohorts,-3,-2.15612741632663,2.95443076924934,-7.94681172405534,3.63455689140208,Pre,3.50821432386386,2.32016320613718,0,0
323,priv,AM,spend_per_vol_mean,sens,all_cohorts,-2,-1.16450856016553,2.21564517147844,-5.50717309626328,3.17815597593221,Pre,3.50821432386386,2.32016320613718,0,0
323,priv,AM,spend_per_vol_mean,sens,all_cohorts,-1,0.90219923907533,1.54297166638062,-2.12202522703068,3.92642370518134,Pre,3.50821432386386,2.32016320613718,0,0
323,priv,AM,spend_per_vol_mean,sens,all_cohorts,0,0.167648406219684,1.14852661483801,-2.08346375886281,2.41876057130218,Post,3.50821432386386,2.32016320613718,0,0
323,priv,AM,spend_per_vol_mean,sens,all_cohorts,1,0.24308063825141,1.41850001846165,-2.53717939793343,3.02334067443625,Post,3.50821432386386,2.32016320613718,0,0
323,priv,AM,spend_per_vol_mean,sens,all_cohorts,2,0.862567755521688,2.04346575139271,-3.14262511720802,4.86776062825139,Post,3.50821432386386,2.32016320613718,0,0
323,priv,AM,spend_per_vol_mean,sens,all_cohorts,3,7.8560542904497,3.9625652083957,0.0894264819941224,15.6226820989053,Post,3.50821432386386,2.32016320613718,0,0
323,priv,AM,spend_per_vol_mean,sens,all_cohorts,4,10.3745307982005,6.51094874730396,-2.38692874651527,23.1359903429162,Post,3.50821432386386,2.32016320613718,0,0
324,priv,AM,spend_per_vol_mean,sens,c2014,-3,-4.88075583764418,3.54288703861195,-11.8248144333236,2.06330275803524,Pre,4.32912594375528,2.39693756773899,0,0.15091
324,priv,AM,spend_per_vol_mean,sens,c2014,-2,1.7110683324394,2.20162360486432,-2.60411393309467,6.02625059797347,Pre,4.32912594375528,2.39693756773899,0,0.15091
324,priv,AM,spend_per_vol_mean,sens,c2014,-1,3.17673957714058,2.157914880447,-1.05277358853553,7.4062527428167,Pre,4.32912594375528,2.39693756773899,0,0.15091
324,priv,AM,spend_per_vol_mean,sens,c2014,0,0.819240877715317,1.59761652969235,-2.31208752048168,3.95056927591231,Post,4.32912594375528,2.39693756773899,0,0.15091
324,priv,AM,spend_per_vol_mean,sens,c2014,1,0.866741018731764,1.5662430363857,-2.20309533258421,3.93657737004774,Post,4.32912594375528,2.39693756773899,0,0.15091
324,priv,AM,spend_per_vol_mean,sens,c2014,2,0.884166485403062,1.60344887902593,-2.25859331748775,4.02692628829388,Post,4.32912594375528,2.39693756773899,0,0.15091
324,priv,AM,spend_per_vol_mean,sens,c2014,3,8.70095053872579,4.04513863441428,0.772478815273804,16.6294222621778,Post,4.32912594375528,2.39693756773899,0,0.15091
324,priv,AM,spend_per_vol_mean,sens,c2014,4,10.3745307982005,6.46435648623181,-2.29560791481387,23.0446695112148,Post,4.32912594375528,2.39693756773899,0,0.15091
325,priv,AM,vol_per_bene_mean,main,all_cohorts,-6,-299.26450006365,113.434164788103,-521.595463048332,-76.9335370789684,Pre,305.013517729901,201.099188421314,0,0
325,priv,AM,vol_per_bene_mean,main,all_cohorts,-5,385.595808537438,145.755641148516,99.9147518863468,671.27686518853,Pre,305.013517729901,201.099188421314,0,0
325,priv,AM,vol_per_bene_mean,main,all_cohorts,-4,16.4979215539926,420.664140335292,-808.003793503179,840.999636611164,Pre,305.013517729901,201.099188421314,0,0
325,priv,AM,vol_per_bene_mean,main,all_cohorts,-3,173.790314830393,312.824460722618,-439.345628185938,786.926257846724,Pre,305.013517729901,201.099188421314,0,0
325,priv,AM,vol_per_bene_mean,main,all_cohorts,-2,56.9625885204766,219.848126269013,-373.939738966789,487.864916007742,Pre,305.013517729901,201.099188421314,0,0
325,priv,AM,vol_per_bene_mean,main,all_cohorts,-1,-66.7994508585571,112.01352993692,-286.345969534921,152.747067817807,Pre,305.013517729901,201.099188421314,0,0
325,priv,AM,vol_per_bene_mean,main,all_cohorts,0,103.784457937673,96.9824259485137,-86.3010969214135,293.87001279676,Post,305.013517729901,201.099188421314,0,0
325,priv,AM,vol_per_bene_mean,main,all_cohorts,1,167.58390802798,179.174680259568,-183.598465280774,518.766281336734,Post,305.013517729901,201.099188421314,0,0
325,priv,AM,vol_per_bene_mean,main,all_cohorts,2,385.413097651808,203.893194720363,-14.2175640001039,785.04375930372,Post,305.013517729901,201.099188421314,0,0
325,priv,AM,vol_per_bene_mean,main,all_cohorts,3,573.434813937342,255.312788437395,73.021748600048,1073.84787927464,Post,305.013517729901,201.099188421314,0,0
325,priv,AM,vol_per_bene_mean,main,all_cohorts,4,338.169283826908,373.143026525559,-393.191048163188,1069.529615817,Post,305.013517729901,201.099188421314,0,0
326,priv,AM,vol_per_bene_mean,main,c2014,-3,222.610167275963,200.81160943851,-170.980587223516,616.200921775442,Pre,304.290671122724,224.690361772103,0,0.00643
326,priv,AM,vol_per_bene_mean,main,c2014,-2,-200.895370789362,148.987921139943,-492.911696223651,91.1209546449273,Pre,304.290671122724,224.690361772103,0,0.00643
326,priv,AM,vol_per_bene_mean,main,c2014,-1,-271.540115128091,110.810221858542,-488.728149970833,-54.3520802853493,Pre,304.290671122724,224.690361772103,0,0.00643
326,priv,AM,vol_per_bene_mean,main,c2014,0,-40.1945266393585,120.074828679353,-275.54119085089,195.152137572173,Post,304.290671122724,224.690361772103,0,0.00643
326,priv,AM,vol_per_bene_mean,main,c2014,1,195.144767577387,260.846511442663,-316.114394850233,706.403930005007,Post,304.290671122724,224.690361772103,0,0.00643
326,priv,AM,vol_per_bene_mean,main,c2014,2,395.748285174884,221.118924416341,-37.6448066811452,829.141377030912,Post,304.290671122724,224.690361772103,0,0.00643
326,priv,AM,vol_per_bene_mean,main,c2014,3,632.5855456738,263.999034435236,115.147438180737,1150.02365316686,Post,304.290671122724,224.690361772103,0,0.00643
326,priv,AM,vol_per_bene_mean,main,c2014,4,338.169283826908,376.339447326499,-399.456032933029,1075.79460058685,Post,304.290671122724,224.690361772103,0,0.00643
327,priv,AM,vol_per_bene_mean,sens,all_cohorts,-6,-288.859162269738,91.3218897422316,-467.850066164512,-109.868258374964,Pre,57.5675674062088,87.687891111735,0,0
327,priv,AM,vol_per_bene_mean,sens,all_cohorts,-5,376.303486022309,185.882462157758,11.9738601931036,740.633111851514,Pre,57.5675674062088,87.687891111735,0,0
327,priv,AM,vol_per_bene_mean,sens,all_cohorts,-4,-23.168339994767,437.836218292281,-881.327327847638,834.990647858103,Pre,57.5675674062088,87.687891111735,0,0
327,priv,AM,vol_per_bene_mean,sens,all_cohorts,-3,72.2634836664489,165.147804843649,-251.426213827103,395.95318116,Pre,57.5675674062088,87.687891111735,0,0
327,priv,AM,vol_per_bene_mean,sens,all_cohorts,-2,-18.6957553037429,193.141022968735,-397.252160322463,359.860649714977,Pre,57.5675674062088,87.687891111735,0,0
327,priv,AM,vol_per_bene_mean,sens,all_cohorts,-1,-82.9881942155756,91.7075711901587,-262.735033748287,96.7586453171354,Pre,57.5675674062088,87.687891111735,0,0
327,priv,AM,vol_per_bene_mean,sens,all_cohorts,0,93.3850881974777,65.87758894001,-35.7349861249418,222.505162519897,Post,57.5675674062088,87.687891111735,0,0
327,priv,AM,vol_per_bene_mean,sens,all_cohorts,1,81.027550210681,122.157540794237,-158.401229746023,320.456330167385,Post,57.5675674062088,87.687891111735,0,0
327,priv,AM,vol_per_bene_mean,sens,all_cohorts,2,167.276849178256,125.607982830836,-78.9147971701823,413.468495526695,Post,57.5675674062088,87.687891111735,0,0
327,priv,AM,vol_per_bene_mean,sens,all_cohorts,3,51.1498100621368,149.978288723141,-242.80763583522,345.107255959493,Post,57.5675674062088,87.687891111735,0,0
327,priv,AM,vol_per_bene_mean,sens,all_cohorts,4,-147.159258368318,151.504557536852,-444.108191140547,149.789674403911,Post,57.5675674062088,87.687891111735,0,0
328,priv,AM,vol_per_bene_mean,sens,c2014,-3,296.804301857822,117.337641384003,66.8225247451755,526.786078970469,Pre,20.0906218403816,100.085072920164,0,0.00176
328,priv,AM,vol_per_bene_mean,sens,c2014,-2,-241.870047609424,135.015939542555,-506.501289112831,22.7611938939828,Pre,20.0906218403816,100.085072920164,0,0.00176
328,priv,AM,vol_per_bene_mean,sens,c2014,-1,-256.469585094962,96.8640560167809,-446.323134887852,-66.6160353020714,Pre,20.0906218403816,100.085072920164,0,0.00176
328,priv,AM,vol_per_bene_mean,sens,c2014,0,-45.2494271154583,68.4586999912802,-179.428479098367,88.9296248674509,Post,20.0906218403816,100.085072920164,0,0.00176
328,priv,AM,vol_per_bene_mean,sens,c2014,1,85.336042554226,126.481390156552,-162.567482152616,333.239567261068,Post,20.0906218403816,100.085072920164,0,0.00176
328,priv,AM,vol_per_bene_mean,sens,c2014,2,137.173708477184,127.549280154914,-112.822880626448,387.170297580816,Post,20.0906218403816,100.085072920164,0,0.00176
328,priv,AM,vol_per_bene_mean,sens,c2014,3,70.3520436542743,164.931631409666,-252.91395390867,393.618041217219,Post,20.0906218403816,100.085072920164,0,0.00176
328,priv,AM,vol_per_bene_mean,sens,c2014,4,-147.159258368318,153.53603191266,-448.089880917131,153.771364180495,Post,20.0906218403816,100.085072920164,0,0.00176
329,priv,AM,vol_per_capita_mean,main,all_cohorts,-6,-155.342802391569,75.2285742354291,-302.79080789301,-7.89479689012782,Pre,62.5876884462017,133.1871162511,0,0
329,priv,AM,vol_per_capita_mean,main,all_cohorts,-5,170.633827936681,82.2633622456101,9.39763793528505,331.870017938077,Pre,62.5876884462017,133.1871162511,0,0
329,priv,AM,vol_per_capita_mean,main,all_cohorts,-4,7.12471948151818,281.280110886495,-544.184297856012,558.433736819048,Pre,62.5876884462017,133.1871162511,0,0
329,priv,AM,vol_per_capita_mean,main,all_cohorts,-3,107.806446496807,221.584530017978,-326.49923233843,542.112125332044,Pre,62.5876884462017,133.1871162511,0,0
329,priv,AM,vol_per_capita_mean,main,all_cohorts,-2,28.1109807860746,152.915542775975,-271.603483054836,327.825444626985,Pre,62.5876884462017,133.1871162511,0,0
329,priv,AM,vol_per_capita_mean,main,all_cohorts,-1,-52.8854169927649,58.5644979191382,-167.671832914276,61.900998928746,Pre,62.5876884462017,133.1871162511,0,0
329,priv,AM,vol_per_capita_mean,main,all_cohorts,0,14.4851093883678,68.7658166105182,-120.295891168248,149.266109944983,Post,62.5876884462017,133.1871162511,0,0
329,priv,AM,vol_per_capita_mean,main,all_cohorts,1,-30.2764723602114,106.1400081016,-238.310888239347,177.757943518925,Post,62.5876884462017,133.1871162511,0,0
329,priv,AM,vol_per_capita_mean,main,all_cohorts,2,64.3725319285862,131.339379155471,-193.052651216136,321.797715073309,Post,62.5876884462017,133.1871162511,0,0
329,priv,AM,vol_per_capita_mean,main,all_cohorts,3,196.245768469493,166.338174456673,-129.777053465586,522.268590404571,Post,62.5876884462017,133.1871162511,0,0
329,priv,AM,vol_per_capita_mean,main,all_cohorts,4,91.114859928195,209.496063779289,-319.497425079211,501.727144935601,Post,62.5876884462017,133.1871162511,0,0
330,priv,AM,vol_per_capita_mean,main,c2014,-3,146.201764545169,126.74348897486,-102.215473845556,394.619002935894,Pre,61.4136909976646,134.14404609753,0,0.00649
330,priv,AM,vol_per_capita_mean,main,c2014,-2,-173.195019620843,100.146734342729,-369.482618932591,23.0925796909047,Pre,61.4136909976646,134.14404609753,0,0.00649
330,priv,AM,vol_per_capita_mean,main,c2014,-1,-189.64549467144,92.8224147259791,-371.577427534359,-7.71356180852141,Pre,61.4136909976646,134.14404609753,0,0.00649
330,priv,AM,vol_per_capita_mean,main,c2014,0,-80.4522204388268,83.0351881533631,-243.201189219419,82.296748341765,Post,61.4136909976646,134.14404609753,0,0.00649
330,priv,AM,vol_per_capita_mean,main,c2014,1,-11.27342419352,163.208898543324,-331.162865338436,308.616016951396,Post,61.4136909976646,134.14404609753,0,0.00649
330,priv,AM,vol_per_capita_mean,main,c2014,2,74.4550379752623,144.580022698519,-208.921806513835,357.83188246436,Post,61.4136909976646,134.14404609753,0,0.00649
330,priv,AM,vol_per_capita_mean,main,c2014,3,233.224201717212,185.654070366419,-130.657776200969,597.106179635393,Post,61.4136909976646,134.14404609753,0,0.00649
330,priv,AM,vol_per_capita_mean,main,c2014,4,91.114859928195,210.915987999673,-322.280476551164,504.510196407554,Post,61.4136909976646,134.14404609753,0,0.00649
331,priv,AM,vol_per_capita_mean,sens,all_cohorts,-6,-146.695508017348,47.0611933278259,-238.935446939887,-54.4555690948096,Pre,-71.1834404579532,64.0259302861549,0,0
331,priv,AM,vol_per_capita_mean,sens,all_cohorts,-5,184.42753862776,104.663841413785,-20.7135905432591,389.56866779878,Pre,-71.1834404579532,64.0259302861549,0,0
331,priv,AM,vol_per_capita_mean,sens,all_cohorts,-4,-22.0013240451024,291.534953576238,-593.409833054528,549.407184964323,Pre,-71.1834404579532,64.0259302861549,0,0
331,priv,AM,vol_per_capita_mean,sens,all_cohorts,-3,49.0397367010688,121.402489710028,-188.909143130585,286.988616532723,Pre,-71.1834404579532,64.0259302861549,0,0
331,priv,AM,vol_per_capita_mean,sens,all_cohorts,-2,-1.64013303332304,135.150767884926,-266.535638087779,263.255372021133,Pre,-71.1834404579532,64.0259302861549,0,0
331,priv,AM,vol_per_capita_mean,sens,all_cohorts,-1,-93.3940483450049,60.28036473733,-211.543563230172,24.755466540162,Pre,-71.1834404579532,64.0259302861549,0,0
331,priv,AM,vol_per_capita_mean,sens,all_cohorts,0,11.5910466437997,45.8889952203375,-78.3513839880618,101.533477275661,Post,-71.1834404579532,64.0259302861549,0,0
331,priv,AM,vol_per_capita_mean,sens,all_cohorts,1,-50.1985501363382,75.449006522641,-198.078602920715,97.6815026480382,Post,-71.1834404579532,64.0259302861549,0,0
331,priv,AM,vol_per_capita_mean,sens,all_cohorts,2,-28.0974948294752,78.4678252799403,-181.894432378158,125.699442719208,Post,-71.1834404579532,64.0259302861549,0,0
331,priv,AM,vol_per_capita_mean,sens,all_cohorts,3,-107.028250588338,98.5236222900581,-300.134550276852,86.078049100176,Post,-71.1834404579532,64.0259302861549,0,0
331,priv,AM,vol_per_capita_mean,sens,all_cohorts,4,-217.275828793145,106.191225693059,-425.410631151541,-9.1410264347501,Post,-71.1834404579532,64.0259302861549,0,0
332,priv,AM,vol_per_capita_mean,sens,c2014,-3,185.246835166789,77.788599672564,32.7811798085635,337.712490525014,Pre,-91.3077580815308,70.8783120196936,0,0.00137
332,priv,AM,vol_per_capita_mean,sens,c2014,-2,-165.914591684802,89.9359206153113,-342.188996090812,10.3598127212086,Pre,-91.3077580815308,70.8783120196936,0,0.00137
332,priv,AM,vol_per_capita_mean,sens,c2014,-1,-220.046344312584,81.6809891530325,-380.141083052528,-59.9516055726408,Pre,-91.3077580815308,70.8783120196936,0,0.00137
332,priv,AM,vol_per_capita_mean,sens,c2014,0,-70.5192161796563,53.4780104523272,-175.336116666218,34.297684306905,Post,-91.3077580815308,70.8783120196936,0,0.00137
332,priv,AM,vol_per_capita_mean,sens,c2014,1,-38.7901400631055,91.964973471631,-219.041488067502,141.461207941291,Post,-91.3077580815308,70.8783120196936,0,0.00137
332,priv,AM,vol_per_capita_mean,sens,c2014,2,-35.8154414793296,88.8236771937661,-209.909848779111,138.278965820452,Post,-91.3077580815308,70.8783120196936,0,0.00137
332,priv,AM,vol_per_capita_mean,sens,c2014,3,-94.1381638924173,104.330687971295,-298.626312316156,110.349984531322,Post,-91.3077580815308,70.8783120196936,0,0.00137
332,priv,AM,vol_per_capita_mean,sens,c2014,4,-217.275828793145,104.702938998335,-422.493589229882,-12.0580683564091,Post,-91.3077580815308,70.8783120196936,0,0.00137
333,priv,ED,spend_per_bene_mean,main,all_cohorts,-6,-7.13575291298628,1.38501333202014,-9.85037904374575,-4.42112678222681,Pre,3.46063657167521,2.09586050349808,0,0
333,priv,ED,spend_per_bene_mean,main,all_cohorts,-5,5.19310832280849,2.20897126142907,0.863524650407505,9.52269199520947,Pre,3.46063657167521,2.09586050349808,0,0
333,priv,ED,spend_per_bene_mean,main,all_cohorts,-4,2.47710337978304,4.79299629200478,-6.91716935254632,11.8713761121124,Pre,3.46063657167521,2.09586050349808,0,0
333,priv,ED,spend_per_bene_mean,main,all_cohorts,-3,2.46838475231964,2.68056738518053,-2.78552732263419,7.72229682727347,Pre,3.46063657167521,2.09586050349808,0,0
333,priv,ED,spend_per_bene_mean,main,all_cohorts,-2,-0.260685455157008,3.16259904454725,-6.45937958246961,5.93800867215559,Pre,3.46063657167521,2.09586050349808,0,0
333,priv,ED,spend_per_bene_mean,main,all_cohorts,-1,0.501644932307347,1.96832620499203,-3.35627442947703,4.35956429409172,Pre,3.46063657167521,2.09586050349808,0,0
333,priv,ED,spend_per_bene_mean,main,all_cohorts,0,0.420368603548433,1.7928744239911,-3.09366526747413,3.93440247457099,Post,3.46063657167521,2.09586050349808,0,0
333,priv,ED,spend_per_bene_mean,main,all_cohorts,1,0.310673216921365,3.10672948629613,-5.77851657621905,6.39986301006178,Post,3.46063657167521,2.09586050349808,0,0
333,priv,ED,spend_per_bene_mean,main,all_cohorts,2,3.17078546865358,2.27298275529676,-1.28426073172807,7.62583166903523,Post,3.46063657167521,2.09586050349808,0,0
333,priv,ED,spend_per_bene_mean,main,all_cohorts,3,8.30930418808251,3.06282175872562,2.30617354098029,14.3124348351847,Post,3.46063657167521,2.09586050349808,0,0
333,priv,ED,spend_per_bene_mean,main,all_cohorts,4,6.31304030233306,3.35502706583313,-0.262812746699876,12.888893351366,Post,3.46063657167521,2.09586050349808,0,0
334,priv,ED,spend_per_bene_mean,main,c2014,-3,4.84158774812182,2.24649337024471,0.438460742442188,9.24471475380145,Pre,4.21941047860885,2.59755069665573,0,0.1296
334,priv,ED,spend_per_bene_mean,main,c2014,-2,-2.23382563615132,2.73074585653586,-7.5860875149616,3.11843624265896,Pre,4.21941047860885,2.59755069665573,0,0.1296
334,priv,ED,spend_per_bene_mean,main,c2014,-1,0.34486223810862,1.52171643114271,-2.6377019669311,3.32742644314834,Pre,4.21941047860885,2.59755069665573,0,0.1296
334,priv,ED,spend_per_bene_mean,main,c2014,0,-1.54634576597721,2.33925736127121,-6.13129019406878,3.03859866211436,Post,4.21941047860885,2.59755069665573,0,0.1296
334,priv,ED,spend_per_bene_mean,main,c2014,1,2.70757863806741,3.56000994374777,-4.27004085167822,9.68519812781303,Post,4.21941047860885,2.59755069665573,0,0.1296
334,priv,ED,spend_per_bene_mean,main,c2014,2,4.30774962006636,2.65012915109588,-0.886503516081564,9.50200275621428,Post,4.21941047860885,2.59755069665573,0,0.1296
334,priv,ED,spend_per_bene_mean,main,c2014,3,9.31502959855464,3.35148035034976,2.74612811186912,15.8839310852402,Post,4.21941047860885,2.59755069665573,0,0.1296
334,priv,ED,spend_per_bene_mean,main,c2014,4,6.31304030233306,3.3814849524975,-0.314670204562043,12.9407508092282,Post,4.21941047860885,2.59755069665573,0,0.1296
335,priv,ED,spend_per_bene_mean,sens,all_cohorts,-6,-6.41431016299626,1.75935213007323,-9.86264033793978,-2.96597998805274,Pre,0.169211649425639,1.50311918414328,0,0
335,priv,ED,spend_per_bene_mean,sens,all_cohorts,-5,5.89687010992757,2.62276949502291,0.756241899682668,11.0374983201725,Pre,0.169211649425639,1.50311918414328,0,0
335,priv,ED,spend_per_bene_mean,sens,all_cohorts,-4,2.15497423853271,5.5809009238942,-8.78359157229992,13.0935400493653,Pre,0.169211649425639,1.50311918414328,0,0
335,priv,ED,spend_per_bene_mean,sens,all_cohorts,-3,-0.0239269542942183,1.96746480111332,-3.88015796447632,3.83230405588788,Pre,0.169211649425639,1.50311918414328,0,0
335,priv,ED,spend_per_bene_mean,sens,all_cohorts,-2,-0.687847682719943,2.63279427860549,-5.8481244687867,4.47242910334682,Pre,0.169211649425639,1.50311918414328,0,0
335,priv,ED,spend_per_bene_mean,sens,all_cohorts,-1,0.904810905465805,2.48164166652669,-3.95920676092651,5.76882857185812,Pre,0.169211649425639,1.50311918414328,0,0
335,priv,ED,spend_per_bene_mean,sens,all_cohorts,0,-0.217363033661549,1.21893729437181,-2.6064801306303,2.17175406330721,Post,0.169211649425639,1.50311918414328,0,0
335,priv,ED,spend_per_bene_mean,sens,all_cohorts,1,-1.24788397542363,1.87079446402094,-4.91464112490468,2.41887317405742,Post,0.169211649425639,1.50311918414328,0,0
335,priv,ED,spend_per_bene_mean,sens,all_cohorts,2,0.0655699686340798,1.59618105072907,-3.06294489079489,3.19408482806305,Post,0.169211649425639,1.50311918414328,0,0
335,priv,ED,spend_per_bene_mean,sens,all_cohorts,3,1.26610652809991,2.82023835180765,-4.2615606414431,6.79377369764291,Post,0.169211649425639,1.50311918414328,0,0
335,priv,ED,spend_per_bene_mean,sens,all_cohorts,4,1.37790306365065,2.41265005849088,-3.35089105099148,6.10669717829278,Post,0.169211649425639,1.50311918414328,0,0
336,priv,ED,spend_per_bene_mean,sens,c2014,-3,2.72948539012898,1.77648293602346,-0.752421164476997,6.21139194473495,Pre,0.0522218944459328,1.65118471643879,0,0.19692
336,priv,ED,spend_per_bene_mean,sens,c2014,-2,-2.94370781536219,2.48350041685313,-7.81136863239432,1.92395300166993,Pre,0.0522218944459328,1.65118471643879,0,0.19692
336,priv,ED,spend_per_bene_mean,sens,c2014,-1,-1.27715867118291,1.49981749077502,-4.21680095310196,1.66248361073613,Pre,0.0522218944459328,1.65118471643879,0,0.19692
336,priv,ED,spend_per_bene_mean,sens,c2014,0,-2.9171634924256,1.16578805402719,-5.2021080783189,-0.632218906532303,Post,0.0522218944459328,1.65118471643879,0,0.19692
336,priv,ED,spend_per_bene_mean,sens,c2014,1,0.359502374385687,1.60030927877586,-2.777103812015,3.49610856078637,Post,0.0522218944459328,1.65118471643879,0,0.19692
336,priv,ED,spend_per_bene_mean,sens,c2014,2,0.153544006144949,1.7486052194259,-3.27372222392982,3.58081023621972,Post,0.0522218944459328,1.65118471643879,0,0.19692
336,priv,ED,spend_per_bene_mean,sens,c2014,3,1.28732352047398,3.11490594001444,-4.81789212195432,7.39253916290228,Post,0.0522218944459328,1.65118471643879,0,0.19692
336,priv,ED,spend_per_bene_mean,sens,c2014,4,1.37790306365065,2.31774399062605,-3.16487515797641,5.92068128527771,Post,0.0522218944459328,1.65118471643879,0,0.19692
337,priv,ED,spend_per_capita_mean,main,all_cohorts,-6,-3.69649656048297,0.787355962168728,-5.23971424633368,-2.15327887463226,Pre,-0.494650047321527,1.28615969500905,0,0
337,priv,ED,spend_per_capita_mean,main,all_cohorts,-5,1.91938503982656,1.33118890349515,-0.689745211023941,4.52851529067706,Pre,-0.494650047321527,1.28615969500905,0,0
337,priv,ED,spend_per_capita_mean,main,all_cohorts,-4,1.95765601111047,2.99761795798126,-3.91767518653279,7.83298720875374,Pre,-0.494650047321527,1.28615969500905,0,0
337,priv,ED,spend_per_capita_mean,main,all_cohorts,-3,1.14894427822918,1.64846942006865,-2.08205578510538,4.37994434156374,Pre,-0.494650047321527,1.28615969500905,0,0
337,priv,ED,spend_per_capita_mean,main,all_cohorts,-2,-0.268151497594098,2.15057906118581,-4.48328645751829,3.9469834623301,Pre,-0.494650047321527,1.28615969500905,0,0
337,priv,ED,spend_per_capita_mean,main,all_cohorts,-1,0.139234769772491,1.12114825024316,-2.0582158007041,2.33668534024908,Pre,-0.494650047321527,1.28615969500905,0,0
337,priv,ED,spend_per_capita_mean,main,all_cohorts,0,-0.646495309852663,1.1968899649738,-2.99239964120132,1.69940902149599,Post,-0.494650047321527,1.28615969500905,0,0
337,priv,ED,spend_per_capita_mean,main,all_cohorts,1,-2.43787154166174,2.05745657253337,-6.47048642382715,1.59474334050367,Post,-0.494650047321527,1.28615969500905,0,0
337,priv,ED,spend_per_capita_mean,main,all_cohorts,2,-1.56097124440149,1.45818688271414,-4.41901753452121,1.29707504571823,Post,-0.494650047321527,1.28615969500905,0,0
337,priv,ED,spend_per_capita_mean,main,all_cohorts,3,1.990404329818,1.9562332871812,-1.84381291305715,5.82462157269315,Post,-0.494650047321527,1.28615969500905,0,0
337,priv,ED,spend_per_capita_mean,main,all_cohorts,4,0.726012783456685,1.83896254632952,-2.87835380734918,4.33037937426255,Post,-0.494650047321527,1.28615969500905,0,0
338,priv,ED,spend_per_capita_mean,main,c2014,-3,3.07711370914256,1.38294953629613,0.366532618002149,5.78769480028298,Pre,-0.100234273892496,1.34097953537402,0,0.15309
338,priv,ED,spend_per_capita_mean,main,c2014,-2,-2.02989331277942,1.71636649725761,-5.39397164740433,1.33418502184549,Pre,-0.100234273892496,1.34097953537402,0,0.15309
338,priv,ED,spend_per_capita_mean,main,c2014,-1,0.0442527905002468,1.26186488283358,-2.42900237985358,2.51750796085407,Pre,-0.100234273892496,1.34097953537402,0,0.15309
338,priv,ED,spend_per_capita_mean,main,c2014,0,-2.05824977111706,1.41712450158989,-4.83581379423324,0.719314251999117,Post,-0.100234273892496,1.34097953537402,0,0.15309
338,priv,ED,spend_per_capita_mean,main,c2014,1,-0.980982349362868,1.5768707198477,-4.07164896026435,2.10968426153862,Post,-0.100234273892496,1.34097953537402,0,0.15309
338,priv,ED,spend_per_capita_mean,main,c2014,2,-0.780291323784904,1.66574181062255,-4.0451452726051,2.48456262503529,Post,-0.100234273892496,1.34097953537402,0,0.15309
338,priv,ED,spend_per_capita_mean,main,c2014,3,2.59233929134567,2.06971425789305,-1.4643006541247,6.64897923681604,Post,-0.100234273892496,1.34097953537402,0,0.15309
338,priv,ED,spend_per_capita_mean,main,c2014,4,0.726012783456685,1.85858080387128,-2.91680559213102,4.36883115904439,Post,-0.100234273892496,1.34097953537402,0,0.15309
339,priv,ED,spend_per_capita_mean,sens,all_cohorts,-6,-3.129156444978,0.748063408313905,-4.59536072527326,-1.66295216468275,Pre,-1.85569135897551,1.01028023754919,0,0
339,priv,ED,spend_per_capita_mean,sens,all_cohorts,-5,2.71101998835176,1.25847610257507,0.24440682730461,5.1776331493989,Pre,-1.85569135897551,1.01028023754919,0,0
339,priv,ED,spend_per_capita_mean,sens,all_cohorts,-4,1.62111891274508,3.16984089183961,-4.59176923526056,7.83400706075072,Pre,-1.85569135897551,1.01028023754919,0,0
339,priv,ED,spend_per_capita_mean,sens,all_cohorts,-3,-0.0760302753321737,1.30449872037408,-2.63284776726537,2.48078721660102,Pre,-1.85569135897551,1.01028023754919,0,0
339,priv,ED,spend_per_capita_mean,sens,all_cohorts,-2,-0.170440996852943,1.73493505540238,-3.57091370544161,3.23003171173572,Pre,-1.85569135897551,1.01028023754919,0,0
339,priv,ED,spend_per_capita_mean,sens,all_cohorts,-1,-0.310342444399361,1.60939883461436,-3.46476416024352,2.84407927144479,Pre,-1.85569135897551,1.01028023754919,0,0
339,priv,ED,spend_per_capita_mean,sens,all_cohorts,0,-0.976997310349575,0.816776804072489,-2.57787984633165,0.623885225632504,Post,-1.85569135897551,1.01028023754919,0,0
339,priv,ED,spend_per_capita_mean,sens,all_cohorts,1,-2.82256031540296,1.52720025668873,-5.81587281851287,0.170752187706946,Post,-1.85569135897551,1.01028023754919,0,0
339,priv,ED,spend_per_capita_mean,sens,all_cohorts,2,-2.42858076492014,1.41370263029561,-5.19943792029954,0.342276390459265,Post,-1.85569135897551,1.01028023754919,0,0
339,priv,ED,spend_per_capita_mean,sens,all_cohorts,3,-1.47208046276267,1.64439773977374,-4.69510003271921,1.75093910719387,Post,-1.85569135897551,1.01028023754919,0,0
339,priv,ED,spend_per_capita_mean,sens,all_cohorts,4,-1.46208881737661,1.62683484591841,-4.65068511537668,1.72650748062346,Post,-1.85569135897551,1.01028023754919,0,0
340,priv,ED,spend_per_capita_mean,sens,c2014,-3,1.7376542938324,1.20458928878915,-0.623340712194338,4.09864929985914,Pre,-1.75081071446484,1.20686023253283,0,0.07778
340,priv,ED,spend_per_capita_mean,sens,c2014,-2,-1.84073556461314,1.67915892499574,-5.1318870576048,1.45041592837851,Pre,-1.75081071446484,1.20686023253283,0,0.07778
340,priv,ED,spend_per_capita_mean,sens,c2014,-1,-2.0471668130234,1.52159394545819,-5.02949094612144,0.935157320074641,Pre,-1.75081071446484,1.20686023253283,0,0.07778
340,priv,ED,spend_per_capita_mean,sens,c2014,0,-2.49922110728057,0.884043086796821,-4.23194555740234,-0.766496657158805,Post,-1.75081071446484,1.20686023253283,0,0.07778
340,priv,ED,spend_per_capita_mean,sens,c2014,1,-1.38427237246415,1.19804920123946,-3.73244880689349,0.963904061965186,Post,-1.75081071446484,1.20686023253283,0,0.07778
340,priv,ED,spend_per_capita_mean,sens,c2014,2,-2.03499113646251,1.37814141355266,-4.73614830702573,0.666166034100698,Post,-1.75081071446484,1.20686023253283,0,0.07778
340,priv,ED,spend_per_capita_mean,sens,c2014,3,-1.37348013874035,1.82496664828141,-4.95041476937192,2.20345449189121,Post,-1.75081071446484,1.20686023253283,0,0.07778
340,priv,ED,spend_per_capita_mean,sens,c2014,4,-1.46208881737661,1.56717219200516,-4.53374631370671,1.60956867895349,Post,-1.75081071446484,1.20686023253283,0,0.07778
341,priv,ED,spend_per_vol_mean,main,all_cohorts,-6,29.9297270241251,16.0544040318114,-1.53690487822525,61.3963589264754,Pre,-4.81061656394605,23.4350705335397,0,0
341,priv,ED,spend_per_vol_mean,main,all_cohorts,-5,24.0863490155954,38.2801968397709,-50.9428367903556,99.1155348215463,Pre,-4.81061656394605,23.4350705335397,0,0
341,priv,ED,spend_per_vol_mean,main,all_cohorts,-4,53.2742727067375,24.1791594252602,5.8831202332276,100.665425180247,Pre,-4.81061656394605,23.4350705335397,0,0
341,priv,ED,spend_per_vol_mean,main,all_cohorts,-3,-47.0747511865675,27.5255608646261,-101.024850481235,6.87534810809968,Pre,-4.81061656394605,23.4350705335397,0,0
341,priv,ED,spend_per_vol_mean,main,all_cohorts,-2,13.9123341265896,15.1939602667207,-15.867827996183,43.6924962493623,Pre,-4.81061656394605,23.4350705335397,0,0
341,priv,ED,spend_per_vol_mean,main,all_cohorts,-1,-9.86619261025605,22.3500688780426,-53.6723276112195,33.9399423907074,Pre,-4.81061656394605,23.4350705335397,0,0
341,priv,ED,spend_per_vol_mean,main,all_cohorts,0,-14.2323694870156,24.0711957242267,-61.4119131064999,32.9471741324687,Post,-4.81061656394605,23.4350705335397,0,0
341,priv,ED,spend_per_vol_mean,main,all_cohorts,1,-7.08438600660223,19.2659883382809,-44.8457231496329,30.6769511364284,Post,-4.81061656394605,23.4350705335397,0,0
341,priv,ED,spend_per_vol_mean,main,all_cohorts,2,-4.23269807331401,18.3823598725874,-40.2621234235852,31.7967272769572,Post,-4.81061656394605,23.4350705335397,0,0
341,priv,ED,spend_per_vol_mean,main,all_cohorts,3,-5.2998605059271,41.6479405508703,-86.929823985633,76.3301029737788,Post,-4.81061656394605,23.4350705335397,0,0
341,priv,ED,spend_per_vol_mean,main,all_cohorts,4,9.99098635081796,53.7720260693293,-95.4021847450674,115.384157446703,Post,-4.81061656394605,23.4350705335397,0,0
342,priv,ED,spend_per_vol_mean,main,c2014,-3,-42.5231511920641,21.374004470509,-84.4161999542616,-0.630102429866454,Pre,-5.89483096015051,25.3015176067349,0,0.11908
342,priv,ED,spend_per_vol_mean,main,c2014,-2,30.4680601601079,25.7360499948967,-19.9745978298897,80.9107181501055,Pre,-5.89483096015051,25.3015176067349,0,0.11908
342,priv,ED,spend_per_vol_mean,main,c2014,-1,28.7940498980124,33.3480102247596,-36.5680501425165,94.1561499385413,Pre,-5.89483096015051,25.3015176067349,0,0.11908
342,priv,ED,spend_per_vol_mean,main,c2014,0,-11.137872465969,24.3008128737164,-58.7674656984532,36.4917207665151,Post,-5.89483096015051,25.3015176067349,0,0.11908
342,priv,ED,spend_per_vol_mean,main,c2014,1,-10.1996648938348,22.3570869432392,-54.0195553025836,33.6202255149141,Post,-5.89483096015051,25.3015176067349,0,0.11908
342,priv,ED,spend_per_vol_mean,main,c2014,2,-9.03882519731668,22.9793363197158,-54.0783243839596,36.0006739893262,Post,-5.89483096015051,25.3015176067349,0,0.11908
342,priv,ED,spend_per_vol_mean,main,c2014,3,-9.08877859445007,44.6471076096039,-96.5971095092737,78.4195523203736,Post,-5.89483096015051,25.3015176067349,0,0.11908
342,priv,ED,spend_per_vol_mean,main,c2014,4,9.99098635081796,51.475565801278,-90.9011226196869,110.883095321323,Post,-5.89483096015051,25.3015176067349,0,0.11908
343,priv,ED,spend_per_vol_mean,sens,all_cohorts,-6,49.221943523624,11.7200110641103,26.2507218379678,72.1931652092802,Pre,-14.2892686018121,16.0779478651849,0,0
343,priv,ED,spend_per_vol_mean,sens,all_cohorts,-5,27.9112818976116,36.4792183299962,-43.587986029181,99.4105498244043,Pre,-14.2892686018121,16.0779478651849,0,0
343,priv,ED,spend_per_vol_mean,sens,all_cohorts,-4,60.3792041364376,23.6151985947664,14.0934148906954,106.66499338218,Pre,-14.2892686018121,16.0779478651849,0,0
343,priv,ED,spend_per_vol_mean,sens,all_cohorts,-3,-14.9467196476454,15.9184667980272,-46.1469145717788,16.2534752764879,Pre,-14.2892686018121,16.0779478651849,0,0
343,priv,ED,spend_per_vol_mean,sens,all_cohorts,-2,-1.75278058042401,10.3603906802769,-22.0591463137667,18.5535851529187,Pre,-14.2892686018121,16.0779478651849,0,0
343,priv,ED,spend_per_vol_mean,sens,all_cohorts,-1,-11.7149575216179,11.5439280854021,-34.3410565690061,10.9111415257702,Pre,-14.2892686018121,16.0779478651849,0,0
343,priv,ED,spend_per_vol_mean,sens,all_cohorts,0,-26.9806085345492,11.5329889497998,-49.5852668761568,-4.37595019294161,Post,-14.2892686018121,16.0779478651849,0,0
343,priv,ED,spend_per_vol_mean,sens,all_cohorts,1,-33.6292222476792,13.6023259544972,-60.2897811184937,-6.96866337686478,Post,-14.2892686018121,16.0779478651849,0,0
343,priv,ED,spend_per_vol_mean,sens,all_cohorts,2,-13.5773650283549,16.163850322055,-45.2585116595826,18.1037816028728,Post,-14.2892686018121,16.0779478651849,0,0
343,priv,ED,spend_per_vol_mean,sens,all_cohorts,3,5.77321628022369,27.4200355861896,-47.9700534687079,59.5164860291553,Post,-14.2892686018121,16.0779478651849,0,0
343,priv,ED,spend_per_vol_mean,sens,all_cohorts,4,3.35804367983437,38.2532886980846,-71.6184021684114,78.3344895280801,Post,-14.2892686018121,16.0779478651849,0,0
344,priv,ED,spend_per_vol_mean,sens,c2014,-3,-11.3383591454589,23.9976186887555,-58.3736917754198,35.6969734845019,Pre,-17.75416363055,18.2485306923919,0,0.71562
344,priv,ED,spend_per_vol_mean,sens,c2014,-2,1.49340925443666,14.688833642244,-27.2967046843617,30.283523193235,Pre,-17.75416363055,18.2485306923919,0,0.71562
344,priv,ED,spend_per_vol_mean,sens,c2014,-1,-15.7738362331227,15.7137774178973,-46.5728399722015,15.0251675059561,Pre,-17.75416363055,18.2485306923919,0,0.71562
344,priv,ED,spend_per_vol_mean,sens,c2014,0,-28.4517342895437,14.863977912984,-57.5851309989923,0.681662419904988,Post,-17.75416363055,18.2485306923919,0,0.71562
344,priv,ED,spend_per_vol_mean,sens,c2014,1,-27.3883563732238,15.8275226878463,-58.4103008414025,3.6335880949549,Post,-17.75416363055,18.2485306923919,0,0.71562
344,priv,ED,spend_per_vol_mean,sens,c2014,2,-27.3826778855014,15.3279811876606,-57.4255210133163,2.6601652423134,Post,-17.75416363055,18.2485306923919,0,0.71562
344,priv,ED,spend_per_vol_mean,sens,c2014,3,-8.90609328431547,28.0707559287802,-63.9247749047247,46.1125883360937,Post,-17.75416363055,18.2485306923919,0,0.71562
344,priv,ED,spend_per_vol_mean,sens,c2014,4,3.35804367983437,40.9060733635587,-76.8178601127408,83.5339474724095,Post,-17.75416363055,18.2485306923919,0,0.71562
345,priv,ED,vol_per_bene_mean,main,all_cohorts,-6,-8.86089918550636,1.74522388349367,-12.281537997154,-5.44026037385878,Pre,3.63204523724286,2.73313844511855,0,0
345,priv,ED,vol_per_bene_mean,main,all_cohorts,-5,6.02308542672236,6.23707675945662,-6.20158502181261,18.2477558752573,Pre,3.63204523724286,2.73313844511855,0,0
345,priv,ED,vol_per_bene_mean,main,all_cohorts,-4,-2.54366339050854,4.35448919138711,-11.0784622056273,5.9911354246102,Pre,3.63204523724286,2.73313844511855,0,0
345,priv,ED,vol_per_bene_mean,main,all_cohorts,-3,5.80816695680502,3.79446061335545,-1.62897584537166,13.2453097589817,Pre,3.63204523724286,2.73313844511855,0,0
345,priv,ED,vol_per_bene_mean,main,all_cohorts,-2,-1.64836705588033,2.6702957360219,-6.88214669848326,3.5854125867226,Pre,3.63204523724286,2.73313844511855,0,0
345,priv,ED,vol_per_bene_mean,main,all_cohorts,-1,0.596913461082444,1.61941743869226,-2.57714471875439,3.77097164091927,Pre,3.63204523724286,2.73313844511855,0,0
345,priv,ED,vol_per_bene_mean,main,all_cohorts,0,1.10052176641139,1.99979676165142,-2.81907988642539,5.02012341924818,Post,3.63204523724286,2.73313844511855,0,0
345,priv,ED,vol_per_bene_mean,main,all_cohorts,1,2.48741401549364,3.35011022693502,-4.078802029299,9.05363006028627,Post,3.63204523724286,2.73313844511855,0,0
345,priv,ED,vol_per_bene_mean,main,all_cohorts,2,3.61334532992454,2.21302788329648,-0.724189321336561,7.95087998118564,Post,3.63204523724286,2.73313844511855,0,0
345,priv,ED,vol_per_bene_mean,main,all_cohorts,3,7.50142355933587,4.34760752220632,-1.01988718418853,16.0227343028603,Post,3.63204523724286,2.73313844511855,0,0
345,priv,ED,vol_per_bene_mean,main,all_cohorts,4,4.02700740807672,5.24119846991362,-6.24574159295399,14.2997564091074,Post,3.63204523724286,2.73313844511855,0,0
346,priv,ED,vol_per_bene_mean,main,c2014,-3,6.00026388992665,3.17949461047103,-0.231545546596583,12.2320733264499,Pre,3.6744877819884,2.97953163139304,0,0.10676
346,priv,ED,vol_per_bene_mean,main,c2014,-2,-4.64417133810087,2.96682181133591,-10.4591420883193,1.17079941211752,Pre,3.6744877819884,2.97953163139304,0,0.10676
346,priv,ED,vol_per_bene_mean,main,c2014,-1,-3.14482567679408,2.8385874913418,-8.70845715982402,2.41880580623585,Pre,3.6744877819884,2.97953163139304,0,0.10676
346,priv,ED,vol_per_bene_mean,main,c2014,0,-1.34954894358638,2.10117999811584,-5.46786173989343,2.76876385272066,Post,3.6744877819884,2.97953163139304,0,0.10676
346,priv,ED,vol_per_bene_mean,main,c2014,1,2.92496007921068,3.21385688205124,-3.37419940960976,9.22411956803111,Post,3.6744877819884,2.97953163139304,0,0.10676
346,priv,ED,vol_per_bene_mean,main,c2014,2,4.19217647160408,2.87485581329115,-1.44254092244657,9.82689386565472,Post,3.6744877819884,2.97953163139304,0,0.10676
346,priv,ED,vol_per_bene_mean,main,c2014,3,8.57784389463691,4.69278677319345,-0.620018180822244,17.7757059700961,Post,3.6744877819884,2.97953163139304,0,0.10676
346,priv,ED,vol_per_bene_mean,main,c2014,4,4.02700740807672,5.35063424050452,-6.46023570331215,14.5142505194656,Post,3.6744877819884,2.97953163139304,0,0.10676
347,priv,ED,vol_per_bene_mean,sens,all_cohorts,-6,-11.0261380604526,1.55037414890797,-14.0648713923123,-7.98740472859301,Pre,0.8867697821746,2.00669400772834,0,0
347,priv,ED,vol_per_bene_mean,sens,all_cohorts,-5,6.05189875421686,3.99345379472791,-1.77527068344985,13.8790681918836,Pre,0.8867697821746,2.00669400772834,0,0
347,priv,ED,vol_per_bene_mean,sens,all_cohorts,-4,-3.0457959601648,4.32641311447244,-11.5255656645308,5.43397374420118,Pre,0.8867697821746,2.00669400772834,0,0
347,priv,ED,vol_per_bene_mean,sens,all_cohorts,-3,0.883757748868988,2.10254831453441,-3.23723694761845,5.00475244535643,Pre,0.8867697821746,2.00669400772834,0,0
347,priv,ED,vol_per_bene_mean,sens,all_cohorts,-2,-0.267173866397676,2.11547789336779,-4.41351053739854,3.87916280460319,Pre,0.8867697821746,2.00669400772834,0,0
347,priv,ED,vol_per_bene_mean,sens,all_cohorts,-1,0.793911273114805,1.3227711724676,-1.79872022492169,3.3865427711513,Pre,0.8867697821746,2.00669400772834,0,0
347,priv,ED,vol_per_bene_mean,sens,all_cohorts,0,1.1729050963478,1.48642171459133,-1.74048146425121,4.08629165694681,Post,0.8867697821746,2.00669400772834,0,0
347,priv,ED,vol_per_bene_mean,sens,all_cohorts,1,1.72898576178449,1.45672617899444,-1.12619754904461,4.58416907261359,Post,0.8867697821746,2.00669400772834,0,0
347,priv,ED,vol_per_bene_mean,sens,all_cohorts,2,0.630652424990629,1.77969251793804,-2.85754491016793,4.11884976014918,Post,0.8867697821746,2.00669400772834,0,0
347,priv,ED,vol_per_bene_mean,sens,all_cohorts,3,0.67413979727078,3.52211056113554,-6.22919690255487,7.57747649709643,Post,0.8867697821746,2.00669400772834,0,0
347,priv,ED,vol_per_bene_mean,sens,all_cohorts,4,-0.0017887678673592,3.93680536675872,-7.71792728671444,7.71434975097972,Post,0.8867697821746,2.00669400772834,0,0
348,priv,ED,vol_per_bene_mean,sens,c2014,-3,2.69863177242724,2.65795875118938,-2.51096737990394,7.90823092475842,Pre,0.465493535656382,2.33010247190179,0,0.63611
348,priv,ED,vol_per_bene_mean,sens,c2014,-2,-1.85629709708492,2.0022207887161,-5.78064984296848,2.06805564879864,Pre,0.465493535656382,2.33010247190179,0,0.63611
348,priv,ED,vol_per_bene_mean,sens,c2014,-1,-0.539050138039349,1.51809059446293,-3.51450770318669,2.43640742710799,Pre,0.465493535656382,2.33010247190179,0,0.63611
348,priv,ED,vol_per_bene_mean,sens,c2014,0,-1.15071871702176,1.61978914145274,-4.32550543426912,2.02406800022561,Post,0.465493535656382,2.33010247190179,0,0.63611
348,priv,ED,vol_per_bene_mean,sens,c2014,1,1.45644068439277,1.43300030914605,-1.35223992153349,4.26512129031904,Post,0.465493535656382,2.33010247190179,0,0.63611
348,priv,ED,vol_per_bene_mean,sens,c2014,2,0.66683972611208,2.0308080291659,-3.31354401105309,4.64722346327725,Post,0.465493535656382,2.33010247190179,0,0.63611
348,priv,ED,vol_per_bene_mean,sens,c2014,3,1.35669475266617,4.34418714949691,-7.15791206034776,9.87130156568011,Post,0.465493535656382,2.33010247190179,0,0.63611
348,priv,ED,vol_per_bene_mean,sens,c2014,4,-0.0017887678673592,4.22559839964404,-8.28396163116967,8.28038409543495,Post,0.465493535656382,2.33010247190179,0,0.63611
349,priv,ED,vol_per_capita_mean,main,all_cohorts,-6,-4.44348495098578,1.02589614914746,-6.4542414033148,-2.43272849865676,Pre,0.14184080361055,1.92116106316386,0,0
349,priv,ED,vol_per_capita_mean,main,all_cohorts,-5,2.06346914994346,3.39910905111056,-4.59878459023323,8.72572289012015,Pre,0.14184080361055,1.92116106316386,0,0
349,priv,ED,vol_per_capita_mean,main,all_cohorts,-4,-1.49750486423971,2.6942105476754,-6.7781575376835,3.78314780920407,Pre,0.14184080361055,1.92116106316386,0,0
349,priv,ED,vol_per_capita_mean,main,all_cohorts,-3,3.56403849231772,2.3548458299363,-1.05145933435743,8.17953631899287,Pre,0.14184080361055,1.92116106316386,0,0
349,priv,ED,vol_per_capita_mean,main,all_cohorts,-2,-0.861672145916972,1.78478535427366,-4.35985144029334,2.6365071484594,Pre,0.14184080361055,1.92116106316386,0,0
349,priv,ED,vol_per_capita_mean,main,all_cohorts,-1,0.391905681398286,1.03041594694221,-1.62770957460844,2.41152093740501,Pre,0.14184080361055,1.92116106316386,0,0
349,priv,ED,vol_per_capita_mean,main,all_cohorts,0,-0.165080663514111,1.39633245591188,-2.90189227710139,2.57173095007317,Post,0.14184080361055,1.92116106316386,0,0
349,priv,ED,vol_per_capita_mean,main,all_cohorts,1,-0.549567505684031,1.9304216761328,-4.33319399090432,3.23405897953626,Post,0.14184080361055,1.92116106316386,0,0
349,priv,ED,vol_per_capita_mean,main,all_cohorts,2,-0.480718643091085,1.76617315771741,-3.94241803221721,2.98098074603504,Post,0.14184080361055,1.92116106316386,0,0
349,priv,ED,vol_per_capita_mean,main,all_cohorts,3,2.01942532829242,3.09255301228278,-4.04197857578184,8.08082923236667,Post,0.14184080361055,1.92116106316386,0,0
349,priv,ED,vol_per_capita_mean,main,all_cohorts,4,0.0887819636935161,3.59206483111487,-6.95166510529163,7.12922903267866,Post,0.14184080361055,1.92116106316386,0,0
350,priv,ED,vol_per_capita_mean,main,c2014,-3,4.46962632205299,2.10141337482558,0.350856107394846,8.58839653671114,Pre,0.232365914506501,2.21147136379658,0,0.0851
350,priv,ED,vol_per_capita_mean,main,c2014,-2,-2.98730378630068,1.58007746321053,-6.08425561419332,0.109648041591954,Pre,0.232365914506501,2.21147136379658,0,0.0851
350,priv,ED,vol_per_capita_mean,main,c2014,-1,-1.92168206891809,1.91204101455969,-5.66928245745507,1.8259183196189,Pre,0.232365914506501,2.21147136379658,0,0.0851
350,priv,ED,vol_per_capita_mean,main,c2014,0,-1.63990226022033,1.59557964051758,-4.76723835563479,1.48743383519413,Post,0.232365914506501,2.21147136379658,0,0.0851
350,priv,ED,vol_per_capita_mean,main,c2014,1,0.0566823971740005,2.16796401396391,-4.19252707019527,4.30589186454327,Post,0.232365914506501,2.21147136379658,0,0.0851
350,priv,ED,vol_per_capita_mean,main,c2014,2,-0.0555577477070286,2.19975380952746,-4.36707521438086,4.2559597189668,Post,0.232365914506501,2.21147136379658,0,0.0851
350,priv,ED,vol_per_capita_mean,main,c2014,3,2.71182521959235,3.42999163776562,-4.01095839042826,9.43460882961296,Post,0.232365914506501,2.21147136379658,0,0.0851
350,priv,ED,vol_per_capita_mean,main,c2014,4,0.0887819636935161,3.16266116176507,-6.11003391336602,6.28759784075305,Post,0.232365914506501,2.21147136379658,0,0.0851
351,priv,ED,vol_per_capita_mean,sens,all_cohorts,-6,-5.54862262251892,0.806097115408721,-7.12857296872002,-3.96867227631783,Pre,-1.03652749156211,1.2599667576736,0,0
351,priv,ED,vol_per_capita_mean,sens,all_cohorts,-5,2.38879256161063,3.65266681016211,-4.77043438630711,9.54801950952838,Pre,-1.03652749156211,1.2599667576736,0,0
351,priv,ED,vol_per_capita_mean,sens,all_cohorts,-4,-1.94249405614464,2.75276978830812,-7.33792284122855,3.45293472893927,Pre,-1.03652749156211,1.2599667576736,0,0
351,priv,ED,vol_per_capita_mean,sens,all_cohorts,-3,0.682566249582116,1.39866349037566,-2.05881419155417,3.42394669071841,Pre,-1.03652749156211,1.2599667576736,0,0
351,priv,ED,vol_per_capita_mean,sens,all_cohorts,-2,0.268054447904279,1.49547888158554,-2.66308416000338,3.19919305581194,Pre,-1.03652749156211,1.2599667576736,0,0
351,priv,ED,vol_per_capita_mean,sens,all_cohorts,-1,-0.148737675060739,0.955706358213567,-2.02192213715933,1.72444678703785,Pre,-1.03652749156211,1.2599667576736,0,0
351,priv,ED,vol_per_capita_mean,sens,all_cohorts,0,0.0253064482638548,0.934624597823652,-1.8065577634705,1.85717065999821,Post,-1.03652749156211,1.2599667576736,0,0
351,priv,ED,vol_per_capita_mean,sens,all_cohorts,1,-0.3775027354216,0.904657109921079,-2.15063067086692,1.39562520002372,Post,-1.03652749156211,1.2599667576736,0,0
351,priv,ED,vol_per_capita_mean,sens,all_cohorts,2,-1.56494709295416,1.26900698370716,-4.05220078102018,0.92230659511187,Post,-1.03652749156211,1.2599667576736,0,0
351,priv,ED,vol_per_capita_mean,sens,all_cohorts,3,-1.60103189026483,2.13794188447031,-5.79139798382664,2.58933420329698,Post,-1.03652749156211,1.2599667576736,0,0
351,priv,ED,vol_per_capita_mean,sens,all_cohorts,4,-1.95174139012602,2.43096207277259,-6.71642705276029,2.81294427250825,Post,-1.03652749156211,1.2599667576736,0,0
352,priv,ED,vol_per_capita_mean,sens,c2014,-3,1.87269456136396,1.90180807883917,-1.85484927316081,5.60023839588874,Pre,-1.16676122618377,1.35026185427089,0,0.32841
352,priv,ED,vol_per_capita_mean,sens,c2014,-2,-0.977802668926737,1.11084036057108,-3.15504977564605,1.19944443779257,Pre,-1.16676122618377,1.35026185427089,0,0.32841
352,priv,ED,vol_per_capita_mean,sens,c2014,-1,-1.38485373070203,1.52514510629925,-4.37413813904856,1.6044306776445,Pre,-1.16676122618377,1.35026185427089,0,0.32841
352,priv,ED,vol_per_capita_mean,sens,c2014,0,-1.23582160637182,1.10799991129785,-3.4075014325156,0.93585821977196,Post,-1.16676122618377,1.35026185427089,0,0.32841
352,priv,ED,vol_per_capita_mean,sens,c2014,1,-0.235464879443386,1.01363152901308,-2.22218267630903,1.75125291742226,Post,-1.16676122618377,1.35026185427089,0,0.32841
352,priv,ED,vol_per_capita_mean,sens,c2014,2,-1.33007672032672,1.5134165897676,-4.29637323627123,1.63621979561778,Post,-1.16676122618377,1.35026185427089,0,0.32841
352,priv,ED,vol_per_capita_mean,sens,c2014,3,-1.08070153465092,2.31735105399947,-5.62270960048989,3.46130653118804,Post,-1.16676122618377,1.35026185427089,0,0.32841
352,priv,ED,vol_per_capita_mean,sens,c2014,4,-1.95174139012602,2.34986455876579,-6.55747592530698,2.65399314505494,Post,-1.16676122618377,1.35026185427089,0,0.32841
353,priv,IP,spend_per_bene_mean,main,all_cohorts,-6,-66.1731711947068,11.3722087674784,-88.4627003789645,-43.883642010449,Pre,33.5447660131135,28.8969521259623,0,0
353,priv,IP,spend_per_bene_mean,main,all_cohorts,-5,43.6731646069563,20.9038957236773,2.70152898854877,84.6448002253637,Pre,33.5447660131135,28.8969521259623,0,0
353,priv,IP,spend_per_bene_mean,main,all_cohorts,-4,11.0168225393603,35.6744048470412,-58.9050109608404,80.938656039561,Pre,33.5447660131135,28.8969521259623,0,0
353,priv,IP,spend_per_bene_mean,main,all_cohorts,-3,25.7026366266316,25.8401710227682,-24.9440985779942,76.3493718312573,Pre,33.5447660131135,28.8969521259623,0,0
353,priv,IP,spend_per_bene_mean,main,all_cohorts,-2,-7.96302653092267,26.3590919051962,-59.6268466651072,43.7007936032618,Pre,33.5447660131135,28.8969521259623,0,0
353,priv,IP,spend_per_bene_mean,main,all_cohorts,-1,6.91218921153052,18.9631854209584,-30.255654213548,44.080032636609,Pre,33.5447660131135,28.8969521259623,0,0
353,priv,IP,spend_per_bene_mean,main,all_cohorts,0,7.96840558178796,19.9752136331598,-31.1830131392052,47.1198243027811,Post,33.5447660131135,28.8969521259623,0,0
353,priv,IP,spend_per_bene_mean,main,all_cohorts,1,8.76821925551312,27.7423551142763,-45.6067967684684,63.1432352794947,Post,33.5447660131135,28.8969521259623,0,0
353,priv,IP,spend_per_bene_mean,main,all_cohorts,2,29.5941170881755,31.0564167393436,-31.2764597209379,90.464693897289,Post,33.5447660131135,28.8969521259623,0,0
353,priv,IP,spend_per_bene_mean,main,all_cohorts,3,71.937307536846,37.6557007959215,-1.86786602316022,145.742481096852,Post,33.5447660131135,28.8969521259623,0,0
353,priv,IP,spend_per_bene_mean,main,all_cohorts,4,59.895645375281,47.5861499059659,-33.3732084404122,153.164499190974,Post,33.5447660131135,28.8969521259623,0,0
354,priv,IP,spend_per_bene_mean,main,c2014,-3,42.595127580864,23.3604870583082,-3.19142705342001,88.3816822151481,Pre,38.7538062210298,36.0347168691305,0,0.24514
354,priv,IP,spend_per_bene_mean,main,c2014,-2,-26.7009741760285,26.4107745583032,-78.4660923103028,25.0641439582457,Pre,38.7538062210298,36.0347168691305,0,0.24514
354,priv,IP,spend_per_bene_mean,main,c2014,-1,3.97251843508468,13.1807490845967,-21.8617497707249,29.8067866408942,Pre,38.7538062210298,36.0347168691305,0,0.24514
354,priv,IP,spend_per_bene_mean,main,c2014,0,-12.9000072101298,24.1447615847923,-60.2237399163226,34.4237254960631,Post,38.7538062210298,36.0347168691305,0,0.24514
354,priv,IP,spend_per_bene_mean,main,c2014,1,28.4225871670979,44.2003782872903,-58.2101542759911,115.055328610187,Post,38.7538062210298,36.0347168691305,0,0.24514
354,priv,IP,spend_per_bene_mean,main,c2014,2,38.5886726970933,34.116202434127,-28.2790840737955,105.456429467982,Post,38.7538062210298,36.0347168691305,0,0.24514
354,priv,IP,spend_per_bene_mean,main,c2014,3,79.7621330758065,39.8922220542463,1.57337784948375,157.950888302129,Post,38.7538062210298,36.0347168691305,0,0.24514
354,priv,IP,spend_per_bene_mean,main,c2014,4,59.895645375281,52.5688645646921,-43.1393291715155,162.930619922078,Post,38.7538062210298,36.0347168691305,0,0.24514
355,priv,IP,spend_per_bene_mean,sens,all_cohorts,-6,-59.451169393831,11.4140584669955,-81.8227239891421,-37.0796147985198,Pre,-9.12328543862167,12.9227284372588,0,0
355,priv,IP,spend_per_bene_mean,sens,all_cohorts,-5,48.8952335296786,21.0624536517769,7.61282437219593,90.1776426871613,Pre,-9.12328543862167,12.9227284372588,0,0
355,priv,IP,spend_per_bene_mean,sens,all_cohorts,-4,7.24732258688807,40.4128511230214,-71.9618656142339,86.4565107880101,Pre,-9.12328543862167,12.9227284372588,0,0
355,priv,IP,spend_per_bene_mean,sens,all_cohorts,-3,3.71292327651999,17.3479908330831,-30.2891387563229,37.7149853093629,Pre,-9.12328543862167,12.9227284372588,0,0
355,priv,IP,spend_per_bene_mean,sens,all_cohorts,-2,-6.38326463460631,20.8253647800031,-47.2009796034124,34.4344503341998,Pre,-9.12328543862167,12.9227284372588,0,0
355,priv,IP,spend_per_bene_mean,sens,all_cohorts,-1,5.54949952134347,19.8055122062405,-33.2693044028879,44.3683034455749,Pre,-9.12328543862167,12.9227284372588,0,0
355,priv,IP,spend_per_bene_mean,sens,all_cohorts,0,-2.76020340301257,12.088339743044,-26.4533492993787,20.9329424933536,Post,-9.12328543862167,12.9227284372588,0,0
355,priv,IP,spend_per_bene_mean,sens,all_cohorts,1,-14.2127936531766,15.4354192648299,-44.4662154122432,16.0406281058901,Post,-9.12328543862167,12.9227284372588,0,0
355,priv,IP,spend_per_bene_mean,sens,all_cohorts,2,-11.0890924489304,15.3720832302473,-41.2183755802151,19.0401906823544,Post,-9.12328543862167,12.9227284372588,0,0
355,priv,IP,spend_per_bene_mean,sens,all_cohorts,3,-4.94322265641247,23.6171263103385,-51.232790224676,41.3463449118511,Post,-9.12328543862167,12.9227284372588,0,0
355,priv,IP,spend_per_bene_mean,sens,all_cohorts,4,-12.9975295528625,22.8828376590412,-57.8478913645833,31.8528322588582,Post,-9.12328543862167,12.9227284372588,0,0
356,priv,IP,spend_per_bene_mean,sens,c2014,-3,27.945063562211,16.3746690235564,-4.1492877239596,60.0394148483816,Pre,-13.4518541155624,15.0549297536508,0,0.23166
356,priv,IP,spend_per_bene_mean,sens,c2014,-2,-25.9264130063149,22.0159077758805,-69.0775922470407,17.224766234411,Pre,-13.4518541155624,15.0549297536508,0,0.23166
356,priv,IP,spend_per_bene_mean,sens,c2014,-1,-11.9763862299769,14.9890372224271,-41.354899185934,17.4021267259801,Pre,-13.4518541155624,15.0549297536508,0,0.23166
356,priv,IP,spend_per_bene_mean,sens,c2014,0,-29.3924316620424,10.1649994329885,-49.3158305506998,-9.46903277338497,Post,-13.4518541155624,15.0549297536508,0,0.23166
356,priv,IP,spend_per_bene_mean,sens,c2014,1,-4.67742018445991,14.5055104140803,-33.1082205960573,23.7533802271375,Post,-13.4518541155624,15.0549297536508,0,0.23166
356,priv,IP,spend_per_bene_mean,sens,c2014,2,-12.6286327852816,16.3641737843296,-44.7024134025676,19.4451478320045,Post,-13.4518541155624,15.0549297536508,0,0.23166
356,priv,IP,spend_per_bene_mean,sens,c2014,3,-7.56325639316568,25.3081155229274,-57.1671628181033,42.040650031772,Post,-13.4518541155624,15.0549297536508,0,0.23166
356,priv,IP,spend_per_bene_mean,sens,c2014,4,-12.9975295528625,22.6281329173271,-57.3486700708236,31.3536109650985,Post,-13.4518541155624,15.0549297536508,0,0.23166
357,priv,IP,spend_per_capita_mean,main,all_cohorts,-6,-34.2048397032535,6.63651408247128,-47.2124073048972,-21.1972721016097,Pre,3.44928543008137,16.7921806498194,0,0
357,priv,IP,spend_per_capita_mean,main,all_cohorts,-5,16.3867574269857,13.9334943297544,-10.922891459333,43.6964063133043,Pre,3.44928543008137,16.7921806498194,0,0
357,priv,IP,spend_per_capita_mean,main,all_cohorts,-4,7.81035223352243,23.8882987714725,-39.0107133585637,54.6314178256086,Pre,3.44928543008137,16.7921806498194,0,0
357,priv,IP,spend_per_capita_mean,main,all_cohorts,-3,14.1558135480874,16.560756435395,-18.3032690652868,46.6148961614616,Pre,3.44928543008137,16.7921806498194,0,0
357,priv,IP,spend_per_capita_mean,main,all_cohorts,-2,-5.44957385672099,19.5727636779994,-43.8121906655999,32.9130429521579,Pre,3.44928543008137,16.7921806498194,0,0
357,priv,IP,spend_per_capita_mean,main,all_cohorts,-1,2.75941009093908,9.68639730018161,-16.2259286174169,21.744748799295,Pre,3.44928543008137,16.7921806498194,0,0
357,priv,IP,spend_per_capita_mean,main,all_cohorts,0,-1.53514166959163,13.2237713494829,-27.4537335145781,24.3834501753948,Post,3.44928543008137,16.7921806498194,0,0
357,priv,IP,spend_per_capita_mean,main,all_cohorts,1,-12.7293169760748,18.7787560624277,-49.5356788584331,24.0770449062836,Post,3.44928543008137,16.7921806498194,0,0
357,priv,IP,spend_per_capita_mean,main,all_cohorts,2,-5.12865804117711,21.1972150338467,-46.6751995075167,36.4178834251625,Post,3.44928543008137,16.7921806498194,0,0
357,priv,IP,spend_per_capita_mean,main,all_cohorts,3,24.6145777603976,22.7389951049751,-19.9538526453536,69.1830081661489,Post,3.44928543008137,16.7921806498194,0,0
357,priv,IP,spend_per_capita_mean,main,all_cohorts,4,17.4694856919489,29.7244958667433,-40.790526206868,75.7294975907659,Post,3.44928543008137,16.7921806498194,0,0
358,priv,IP,spend_per_capita_mean,main,c2014,-3,27.4741787516403,13.5034232600945,1.00746916185515,53.9408883414255,Pre,6.63857901977561,21.7660112115152,0,0.27492
358,priv,IP,spend_per_capita_mean,main,c2014,-2,-22.1003247798183,17.7693126420863,-56.9281775583075,12.7275279986709,Pre,6.63857901977561,21.7660112115152,0,0.27492
358,priv,IP,spend_per_capita_mean,main,c2014,-1,0.876648924450443,9.89343118069596,-18.5144761897136,20.2677740386145,Pre,6.63857901977561,21.7660112115152,0,0.27492
358,priv,IP,spend_per_capita_mean,main,c2014,0,-15.4418943465952,14.1800070037353,-43.2347080739163,12.3509193807259,Post,6.63857901977561,21.7660112115152,0,0.27492
358,priv,IP,spend_per_capita_mean,main,c2014,1,0.258356687256349,27.9443718789827,-54.5126121955498,55.0293255700625,Post,6.63857901977561,21.7660112115152,0,0.27492
358,priv,IP,spend_per_capita_mean,main,c2014,2,1.38698441113132,27.3559086965504,-52.2305966341075,55.0045654563701,Post,6.63857901977561,21.7660112115152,0,0.27492
358,priv,IP,spend_per_capita_mean,main,c2014,3,29.5199626551366,24.5771662473608,-18.6512831896905,77.6912084999638,Post,6.63857901977561,21.7660112115152,0,0.27492
358,priv,IP,spend_per_capita_mean,main,c2014,4,17.4694856919489,28.0821872155091,-37.571601250449,72.5105726343469,Post,6.63857901977561,21.7660112115152,0,0.27492
359,priv,IP,spend_per_capita_mean,sens,all_cohorts,-6,-29.6972789560463,6.01162987559475,-41.480073512212,-17.9144843998806,Pre,-21.7668540325081,10.6312926929359,0,0
359,priv,IP,spend_per_capita_mean,sens,all_cohorts,-5,21.8726206224552,12.0229988111309,-1.69245704736141,45.4376982922718,Pre,-21.7668540325081,10.6312926929359,0,0
359,priv,IP,spend_per_capita_mean,sens,all_cohorts,-4,4.59819825979301,24.6520536457638,-43.7198268859041,52.9162234054901,Pre,-21.7668540325081,10.6312926929359,0,0
359,priv,IP,spend_per_capita_mean,sens,all_cohorts,-3,3.27661718583367,11.9060823876973,-20.059304294053,26.6125386657204,Pre,-21.7668540325081,10.6312926929359,0,0
359,priv,IP,spend_per_capita_mean,sens,all_cohorts,-2,-2.32870770102436,15.0138178311335,-31.755790650046,27.0983752479973,Pre,-21.7668540325081,10.6312926929359,0,0
359,priv,IP,spend_per_capita_mean,sens,all_cohorts,-1,-3.15699922834858,12.432190399562,-27.5240924114902,21.210093954793,Pre,-21.7668540325081,10.6312926929359,0,0
359,priv,IP,spend_per_capita_mean,sens,all_cohorts,0,-8.87636085949422,8.30426583575825,-25.1527218975804,7.40000017859195,Post,-21.7668540325081,10.6312926929359,0,0
359,priv,IP,spend_per_capita_mean,sens,all_cohorts,1,-25.1350346918224,11.5563066045623,-47.7853956367646,-2.4846737468802,Post,-21.7668540325081,10.6312926929359,0,0
359,priv,IP,spend_per_capita_mean,sens,all_cohorts,2,-27.3159977423639,12.7553636445194,-52.3165104856219,-2.31548499910583,Post,-21.7668540325081,10.6312926929359,0,0
359,priv,IP,spend_per_capita_mean,sens,all_cohorts,3,-22.1017225095569,15.6334979442905,-52.7433784803662,8.5399334612524,Post,-21.7668540325081,10.6312926929359,0,0
359,priv,IP,spend_per_capita_mean,sens,all_cohorts,4,-26.6994231555275,16.5496904504031,-59.1368164383176,5.73797012726262,Post,-21.7668540325081,10.6312926929359,0,0
360,priv,IP,spend_per_capita_mean,sens,c2014,-3,19.2430819078482,9.93488055823385,-0.229283986290195,38.7154478019865,Pre,-23.5234963412092,10.7894186836426,0,0.08525
360,priv,IP,spend_per_capita_mean,sens,c2014,-2,-17.8563039041561,14.0098713240663,-45.315651699326,9.60304389101382,Pre,-23.5234963412092,10.7894186836426,0,0.08525
360,priv,IP,spend_per_capita_mean,sens,c2014,-1,-15.6927028547709,13.479339034596,-42.1122073625791,10.7268016530372,Pre,-23.5234963412092,10.7894186836426,0,0.08525
360,priv,IP,spend_per_capita_mean,sens,c2014,0,-24.9229534180272,7.82671829828444,-40.2633212826647,-9.58258555338965,Post,-23.5234963412092,10.7894186836426,0,0.08525
360,priv,IP,spend_per_capita_mean,sens,c2014,1,-16.765351741265,11.0120169010939,-38.3489048674091,4.81820138487895,Post,-23.5234963412092,10.7894186836426,0,0.08525
360,priv,IP,spend_per_capita_mean,sens,c2014,2,-25.9592624468573,13.4042909232272,-52.2316726563827,0.313147762668127,Post,-23.5234963412092,10.7894186836426,0,0.08525
360,priv,IP,spend_per_capita_mean,sens,c2014,3,-23.2704909443689,15.7583423108207,-54.1568418735775,7.61585998483975,Post,-23.5234963412092,10.7894186836426,0,0.08525
360,priv,IP,spend_per_capita_mean,sens,c2014,4,-26.6994231555275,17.6959177494621,-61.3834219444732,7.98457563341824,Post,-23.5234963412092,10.7894186836426,0,0.08525
361,priv,IP,spend_per_vol_mean,main,all_cohorts,-6,133.222181617086,58.2431707250222,19.0655669960425,247.378796238129,Pre,-49.2262829782924,161.85755805066,0,0
361,priv,IP,spend_per_vol_mean,main,all_cohorts,-5,56.2020138355019,65.3350047966621,-71.8545955659558,184.25862323696,Pre,-49.2262829782924,161.85755805066,0,0
361,priv,IP,spend_per_vol_mean,main,all_cohorts,-4,65.6473058810183,164.952747362234,-257.660078948961,388.954690710997,Pre,-49.2262829782924,161.85755805066,0,0
361,priv,IP,spend_per_vol_mean,main,all_cohorts,-3,-84.3010757157433,143.069588064707,-364.71746832257,196.115316891083,Pre,-49.2262829782924,161.85755805066,0,0
361,priv,IP,spend_per_vol_mean,main,all_cohorts,-2,-49.2264596243344,76.4005610207792,-198.971559225062,100.518639976393,Pre,-49.2262829782924,161.85755805066,0,0
361,priv,IP,spend_per_vol_mean,main,all_cohorts,-1,-14.7580500444705,64.2844317624733,-140.755536298918,111.239436209977,Pre,-49.2262829782924,161.85755805066,0,0
361,priv,IP,spend_per_vol_mean,main,all_cohorts,0,-13.1011164808307,115.458996971762,-239.400750545485,213.198517583823,Post,-49.2262829782924,161.85755805066,0,0
361,priv,IP,spend_per_vol_mean,main,all_cohorts,1,34.348878941768,120.246544146392,-201.33434758516,270.032105468696,Post,-49.2262829782924,161.85755805066,0,0
361,priv,IP,spend_per_vol_mean,main,all_cohorts,2,-2.743766088316,116.050800291808,-230.20333466026,224.715802483628,Post,-49.2262829782924,161.85755805066,0,0
361,priv,IP,spend_per_vol_mean,main,all_cohorts,3,-73.3777910492905,203.315078225184,-471.875344370651,325.11976227207,Post,-49.2262829782924,161.85755805066,0,0
361,priv,IP,spend_per_vol_mean,main,all_cohorts,4,-233.031335256773,334.531007880726,-888.712110702996,422.649440189449,Post,-49.2262829782924,161.85755805066,0,0
362,priv,IP,spend_per_vol_mean,main,c2014,-3,9.03142529361764,73.1312739725504,-134.305871692581,152.368722279816,Pre,-34.2238490104518,195.394777528878,0,0.11508
362,priv,IP,spend_per_vol_mean,main,c2014,-2,64.7667391421248,90.7087982632292,-113.022505453805,242.555983738054,Pre,-34.2238490104518,195.394777528878,0,0.11508
362,priv,IP,spend_per_vol_mean,main,c2014,-1,163.883130191259,72.3732105413793,22.0316375301552,305.734622852362,Pre,-34.2238490104518,195.394777528878,0,0.11508
362,priv,IP,spend_per_vol_mean,main,c2014,0,25.6389306777598,134.684372190407,-238.342438815437,289.620300170957,Post,-34.2238490104518,195.394777528878,0,0.11508
362,priv,IP,spend_per_vol_mean,main,c2014,1,54.5319475776102,120.747090112577,-182.132349043041,291.196244198262,Post,-34.2238490104518,195.394777528878,0,0.11508
362,priv,IP,spend_per_vol_mean,main,c2014,2,66.0411181087534,122.209023551658,-173.488568052496,305.570804270002,Post,-34.2238490104518,195.394777528878,0,0.11508
362,priv,IP,spend_per_vol_mean,main,c2014,3,-84.299906159609,212.013629742245,-499.846620454409,331.246808135191,Post,-34.2238490104518,195.394777528878,0,0.11508
362,priv,IP,spend_per_vol_mean,main,c2014,4,-233.031335256773,327.559484491052,-875.047924859236,408.985254345689,Post,-34.2238490104518,195.394777528878,0,0.11508
363,priv,IP,spend_per_vol_mean,sens,all_cohorts,-6,112.32966413752,28.3178446100092,56.8266887019019,167.832639573138,Pre,294.655776534073,135.387661153517,0,0
363,priv,IP,spend_per_vol_mean,sens,all_cohorts,-5,93.8947408991449,76.9955783891264,-57.0165927435428,244.806074541833,Pre,294.655776534073,135.387661153517,0,0
363,priv,IP,spend_per_vol_mean,sens,all_cohorts,-4,78.5772704000445,167.932361081996,-250.570157320667,407.724698120756,Pre,294.655776534073,135.387661153517,0,0
363,priv,IP,spend_per_vol_mean,sens,all_cohorts,-3,-113.88901734869,65.8934315270484,-243.040143141704,15.2621084443252,Pre,294.655776534073,135.387661153517,0,0
363,priv,IP,spend_per_vol_mean,sens,all_cohorts,-2,17.1476789217158,69.597451442452,-119.26332590549,153.558683748922,Pre,294.655776534073,135.387661153517,0,0
363,priv,IP,spend_per_vol_mean,sens,all_cohorts,-1,74.3716354188492,49.7383551443463,-23.1155406640695,171.858811501768,Pre,294.655776534073,135.387661153517,0,0
363,priv,IP,spend_per_vol_mean,sens,all_cohorts,0,120.658031737696,56.3364062301887,10.2386755265257,231.077387948866,Post,294.655776534073,135.387661153517,0,0
363,priv,IP,spend_per_vol_mean,sens,all_cohorts,1,135.2142651513,72.025741809171,-5.95618879467554,276.384719097275,Post,294.655776534073,135.387661153517,0,0
363,priv,IP,spend_per_vol_mean,sens,all_cohorts,2,161.867661505035,94.5791437843715,-23.5074603123333,347.242783322403,Post,294.655776534073,135.387661153517,0,0
363,priv,IP,spend_per_vol_mean,sens,all_cohorts,3,482.194010180052,193.246774828254,103.430331516675,860.95768884343,Post,294.655776534073,135.387661153517,0,0
363,priv,IP,spend_per_vol_mean,sens,all_cohorts,4,676.072465395895,358.124333734567,-25.8512287238557,1377.99615951565,Post,294.655776534073,135.387661153517,0,0
364,priv,IP,spend_per_vol_mean,sens,c2014,-3,-141.755328611007,73.7709751209173,-286.346439848005,2.83578262599073,Pre,348.382459152062,153.844601350212,0,0.00961
364,priv,IP,spend_per_vol_mean,sens,c2014,-2,85.9948815138731,70.6985066216565,-52.5741914645736,224.56395449232,Pre,348.382459152062,153.844601350212,0,0.00961
364,priv,IP,spend_per_vol_mean,sens,c2014,-1,155.303276026676,50.0825190820886,57.1415386257825,253.46501342757,Pre,348.382459152062,153.844601350212,0,0.00961
364,priv,IP,spend_per_vol_mean,sens,c2014,0,196.85108872326,83.5444724789186,33.1039226645791,360.59825478194,Post,348.382459152062,153.844601350212,0,0.00961
364,priv,IP,spend_per_vol_mean,sens,c2014,1,202.469328124309,77.3929954757949,50.7790569917514,354.159599256868,Post,348.382459152062,153.844601350212,0,0.00961
364,priv,IP,spend_per_vol_mean,sens,c2014,2,203.580751964514,78.516805449519,49.6878132834567,357.473690645571,Post,348.382459152062,153.844601350212,0,0.00961
364,priv,IP,spend_per_vol_mean,sens,c2014,3,462.938661552331,219.676067022155,32.373570188906,893.503752915755,Post,348.382459152062,153.844601350212,0,0.00961
364,priv,IP,spend_per_vol_mean,sens,c2014,4,676.072465395895,394.386081751609,-96.9242548372578,1449.06918562905,Post,348.382459152062,153.844601350212,0,0.00961
365,priv,IP,vol_per_bene_mean,main,all_cohorts,-6,-3.12867206263042,0.730009143395274,-4.55948998368515,-1.69785414157568,Pre,1.41861578980224,1.57028890415119,0,0
365,priv,IP,vol_per_bene_mean,main,all_cohorts,-5,2.20600684675766,1.1106817582853,0.0290706005184789,4.38294309299684,Pre,1.41861578980224,1.57028890415119,0,0
365,priv,IP,vol_per_bene_mean,main,all_cohorts,-4,0.289876963883127,2.58474793334905,-4.77622898548101,5.35598291324726,Pre,1.41861578980224,1.57028890415119,0,0
365,priv,IP,vol_per_bene_mean,main,all_cohorts,-3,1.71037120605589,1.77170443387711,-1.76216948434324,5.18291189645501,Pre,1.41861578980224,1.57028890415119,0,0
365,priv,IP,vol_per_bene_mean,main,all_cohorts,-2,-0.0641239498976454,1.62025486370105,-3.23982348275171,3.11157558295642,Pre,1.41861578980224,1.57028890415119,0,0
365,priv,IP,vol_per_bene_mean,main,all_cohorts,-1,0.323015682298439,0.89763644715207,-1.43635175411962,2.0823831187165,Pre,1.41861578980224,1.57028890415119,0,0
365,priv,IP,vol_per_bene_mean,main,all_cohorts,0,0.576886010410006,1.08613455482172,-1.55193771704057,2.70570973786058,Post,1.41861578980224,1.57028890415119,0,0
365,priv,IP,vol_per_bene_mean,main,all_cohorts,1,0.61194346191622,1.45300568514969,-2.23594768097717,3.4598346048096,Post,1.41861578980224,1.57028890415119,0,0
365,priv,IP,vol_per_bene_mean,main,all_cohorts,2,1.39008374509521,1.54341796384523,-1.63501546404144,4.41518295423186,Post,1.41861578980224,1.57028890415119,0,0
365,priv,IP,vol_per_bene_mean,main,all_cohorts,3,3.28216958784085,2.04287242196921,-0.721860359218815,7.28619953490051,Post,1.41861578980224,1.57028890415119,0,0
365,priv,IP,vol_per_bene_mean,main,all_cohorts,4,1.4767699687519,2.42718617889904,-3.28051494189022,6.23405487939402,Post,1.41861578980224,1.57028890415119,0,0
366,priv,IP,vol_per_bene_mean,main,c2014,-3,2.33148859141949,1.41927779564598,-0.450295888046635,5.11327307088562,Pre,1.49782222138892,1.80324673276295,0,0.40273
366,priv,IP,vol_per_bene_mean,main,c2014,-2,-1.47644748539093,1.56773156887715,-4.54920136039015,1.59630638960829,Pre,1.49782222138892,1.80324673276295,0,0.40273
366,priv,IP,vol_per_bene_mean,main,c2014,-1,-0.508956967772296,0.747143112575766,-1.9733574684208,0.955443532876205,Pre,1.49782222138892,1.80324673276295,0,0.40273
366,priv,IP,vol_per_bene_mean,main,c2014,0,-0.764923068843466,1.15943035110322,-3.03740655700577,1.50756041931884,Post,1.49782222138892,1.80324673276295,0,0.40273
366,priv,IP,vol_per_bene_mean,main,c2014,1,1.33880489050782,2.17065070946817,-2.91567050004978,5.59328028106543,Post,1.49782222138892,1.80324673276295,0,0.40273
366,priv,IP,vol_per_bene_mean,main,c2014,2,1.6742189637593,1.91688733498115,-2.08288021280375,5.43131814032236,Post,1.49782222138892,1.80324673276295,0,0.40273
366,priv,IP,vol_per_bene_mean,main,c2014,3,3.76424035276905,2.29091047466988,-0.725944177583916,8.25442488312202,Post,1.49782222138892,1.80324673276295,0,0.40273
366,priv,IP,vol_per_bene_mean,main,c2014,4,1.4767699687519,2.47722289551188,-3.37858690645139,6.33212684395519,Post,1.49782222138892,1.80324673276295,0,0.40273
367,priv,IP,vol_per_bene_mean,sens,all_cohorts,-6,-2.92313687289245,0.748027748933553,-4.38927126080221,-1.45700248498268,Pre,-1.2492304736874,0.932477149648439,0,0
367,priv,IP,vol_per_bene_mean,sens,all_cohorts,-5,2.53648387321454,1.47694404936956,-0.358326463549796,5.43129420997888,Pre,-1.2492304736874,0.932477149648439,0,0
367,priv,IP,vol_per_bene_mean,sens,all_cohorts,-4,-0.0572354157693866,2.13948311123745,-4.2506223137948,4.13615148225602,Pre,-1.2492304736874,0.932477149648439,0,0
367,priv,IP,vol_per_bene_mean,sens,all_cohorts,-3,0.409293288644208,1.11870216963989,-1.78336296384998,2.6019495411384,Pre,-1.2492304736874,0.932477149648439,0,0
367,priv,IP,vol_per_bene_mean,sens,all_cohorts,-2,-0.0595098011519693,1.3393701974231,-2.68467538810125,2.56565578579731,Pre,-1.2492304736874,0.932477149648439,0,0
367,priv,IP,vol_per_bene_mean,sens,all_cohorts,-1,-0.0799066982082027,0.96421521750473,-1.96976852451747,1.80995512810107,Pre,-1.2492304736874,0.932477149648439,0,0
367,priv,IP,vol_per_bene_mean,sens,all_cohorts,0,-0.32761273870161,0.781734553465182,-1.85981246349337,1.20458698609015,Post,-1.2492304736874,0.932477149648439,0,0
367,priv,IP,vol_per_bene_mean,sens,all_cohorts,1,-0.814180535241372,0.743862266708358,-2.27215057798975,0.64378950750701,Post,-1.2492304736874,0.932477149648439,0,0
367,priv,IP,vol_per_bene_mean,sens,all_cohorts,2,-1.02275071199188,0.938697902060571,-2.8625986000306,0.817097176046845,Post,-1.2492304736874,0.932477149648439,0,0
367,priv,IP,vol_per_bene_mean,sens,all_cohorts,3,-1.5584456771372,1.56772742239781,-4.63119142503691,1.5143000707625,Post,-1.2492304736874,0.932477149648439,0,0
367,priv,IP,vol_per_bene_mean,sens,all_cohorts,4,-2.92027897231881,1.84322127249123,-6.53299266640162,0.692434721763998,Post,-1.2492304736874,0.932477149648439,0,0
368,priv,IP,vol_per_bene_mean,sens,c2014,-3,1.85650203309885,0.974038044133096,-0.0526125334020211,3.76561659959971,Pre,-1.66391374492423,1.07940727911349,0,0.10268
368,priv,IP,vol_per_bene_mean,sens,c2014,-2,-1.23911418147352,1.31188133860605,-3.81040160514139,1.33217324219434,Pre,-1.66391374492423,1.07940727911349,0,0.10268
368,priv,IP,vol_per_bene_mean,sens,c2014,-1,-1.18303609737055,0.881272413077855,-2.91033002700314,0.544257832262049,Pre,-1.66391374492423,1.07940727911349,0,0.10268
368,priv,IP,vol_per_bene_mean,sens,c2014,0,-1.86259930019477,0.644905993932958,-3.12661504830337,-0.598583552086174,Post,-1.66391374492423,1.07940727911349,0,0.10268
368,priv,IP,vol_per_bene_mean,sens,c2014,1,-0.650093049976562,0.754048297882138,-2.12802771382555,0.827841613872428,Post,-1.66391374492423,1.07940727911349,0,0.10268
368,priv,IP,vol_per_bene_mean,sens,c2014,2,-1.2633570200838,1.00580302433588,-3.23473094778212,0.708016907614514,Post,-1.66391374492423,1.07940727911349,0,0.10268
368,priv,IP,vol_per_bene_mean,sens,c2014,3,-1.6232403820472,1.72896995773001,-5.01202149919802,1.76554073510362,Post,-1.66391374492423,1.07940727911349,0,0.10268
368,priv,IP,vol_per_bene_mean,sens,c2014,4,-2.92027897231881,1.80061146657778,-6.44947744681125,0.608919502173629,Post,-1.66391374492423,1.07940727911349,0,0.10268
369,priv,IP,vol_per_capita_mean,main,all_cohorts,-6,-1.58122673862391,0.440164075983786,-2.44394832755213,-0.718505149695686,Pre,0.0746115727931554,0.944454656026737,0,0
369,priv,IP,vol_per_capita_mean,main,all_cohorts,-5,0.79628465337123,0.81266842222141,-0.796545454182734,2.38911476092519,Pre,0.0746115727931554,0.944454656026737,0,0
369,priv,IP,vol_per_capita_mean,main,all_cohorts,-4,0.0860527402482711,1.59455783784094,-3.03928062191998,3.21138610241652,Pre,0.0746115727931554,0.944454656026737,0,0
369,priv,IP,vol_per_capita_mean,main,all_cohorts,-3,1.13165939431636,1.15210116229612,-1.12645888378403,3.38977767241675,Pre,0.0746115727931554,0.944454656026737,0,0
369,priv,IP,vol_per_capita_mean,main,all_cohorts,-2,-0.183042265026102,1.08343574878656,-2.30657633264776,1.94049180259555,Pre,0.0746115727931554,0.944454656026737,0,0
369,priv,IP,vol_per_capita_mean,main,all_cohorts,-1,0.193448383943287,0.522103472150709,-0.829874421472104,1.21677118935868,Pre,0.0746115727931554,0.944454656026737,0,0
369,priv,IP,vol_per_capita_mean,main,all_cohorts,0,-0.00696679993908431,0.772502904487956,-1.52107249273548,1.50713889285731,Post,0.0746115727931554,0.944454656026737,0,0
369,priv,IP,vol_per_capita_mean,main,all_cohorts,1,-0.487429529648763,0.942853522331251,-2.33542243341802,1.36056337412049,Post,0.0746115727931554,0.944454656026737,0,0
369,priv,IP,vol_per_capita_mean,main,all_cohorts,2,-0.261703990441083,1.03897809870334,-2.29810106389962,1.77469308301746,Post,0.0746115727931554,0.944454656026737,0,0
369,priv,IP,vol_per_capita_mean,main,all_cohorts,3,1.13449567365963,1.35294993707231,-1.51728620300211,3.78627755032136,Post,0.0746115727931554,0.944454656026737,0,0
369,priv,IP,vol_per_capita_mean,main,all_cohorts,4,0.128405606456086,1.41647698554158,-2.64788928520541,2.90470049811758,Post,0.0746115727931554,0.944454656026737,0,0
370,priv,IP,vol_per_capita_mean,main,c2014,-3,1.64783467497978,0.88499134538773,-0.0867483619801659,3.38241771193974,Pre,0.136469360413928,1.13381224801544,0,0.19271
370,priv,IP,vol_per_capita_mean,main,c2014,-2,-1.32644409302164,0.998035487794222,-3.28259364909831,0.629705463055037,Pre,0.136469360413928,1.13381224801544,0,0.19271
370,priv,IP,vol_per_capita_mean,main,c2014,-1,-0.329855461744819,0.4915688141829,-1.2933303375433,0.633619414053665,Pre,0.136469360413928,1.13381224801544,0,0.19271
370,priv,IP,vol_per_capita_mean,main,c2014,0,-0.862913780805201,0.862434658095391,-2.55328571067217,0.827458149061765,Post,0.136469360413928,1.13381224801544,0,0.19271
370,priv,IP,vol_per_capita_mean,main,c2014,1,0.044560285295227,1.48561964408829,-2.86725421711782,2.95637478770827,Post,0.136469360413928,1.13381224801544,0,0.19271
370,priv,IP,vol_per_capita_mean,main,c2014,2,-0.0749598655480797,1.20102174947352,-2.42896249451618,2.27904276342002,Post,0.136469360413928,1.13381224801544,0,0.19271
370,priv,IP,vol_per_capita_mean,main,c2014,3,1.44725455667161,1.32876968065421,-1.15713401741065,4.05164313075387,Post,0.136469360413928,1.13381224801544,0,0.19271
370,priv,IP,vol_per_capita_mean,main,c2014,4,0.128405606456086,1.34993265654168,-2.5174624003656,2.77427361327777,Post,0.136469360413928,1.13381224801544,0,0.19271
371,priv,IP,vol_per_capita_mean,sens,all_cohorts,-6,-1.48379901627857,0.399025327464591,-2.26588865810916,-0.701709374447967,Pre,-1.47345793050375,0.62490948270655,0,0
371,priv,IP,vol_per_capita_mean,sens,all_cohorts,-5,1.13426153905149,0.626087742685643,-0.0928704366123758,2.36139351471535,Pre,-1.47345793050375,0.62490948270655,0,0
371,priv,IP,vol_per_capita_mean,sens,all_cohorts,-4,-0.149164023473743,1.48290930996547,-3.05566627100605,2.75733822405857,Pre,-1.47345793050375,0.62490948270655,0,0
371,priv,IP,vol_per_capita_mean,sens,all_cohorts,-3,0.311944188345671,0.670796307018304,-1.0028165734102,1.62670495010155,Pre,-1.47345793050375,0.62490948270655,0,0
371,priv,IP,vol_per_capita_mean,sens,all_cohorts,-2,-0.0276794895487168,0.836401159246598,-1.66702576167205,1.61166678257462,Pre,-1.47345793050375,0.62490948270655,0,0
371,priv,IP,vol_per_capita_mean,sens,all_cohorts,-1,-0.309415679151364,0.599449958368763,-1.48433759755414,0.865506239251412,Pre,-1.47345793050375,0.62490948270655,0,0
371,priv,IP,vol_per_capita_mean,sens,all_cohorts,0,-0.525264066650147,0.472670379087056,-1.45169800966078,0.401169876360483,Post,-1.47345793050375,0.62490948270655,0,0
371,priv,IP,vol_per_capita_mean,sens,all_cohorts,1,-1.1520904826218,0.474979689916303,-2.08305067485775,-0.221130290385847,Post,-1.47345793050375,0.62490948270655,0,0
371,priv,IP,vol_per_capita_mean,sens,all_cohorts,2,-1.56664486267174,0.671188086644841,-2.88217351249563,-0.251116212847853,Post,-1.47345793050375,0.62490948270655,0,0
371,priv,IP,vol_per_capita_mean,sens,all_cohorts,3,-1.84503549049094,0.900778634880365,-3.61056161485646,-0.0795093661254256,Post,-1.47345793050375,0.62490948270655,0,0
371,priv,IP,vol_per_capita_mean,sens,all_cohorts,4,-2.56677774645128,1.03814782659604,-4.60154748657952,-0.532008006323044,Post,-1.47345793050375,0.62490948270655,0,0
372,priv,IP,vol_per_capita_mean,sens,c2014,-3,1.12036216996833,0.609287234197093,-0.0738408090579723,2.31456514899463,Pre,-1.68760054707803,0.746427471310433,0,0.06412
372,priv,IP,vol_per_capita_mean,sens,c2014,-2,-0.89369569434713,0.761037737979362,-2.38532966078668,0.597938272092419,Pre,-1.68760054707803,0.746427471310433,0,0.06412
372,priv,IP,vol_per_capita_mean,sens,c2014,-1,-1.05123220861735,0.695390447457642,-2.41419748563433,0.31173306839963,Pre,-1.68760054707803,0.746427471310433,0,0.06412
372,priv,IP,vol_per_capita_mean,sens,c2014,0,-1.40941012671515,0.547596892413217,-2.48270003584505,-0.336120217585241,Post,-1.68760054707803,0.746427471310433,0,0.06412
372,priv,IP,vol_per_capita_mean,sens,c2014,1,-0.936371531613723,0.554651172115172,-2.02348782895946,0.150744765732013,Post,-1.68760054707803,0.746427471310433,0,0.06412
372,priv,IP,vol_per_capita_mean,sens,c2014,2,-1.65971320556376,0.809586151797982,-3.24650206308781,-0.0729243480397162,Post,-1.68760054707803,0.746427471310433,0,0.06412
372,priv,IP,vol_per_capita_mean,sens,c2014,3,-1.86573012504623,1.04256161224706,-3.90915088505047,0.177690634958005,Post,-1.68760054707803,0.746427471310433,0,0.06412
372,priv,IP,vol_per_capita_mean,sens,c2014,4,-2.56677774645128,1.13157340174869,-4.78466161387872,-0.348893879023849,Post,-1.68760054707803,0.746427471310433,0,0.06412
373,priv,NF,spend_per_bene_mean,main,all_cohorts,-6,2.23985514396263,2.26708492390417,-2.20363130688953,6.6833415948148,Pre,8.10550743970341,7.79657193324635,0,0
373,priv,NF,spend_per_bene_mean,main,all_cohorts,-5,8.75910336008161,8.08305662394858,-7.08368762285761,24.6018943430208,Pre,8.10550743970341,7.79657193324635,0,0
373,priv,NF,spend_per_bene_mean,main,all_cohorts,-4,1.54123761776292,2.44804200889117,-3.25692471966378,6.33939995518961,Pre,8.10550743970341,7.79657193324635,0,0
373,priv,NF,spend_per_bene_mean,main,all_cohorts,-3,-3.87369443247216,4.50371211102778,-12.7009701700866,4.95358130514229,Pre,8.10550743970341,7.79657193324635,0,0
373,priv,NF,spend_per_bene_mean,main,all_cohorts,-2,0.650238613574941,3.4673862127279,-6.14583836337175,7.44631559052163,Pre,8.10550743970341,7.79657193324635,0,0
373,priv,NF,spend_per_bene_mean,main,all_cohorts,-1,-1.57478200740047,1.89679280145573,-5.2924958982537,2.14293188345277,Pre,8.10550743970341,7.79657193324635,0,0
373,priv,NF,spend_per_bene_mean,main,all_cohorts,0,4.39413171375147,3.39266246641032,-2.25548672041277,11.0437501479157,Post,8.10550743970341,7.79657193324635,0,0
373,priv,NF,spend_per_bene_mean,main,all_cohorts,1,6.73952774736872,8.00176406065895,-8.94392981152282,22.4229853062603,Post,8.10550743970341,7.79657193324635,0,0
373,priv,NF,spend_per_bene_mean,main,all_cohorts,2,10.1817658398501,8.91817777152331,-7.29786259233553,27.6613942720358,Post,8.10550743970341,7.79657193324635,0,0
373,priv,NF,spend_per_bene_mean,main,all_cohorts,3,13.1099789107881,9.31235272864404,-5.14223243735422,31.3621902589304,Post,8.10550743970341,7.79657193324635,0,0
373,priv,NF,spend_per_bene_mean,main,all_cohorts,4,6.42495391131348,10.8559248475915,-14.8526587899659,27.7025666125929,Post,8.10550743970341,7.79657193324635,0,0
374,priv,NF,spend_per_bene_mean,main,c2014,-3,-2.1083726448719,6.39789888283626,-14.648254455231,10.4315091654872,Pre,8.25561771663296,9.05659236980118,0,0.84542
374,priv,NF,spend_per_bene_mean,main,c2014,-2,-2.18262948471878,2.94842758106557,-7.96154754360729,3.59628857416973,Pre,8.25561771663296,9.05659236980118,0,0.84542
374,priv,NF,spend_per_bene_mean,main,c2014,-1,1.12532965619983,3.69134760415403,-6.10971164794206,8.36037096034173,Pre,8.25561771663296,9.05659236980118,0,0.84542
374,priv,NF,spend_per_bene_mean,main,c2014,0,3.3427552841647,5.3077601208522,-7.0604545527056,13.745965121035,Post,8.25561771663296,9.05659236980118,0,0.84542
374,priv,NF,spend_per_bene_mean,main,c2014,1,7.0826476707635,9.17841781743796,-10.9070512514149,25.0723465929419,Post,8.25561771663296,9.05659236980118,0,0.84542
374,priv,NF,spend_per_bene_mean,main,c2014,2,11.5568082911711,10.0636081776785,-8.16786373707873,31.281480319421,Post,8.25561771663296,9.05659236980118,0,0.84542
374,priv,NF,spend_per_bene_mean,main,c2014,3,12.870923425752,9.83443869467196,-6.40457641580501,32.1464232673091,Post,8.25561771663296,9.05659236980118,0,0.84542
374,priv,NF,spend_per_bene_mean,main,c2014,4,6.42495391131348,10.5013845234477,-14.157759754644,27.007667577271,Post,8.25561771663296,9.05659236980118,0,0.84542
375,priv,NF,spend_per_bene_mean,sens,all_cohorts,-6,0.336730180301443,1.79835127233053,-3.1880383134664,3.86149867406928,Pre,12.205904592671,4.43007374006338,0,0
375,priv,NF,spend_per_bene_mean,sens,all_cohorts,-5,11.8205463735501,7.47249587629712,-2.82554554399226,26.4666382910925,Pre,12.205904592671,4.43007374006338,0,0
375,priv,NF,spend_per_bene_mean,sens,all_cohorts,-4,0.996476421890014,2.85372213084209,-4.59681895456048,6.58977179834051,Pre,12.205904592671,4.43007374006338,0,0
375,priv,NF,spend_per_bene_mean,sens,all_cohorts,-3,-4.03700157934619,2.86568275798695,-9.65373978500061,1.57973662630822,Pre,12.205904592671,4.43007374006338,0,0
375,priv,NF,spend_per_bene_mean,sens,all_cohorts,-2,1.19963635020965,3.2240039838878,-5.11941145821044,7.51868415862975,Pre,12.205904592671,4.43007374006338,0,0
375,priv,NF,spend_per_bene_mean,sens,all_cohorts,-1,-0.125434675073485,2.65293365761387,-5.32518464399667,5.0743152938497,Pre,12.205904592671,4.43007374006338,0,0
375,priv,NF,spend_per_bene_mean,sens,all_cohorts,0,6.2208217788298,1.93312585366756,2.43189510564138,10.0097484520182,Post,12.205904592671,4.43007374006338,0,0
375,priv,NF,spend_per_bene_mean,sens,all_cohorts,1,9.57464155356623,3.66988660252127,2.38166381262454,16.7676192945079,Post,12.205904592671,4.43007374006338,0,0
375,priv,NF,spend_per_bene_mean,sens,all_cohorts,2,12.4208371801187,5.37883872479561,1.8783132795193,22.9633610807181,Post,12.205904592671,4.43007374006338,0,0
375,priv,NF,spend_per_bene_mean,sens,all_cohorts,3,18.2161234747939,6.6502058291537,5.18172004965263,31.2505268999351,Post,12.205904592671,4.43007374006338,0,0
375,priv,NF,spend_per_bene_mean,sens,all_cohorts,4,16.2368657280293,7.54235266267365,1.45385450918895,31.0198769468696,Post,12.205904592671,4.43007374006338,0,0
376,priv,NF,spend_per_bene_mean,sens,c2014,-3,0.0305859581873665,2.53227677633348,-4.93267652342625,4.99384843980099,Pre,12.8267877928568,5.51371510351964,0,0.80589
376,priv,NF,spend_per_bene_mean,sens,c2014,-2,-1.48525186675941,2.18029347722625,-5.75862708212286,2.78812334860403,Pre,12.8267877928568,5.51371510351964,0,0.80589
376,priv,NF,spend_per_bene_mean,sens,c2014,-1,-1.74626449809938,3.53956605166638,-8.68381395936549,5.19128496316672,Pre,12.8267877928568,5.51371510351964,0,0.80589
376,priv,NF,spend_per_bene_mean,sens,c2014,0,4.23015688362554,2.70601884471042,-1.07364005200689,9.53395381925797,Post,12.8267877928568,5.51371510351964,0,0.80589
376,priv,NF,spend_per_bene_mean,sens,c2014,1,10.8319560964575,5.02813268657047,0.976816030779412,20.6870961621357,Post,12.8267877928568,5.51371510351964,0,0.80589
376,priv,NF,spend_per_bene_mean,sens,c2014,2,14.2646426459784,5.60120780650496,3.28627534522864,25.2430099467281,Post,12.8267877928568,5.51371510351964,0,0.80589
376,priv,NF,spend_per_bene_mean,sens,c2014,3,18.5703176101933,6.93771595458692,4.97239433920292,32.1682408811836,Post,12.8267877928568,5.51371510351964,0,0.80589
376,priv,NF,spend_per_bene_mean,sens,c2014,4,16.2368657280293,7.0752640728691,2.36934814520586,30.1043833108527,Post,12.8267877928568,5.51371510351964,0,0.80589
377,priv,NF,spend_per_capita_mean,main,all_cohorts,-6,2.02769908738496,1.37657882590074,-0.67039541138049,4.72579358615042,Pre,3.422681308191,5.08224154527544,0,0
377,priv,NF,spend_per_capita_mean,main,all_cohorts,-5,4.23253048086905,4.96909923061176,-5.50690401113,13.9719649728681,Pre,3.422681308191,5.08224154527544,0,0
377,priv,NF,spend_per_capita_mean,main,all_cohorts,-4,0.35740530286685,1.41526631964342,-2.41651668363425,3.13132728936795,Pre,3.422681308191,5.08224154527544,0,0
377,priv,NF,spend_per_capita_mean,main,all_cohorts,-3,-1.74576795488321,2.55577231767556,-6.75508169752731,3.26354578776089,Pre,3.422681308191,5.08224154527544,0,0
377,priv,NF,spend_per_capita_mean,main,all_cohorts,-2,-0.596998979890091,2.17393107733716,-4.85790389147091,3.66390593169073,Pre,3.422681308191,5.08224154527544,0,0
377,priv,NF,spend_per_capita_mean,main,all_cohorts,-1,-0.729491750894223,1.0587442587045,-2.80463049795504,1.34564699616659,Pre,3.422681308191,5.08224154527544,0,0
377,priv,NF,spend_per_capita_mean,main,all_cohorts,0,2.08114922499532,2.24172045117015,-2.31262285929818,6.47492130928882,Post,3.422681308191,5.08224154527544,0,0
377,priv,NF,spend_per_capita_mean,main,all_cohorts,1,2.23405879787197,4.61894094712328,-6.81906545848966,11.2871830542336,Post,3.422681308191,5.08224154527544,0,0
377,priv,NF,spend_per_capita_mean,main,all_cohorts,2,4.11890038871574,5.79760272110523,-7.2444009446505,15.482201722082,Post,3.422681308191,5.08224154527544,0,0
377,priv,NF,spend_per_capita_mean,main,all_cohorts,3,6.59526374035851,6.25732620495186,-5.66909562134713,18.8596231020641,Post,3.422681308191,5.08224154527544,0,0
377,priv,NF,spend_per_capita_mean,main,all_cohorts,4,2.24467520401154,7.15446248283616,-11.7780712623473,16.2674216703704,Post,3.422681308191,5.08224154527544,0,0
378,priv,NF,spend_per_capita_mean,main,c2014,-3,-0.170154720548877,2.90708728714907,-5.86804580336106,5.5277363622633,Pre,3.47644931705196,6.07690004909476,0,0.2859
378,priv,NF,spend_per_capita_mean,main,c2014,-2,-2.85088907290603,1.47023530268822,-5.73255026617493,0.0307721203628728,Pre,3.47644931705196,6.07690004909476,0,0.2859
378,priv,NF,spend_per_capita_mean,main,c2014,-1,1.34037386792081,2.28250369539657,-3.13333337505646,5.81408111089808,Pre,3.47644931705196,6.07690004909476,0,0.2859
378,priv,NF,spend_per_capita_mean,main,c2014,0,1.20224819594404,3.25207807157288,-5.1718248243388,7.57632121622688,Post,3.47644931705196,6.07690004909476,0,0.2859
378,priv,NF,spend_per_capita_mean,main,c2014,1,2.4091253211998,5.55102485034415,-8.47088338547473,13.2891340278743,Post,3.47644931705196,6.07690004909476,0,0.2859
378,priv,NF,spend_per_capita_mean,main,c2014,2,4.94237676490783,6.9134348010275,-8.60795544510608,18.4927089749217,Post,3.47644931705196,6.07690004909476,0,0.2859
378,priv,NF,spend_per_capita_mean,main,c2014,3,6.58382109919661,6.4187874966639,-5.99700239426464,19.1646445926579,Post,3.47644931705196,6.07690004909476,0,0.2859
378,priv,NF,spend_per_capita_mean,main,c2014,4,2.24467520401154,7.65552901207681,-12.760161659659,17.2495120676821,Post,3.47644931705196,6.07690004909476,0,0.2859
379,priv,NF,spend_per_capita_mean,sens,all_cohorts,-6,0.352851578219054,0.823514017470333,-1.2612358960228,1.96693905246091,Pre,6.30008173236126,2.81925814549585,0,0
379,priv,NF,spend_per_capita_mean,sens,all_cohorts,-5,6.14408331917779,7.82291806029755,-9.1888360790054,21.477002717361,Pre,6.30008173236126,2.81925814549585,0,0
379,priv,NF,spend_per_capita_mean,sens,all_cohorts,-4,0.193566887496712,1.42793827751729,-2.60519213643719,2.99232591143061,Pre,6.30008173236126,2.81925814549585,0,0
379,priv,NF,spend_per_capita_mean,sens,all_cohorts,-3,-2.17009014311704,1.51358665194484,-5.13671998092893,0.796539694694848,Pre,6.30008173236126,2.81925814549585,0,0
379,priv,NF,spend_per_capita_mean,sens,all_cohorts,-2,0.253389029750954,1.6937431016038,-3.0663474493925,3.57312550889441,Pre,6.30008173236126,2.81925814549585,0,0
379,priv,NF,spend_per_capita_mean,sens,all_cohorts,-1,-0.308725293710521,1.55642158963864,-3.35931160940226,2.74186102198122,Pre,6.30008173236126,2.81925814549585,0,0
379,priv,NF,spend_per_capita_mean,sens,all_cohorts,0,3.27189330741289,1.22137350660725,0.878001234462666,5.6657853803631,Post,6.30008173236126,2.81925814549585,0,0
379,priv,NF,spend_per_capita_mean,sens,all_cohorts,1,4.93769145673907,2.2731219706982,0.482372394170598,9.39301051930755,Post,6.30008173236126,2.81925814549585,0,0
379,priv,NF,spend_per_capita_mean,sens,all_cohorts,2,6.25445323432336,3.05396163091951,0.268688437721123,12.2402180309256,Post,6.30008173236126,2.81925814549585,0,0
379,priv,NF,spend_per_capita_mean,sens,all_cohorts,3,9.82313328633562,4.13753472266662,1.71356522990905,17.9327013427622,Post,6.30008173236126,2.81925814549585,0,0
379,priv,NF,spend_per_capita_mean,sens,all_cohorts,4,8.03078406620726,4.34390477437541,-0.483269291568554,16.5448374239831,Post,6.30008173236126,2.81925814549585,0,0
380,priv,NF,spend_per_capita_mean,sens,c2014,-3,-0.116447921710561,1.49900827848885,-3.05450414754871,2.82160830412759,Pre,6.60107780435215,3.40163121848648,0,0.52093
380,priv,NF,spend_per_capita_mean,sens,c2014,-2,-1.41331319413633,1.27469714202051,-3.91171959249653,1.08509320422386,Pre,6.60107780435215,3.40163121848648,0,0.52093
380,priv,NF,spend_per_capita_mean,sens,c2014,-1,-1.10513459027369,2.26095198362685,-5.53660047818232,3.32633129763494,Pre,6.60107780435215,3.40163121848648,0,0.52093
380,priv,NF,spend_per_capita_mean,sens,c2014,0,2.02843984408173,1.67414113991817,-1.25287679015788,5.30975647832135,Post,6.60107780435215,3.40163121848648,0,0.52093
380,priv,NF,spend_per_capita_mean,sens,c2014,1,5.72287362575123,3.52566733359134,-1.1874343480878,12.6331815995903,Post,6.60107780435215,3.40163121848648,0,0.52093
380,priv,NF,spend_per_capita_mean,sens,c2014,2,7.26129995304271,3.5648573841783,0.274179480053241,14.2484204260322,Post,6.60107780435215,3.40163121848648,0,0.52093
380,priv,NF,spend_per_capita_mean,sens,c2014,3,9.96199153267782,4.20078784727553,1.72844735201779,18.1955357133378,Post,6.60107780435215,3.40163121848648,0,0.52093
380,priv,NF,spend_per_capita_mean,sens,c2014,4,8.03078406620726,4.63581525404108,-1.05541383171327,17.1169819641278,Post,6.60107780435215,3.40163121848648,0,0.52093
381,priv,NF,spend_per_vol_mean,main,all_cohorts,-6,78.6195762747871,70.4504995445417,-59.4634028325147,216.702555382089,Pre,71.4249200539324,66.9846249857999,0,0
381,priv,NF,spend_per_vol_mean,main,all_cohorts,-5,-78.3507500682467,53.2940561977305,-182.807100215798,26.1056000793049,Pre,71.4249200539324,66.9846249857999,0,0
381,priv,NF,spend_per_vol_mean,main,all_cohorts,-4,49.6710286278037,246.356392538269,-433.187500747204,532.529558002811,Pre,71.4249200539324,66.9846249857999,0,0
381,priv,NF,spend_per_vol_mean,main,all_cohorts,-3,-165.548780901676,157.346431624022,-473.947786884759,142.850225081406,Pre,71.4249200539324,66.9846249857999,0,0
381,priv,NF,spend_per_vol_mean,main,all_cohorts,-2,-77.2428953283124,63.3243012875481,-201.358525851907,46.8727351952818,Pre,71.4249200539324,66.9846249857999,0,0
381,priv,NF,spend_per_vol_mean,main,all_cohorts,-1,177.356282220036,66.0318291915187,47.9338970046597,306.778667435413,Pre,71.4249200539324,66.9846249857999,0,0
381,priv,NF,spend_per_vol_mean,main,all_cohorts,0,5.59867639900965,63.3377194895594,-118.543253800527,129.740606598546,Post,71.4249200539324,66.9846249857999,0,0
381,priv,NF,spend_per_vol_mean,main,all_cohorts,1,86.7720426416999,64.7009858931818,-40.0418897089365,213.585974992336,Post,71.4249200539324,66.9846249857999,0,0
381,priv,NF,spend_per_vol_mean,main,all_cohorts,2,78.1605319247199,52.0756468425993,-23.9077358867747,180.228799736215,Post,71.4249200539324,66.9846249857999,0,0
381,priv,NF,spend_per_vol_mean,main,all_cohorts,3,46.0985916612908,107.707252145857,-165.007622544589,257.204805867171,Post,71.4249200539324,66.9846249857999,0,0
381,priv,NF,spend_per_vol_mean,main,all_cohorts,4,156.051524099873,129.561460726684,-97.8889389244279,409.991987124173,Post,71.4249200539324,66.9846249857999,0,0
382,priv,NF,spend_per_vol_mean,main,c2014,-3,-175.037567505872,158.551587642515,-485.798679285202,135.723544273458,Pre,138.207983003346,61.6173478991925,0,0.00038
382,priv,NF,spend_per_vol_mean,main,c2014,-2,-13.0091901124077,73.1499032013344,-156.383000387023,130.364620162208,Pre,138.207983003346,61.6173478991925,0,0.00038
382,priv,NF,spend_per_vol_mean,main,c2014,-1,335.978116495925,82.308810115746,174.652848669063,497.303384322787,Pre,138.207983003346,61.6173478991925,0,0.00038
382,priv,NF,spend_per_vol_mean,main,c2014,0,170.240607625379,51.9150364338228,68.4871362150862,271.994079035671,Post,138.207983003346,61.6173478991925,0,0.00038
382,priv,NF,spend_per_vol_mean,main,c2014,1,136.821189713901,44.434736489231,49.7291061950078,223.913273232793,Post,138.207983003346,61.6173478991925,0,0.00038
382,priv,NF,spend_per_vol_mean,main,c2014,2,137.728909827464,46.8629592772681,45.8775096440184,229.580310010909,Post,138.207983003346,61.6173478991925,0,0.00038
382,priv,NF,spend_per_vol_mean,main,c2014,3,90.1976837501123,111.441499429434,-128.227655131578,308.623022631803,Post,138.207983003346,61.6173478991925,0,0.00038
382,priv,NF,spend_per_vol_mean,main,c2014,4,156.051524099873,125.719785790074,-90.3592560486726,402.462304248418,Post,138.207983003346,61.6173478991925,0,0.00038
383,priv,NF,spend_per_vol_mean,sens,all_cohorts,-6,116.546578631249,18.937104639688,79.4298535374602,153.663303725037,Pre,31.9787397998317,48.3725062872047,0,0
383,priv,NF,spend_per_vol_mean,sens,all_cohorts,-5,-81.5265296033424,50.9692361381955,-181.426232434206,18.3731732275207,Pre,31.9787397998317,48.3725062872047,0,0
383,priv,NF,spend_per_vol_mean,sens,all_cohorts,-4,57.8299055016718,233.031608321727,-398.912046808913,514.571857812257,Pre,31.9787397998317,48.3725062872047,0,0
383,priv,NF,spend_per_vol_mean,sens,all_cohorts,-3,-106.38540679238,74.2953376763559,-252.004268638037,39.2334550532776,Pre,31.9787397998317,48.3725062872047,0,0
383,priv,NF,spend_per_vol_mean,sens,all_cohorts,-2,-37.6788644567523,41.3368012424094,-118.698994891875,43.34126597837,Pre,31.9787397998317,48.3725062872047,0,0
383,priv,NF,spend_per_vol_mean,sens,all_cohorts,-1,110.771060110448,36.2050091568231,39.8092421630745,181.732878057821,Pre,31.9787397998317,48.3725062872047,0,0
383,priv,NF,spend_per_vol_mean,sens,all_cohorts,0,30.9110508753919,39.5576957109405,-46.6220327180515,108.444134468835,Post,31.9787397998317,48.3725062872047,0,0
383,priv,NF,spend_per_vol_mean,sens,all_cohorts,1,62.2311239340158,39.4131938042054,-15.0187359222268,139.480983790258,Post,31.9787397998317,48.3725062872047,0,0
383,priv,NF,spend_per_vol_mean,sens,all_cohorts,2,36.8942590712965,62.0151717721949,-84.6554776022055,158.443995744798,Post,31.9787397998317,48.3725062872047,0,0
383,priv,NF,spend_per_vol_mean,sens,all_cohorts,3,-3.91259009045216,78.0372402169016,-156.865580915579,149.040400734675,Post,31.9787397998317,48.3725062872047,0,0
383,priv,NF,spend_per_vol_mean,sens,all_cohorts,4,28.7253755118605,86.1302491824857,-140.089912885811,197.540663909532,Post,31.9787397998317,48.3725062872047,0,0
384,priv,NF,spend_per_vol_mean,sens,c2014,-3,-179.60067214267,96.6742338635447,-369.082170515218,9.88082622987719,Pre,73.6769600222879,52.7422795750518,0,0.00086
384,priv,NF,spend_per_vol_mean,sens,c2014,-2,-38.7441544340289,57.6540267596479,-151.746046882939,74.257738014881,Pre,73.6769600222879,52.7422795750518,0,0.00086
384,priv,NF,spend_per_vol_mean,sens,c2014,-1,172.864493013254,47.6292740071608,79.511115959219,266.217870067289,Pre,73.6769600222879,52.7422795750518,0,0.00086
384,priv,NF,spend_per_vol_mean,sens,c2014,0,102.179778550443,49.9782371794682,4.22243367868548,200.137123422201,Post,73.6769600222879,52.7422795750518,0,0.00086
384,priv,NF,spend_per_vol_mean,sens,c2014,1,92.4948107357262,47.195336146049,-0.00804811052984178,184.997669581982,Post,73.6769600222879,52.7422795750518,0,0.00086
384,priv,NF,spend_per_vol_mean,sens,c2014,2,92.1976187959338,48.925510021123,-3.69638084546719,188.091618437335,Post,73.6769600222879,52.7422795750518,0,0.00086
384,priv,NF,spend_per_vol_mean,sens,c2014,3,52.787216517476,76.0217915689607,-96.2154949576869,201.789927992639,Post,73.6769600222879,52.7422795750518,0,0.00086
384,priv,NF,spend_per_vol_mean,sens,c2014,4,28.7253755118605,84.2458387455154,-136.39646842935,193.847219453071,Post,73.6769600222879,52.7422795750518,0,0.00086
385,priv,NF,vol_per_bene_mean,main,all_cohorts,-6,-0.381794302998336,0.764302819616082,-1.87982782944586,1.11623922344918,Pre,1.85419725765221,1.91480901029665,0,0
385,priv,NF,vol_per_bene_mean,main,all_cohorts,-5,3.43705731252855,1.99414450830092,-0.471465923741253,7.34558054879835,Pre,1.85419725765221,1.91480901029665,0,0
385,priv,NF,vol_per_bene_mean,main,all_cohorts,-4,1.02789923445289,1.78611811863412,-2.47289227806999,4.52869074697577,Pre,1.85419725765221,1.91480901029665,0,0
385,priv,NF,vol_per_bene_mean,main,all_cohorts,-3,-0.164067209348078,1.51895488020623,-3.14121877455229,2.81308435585614,Pre,1.85419725765221,1.91480901029665,0,0
385,priv,NF,vol_per_bene_mean,main,all_cohorts,-2,0.521978271288943,1.55300415672463,-2.52190987589134,3.56586641846922,Pre,1.85419725765221,1.91480901029665,0,0
385,priv,NF,vol_per_bene_mean,main,all_cohorts,-1,-1.5618778755388,0.62196153900886,-2.78092249199616,-0.34283325908143,Pre,1.85419725765221,1.91480901029665,0,0
385,priv,NF,vol_per_bene_mean,main,all_cohorts,0,1.25835623295671,1.03975067437165,-0.779555088811715,3.29626755472514,Post,1.85419725765221,1.91480901029665,0,0
385,priv,NF,vol_per_bene_mean,main,all_cohorts,1,1.24032012823717,1.91211359292452,-2.50742251389489,4.98806277036923,Post,1.85419725765221,1.91480901029665,0,0
385,priv,NF,vol_per_bene_mean,main,all_cohorts,2,2.35065054118384,1.9455477425733,-1.46262303425982,6.1639241166275,Post,1.85419725765221,1.91480901029665,0,0
385,priv,NF,vol_per_bene_mean,main,all_cohorts,3,3.5542412035219,2.34810715658355,-1.04804882338187,8.15653123042566,Post,1.85419725765221,1.91480901029665,0,0
385,priv,NF,vol_per_bene_mean,main,all_cohorts,4,0.882985203960435,2.73876058676132,-4.48498554609175,6.25095595401262,Post,1.85419725765221,1.91480901029665,0,0
386,priv,NF,vol_per_bene_mean,main,c2014,-3,1.15650169231142,1.49415772781882,-1.77204745421347,4.0850508388363,Pre,1.59203021804457,2.06051842624358,0,0.03323
386,priv,NF,vol_per_bene_mean,main,c2014,-2,-1.38574500660859,1.23515234860854,-3.80664360988133,1.03515359666415,Pre,1.59203021804457,2.06051842624358,0,0.03323
386,priv,NF,vol_per_bene_mean,main,c2014,-1,-2.2507788196284,1.43325581599337,-5.05996021897541,0.558402579718614,Pre,1.59203021804457,2.06051842624358,0,0.03323
386,priv,NF,vol_per_bene_mean,main,c2014,0,0.186219584465257,1.18137825454676,-2.12928179444639,2.5017209633769,Post,1.59203021804457,2.06051842624358,0,0.03323
386,priv,NF,vol_per_bene_mean,main,c2014,1,1.24639434832554,2.00942607972731,-2.69208076793999,5.18486946459106,Post,1.59203021804457,2.06051842624358,0,0.03323
386,priv,NF,vol_per_bene_mean,main,c2014,2,2.26126115711381,2.16782399355779,-1.98767387025945,6.51019618448708,Post,1.59203021804457,2.06051842624358,0,0.03323
386,priv,NF,vol_per_bene_mean,main,c2014,3,3.38329079635782,2.46141291312256,-1.4410785133624,8.20766010607805,Post,1.59203021804457,2.06051842624358,0,0.03323
386,priv,NF,vol_per_bene_mean,main,c2014,4,0.882985203960435,2.64224994030997,-4.29582467904711,6.06179508696798,Post,1.59203021804457,2.06051842624358,0,0.03323
387,priv,NF,vol_per_bene_mean,sens,all_cohorts,-6,-0.999103836940724,0.521455222867142,-2.02115607376032,0.0229483998788751,Pre,2.58458506893376,1.05495987865197,0,0
387,priv,NF,vol_per_bene_mean,sens,all_cohorts,-5,4.20225811649266,2.38500537525072,-0.472352418998741,8.87686865198407,Pre,2.58458506893376,1.05495987865197,0,0
387,priv,NF,vol_per_bene_mean,sens,all_cohorts,-4,0.831194791540416,1.78572592692347,-2.66882802522959,4.33121760831042,Pre,2.58458506893376,1.05495987865197,0,0
387,priv,NF,vol_per_bene_mean,sens,all_cohorts,-3,-0.436095861302186,0.995005487854229,-2.38630661749647,1.5141148948921,Pre,2.58458506893376,1.05495987865197,0,0
387,priv,NF,vol_per_bene_mean,sens,all_cohorts,-2,0.547877000165194,1.27093306480284,-1.94315180684837,3.03890580717876,Pre,2.58458506893376,1.05495987865197,0,0
387,priv,NF,vol_per_bene_mean,sens,all_cohorts,-1,-0.962954814647645,0.728702252404619,-2.3912112293607,0.465301600065409,Pre,2.58458506893376,1.05495987865197,0,0
387,priv,NF,vol_per_bene_mean,sens,all_cohorts,0,1.26356766025478,0.590882263269966,0.105438424245649,2.42169689626392,Post,2.58458506893376,1.05495987865197,0,0
387,priv,NF,vol_per_bene_mean,sens,all_cohorts,1,1.85372712968059,0.85327204086504,0.181313929585111,3.52614032977607,Post,2.58458506893376,1.05495987865197,0,0
387,priv,NF,vol_per_bene_mean,sens,all_cohorts,2,2.85980102128717,1.2645241616108,0.381333664530012,5.33826837804433,Post,2.58458506893376,1.05495987865197,0,0
387,priv,NF,vol_per_bene_mean,sens,all_cohorts,3,4.19239476150494,1.57630128974106,1.10284423361247,7.28194528939742,Post,2.58458506893376,1.05495987865197,0,0
387,priv,NF,vol_per_bene_mean,sens,all_cohorts,4,3.06897087768893,1.68183559962168,-0.227426897569556,6.36536865294742,Post,2.58458506893376,1.05495987865197,0,0
388,priv,NF,vol_per_bene_mean,sens,c2014,-3,1.43110119459707,0.955668980573185,-0.442010007326371,3.30421239652051,Pre,2.518378901312,1.23182635204203,0,0.02435
388,priv,NF,vol_per_bene_mean,sens,c2014,-2,-0.853774317190629,0.887164862370411,-2.59261744743663,0.885068813055376,Pre,2.518378901312,1.23182635204203,0,0.02435
388,priv,NF,vol_per_bene_mean,sens,c2014,-1,-1.76927251444462,0.963814167270215,-3.65834828229424,0.119803253405005,Pre,2.518378901312,1.23182635204203,0,0.02435
388,priv,NF,vol_per_bene_mean,sens,c2014,0,0.329574741588601,0.748727307196411,-1.13793078051636,1.79708026369357,Post,2.518378901312,1.23182635204203,0,0.02435
388,priv,NF,vol_per_bene_mean,sens,c2014,1,1.98357467137514,1.2902728119063,-0.545360039961201,4.51250938271148,Post,2.518378901312,1.23182635204203,0,0.02435
388,priv,NF,vol_per_bene_mean,sens,c2014,2,3.01760082160166,1.44302082988547,0.189279995026151,5.84592164817718,Post,2.518378901312,1.23182635204203,0,0.02435
388,priv,NF,vol_per_bene_mean,sens,c2014,3,4.19217339430565,1.56694502727509,1.12096114084647,7.26338564776484,Post,2.518378901312,1.23182635204203,0,0.02435
388,priv,NF,vol_per_bene_mean,sens,c2014,4,3.06897087768893,1.68840382354633,-0.240300616461876,6.37824237183974,Post,2.518378901312,1.23182635204203,0,0.02435
389,priv,NF,vol_per_capita_mean,main,all_cohorts,-6,0.0701553003242383,0.444804430401547,-0.801661383262793,0.94197198391127,Pre,0.708555481837422,1.19485838695903,0,0
389,priv,NF,vol_per_capita_mean,main,all_cohorts,-5,1.65314481944565,1.15727265749939,-0.615109589253159,3.92139922814446,Pre,0.708555481837422,1.19485838695903,0,0
389,priv,NF,vol_per_capita_mean,main,all_cohorts,-4,0.338803256943917,1.11075369770478,-1.83827399055744,2.51588050444528,Pre,0.708555481837422,1.19485838695903,0,0
389,priv,NF,vol_per_capita_mean,main,all_cohorts,-3,0.12442454205753,0.961224925031411,-1.75957631100404,2.0084253951191,Pre,0.708555481837422,1.19485838695903,0,0
389,priv,NF,vol_per_capita_mean,main,all_cohorts,-2,0.102468920310443,0.956741306572857,-1.77274404057236,1.97768188119324,Pre,0.708555481837422,1.19485838695903,0,0
389,priv,NF,vol_per_capita_mean,main,all_cohorts,-1,-0.858290642244066,0.350050189141544,-1.54438901296149,-0.172192271526639,Pre,0.708555481837422,1.19485838695903,0,0
389,priv,NF,vol_per_capita_mean,main,all_cohorts,0,0.548013293963516,0.633915566142948,-0.694461215676662,1.79048780360369,Post,0.708555481837422,1.19485838695903,0,0
389,priv,NF,vol_per_capita_mean,main,all_cohorts,1,0.235710481913065,1.10243739271836,-1.92506680781491,2.39648777164104,Post,0.708555481837422,1.19485838695903,0,0
389,priv,NF,vol_per_capita_mean,main,all_cohorts,2,0.876652882283073,1.32639917549069,-1.72308950167867,3.47639526624482,Post,0.708555481837422,1.19485838695903,0,0
389,priv,NF,vol_per_capita_mean,main,all_cohorts,3,1.74878464567355,1.61737645123663,-1.42127319875025,4.91884249009734,Post,0.708555481837422,1.19485838695903,0,0
389,priv,NF,vol_per_capita_mean,main,all_cohorts,4,0.145793642170132,1.71204529959378,-3.20981514503368,3.50140242937394,Post,0.708555481837422,1.19485838695903,0,0
390,priv,NF,vol_per_capita_mean,main,c2014,-3,1.03872909887532,0.80178405895963,-0.532767656685559,2.61022585443619,Pre,0.54689470325515,1.35467062933624,0,0.027
390,priv,NF,vol_per_capita_mean,main,c2014,-2,-1.25366984681308,0.742663284360266,-2.7092898841592,0.201950190533041,Pre,0.54689470325515,1.35467062933624,0,0.027
390,priv,NF,vol_per_capita_mean,main,c2014,-1,-1.09868066667593,0.783463655929456,-2.63426943229766,0.436908098945804,Pre,0.54689470325515,1.35467062933624,0,0.027
390,priv,NF,vol_per_capita_mean,main,c2014,0,-0.111489219808422,0.718205279481614,-1.51917156759239,1.29619312797554,Post,0.54689470325515,1.35467062933624,0,0.027
390,priv,NF,vol_per_capita_mean,main,c2014,1,0.226831910132957,1.39654316939583,-2.51039270188286,2.96405652214877,Post,0.54689470325515,1.35467062933624,0,0.027
390,priv,NF,vol_per_capita_mean,main,c2014,2,0.819752628886125,1.48607900945516,-2.09296222964599,3.73246748741824,Post,0.54689470325515,1.35467062933624,0,0.027
390,priv,NF,vol_per_capita_mean,main,c2014,3,1.65358455489496,1.62310582271853,-1.52770285763337,4.83487196742328,Post,0.54689470325515,1.35467062933624,0,0.027
390,priv,NF,vol_per_capita_mean,main,c2014,4,0.145793642170132,1.66098042176987,-3.10972798449882,3.40131526883908,Post,0.54689470325515,1.35467062933624,0,0.027
391,priv,NF,vol_per_capita_mean,sens,all_cohorts,-6,-0.458992207789565,0.242475012001488,-0.934243231312481,0.0162588157333517,Pre,1.28597155827823,0.661018314057493,0,0
391,priv,NF,vol_per_capita_mean,sens,all_cohorts,-5,2.13492199582124,1.18072556563811,-0.179300112829456,4.44914410447194,Pre,1.28597155827823,0.661018314057493,0,0
391,priv,NF,vol_per_capita_mean,sens,all_cohorts,-4,0.27578878278283,1.03209958786433,-1.74712640943126,2.29870397499692,Pre,1.28597155827823,0.661018314057493,0,0
391,priv,NF,vol_per_capita_mean,sens,all_cohorts,-3,-0.191962570441583,0.601005188039282,-1.36993273899857,0.986007598115409,Pre,1.28597155827823,0.661018314057493,0,0
391,priv,NF,vol_per_capita_mean,sens,all_cohorts,-2,0.234437232036424,0.812236264478151,-1.35754584634075,1.8264203104136,Pre,1.28597155827823,0.661018314057493,0,0
391,priv,NF,vol_per_capita_mean,sens,all_cohorts,-1,-0.62172065325828,0.413164109641428,-1.43152230815548,0.188081001638919,Pre,1.28597155827823,0.661018314057493,0,0
391,priv,NF,vol_per_capita_mean,sens,all_cohorts,0,0.597093569296368,0.372338474745092,-0.132689841204013,1.32687697979675,Post,1.28597155827823,0.661018314057493,0,0
391,priv,NF,vol_per_capita_mean,sens,all_cohorts,1,0.877389067366597,0.567652136850952,-0.235209120861269,1.98998725559446,Post,1.28597155827823,0.661018314057493,0,0
391,priv,NF,vol_per_capita_mean,sens,all_cohorts,2,1.35781099804448,0.793263587191619,-0.196985632851092,2.91260762894006,Post,1.28597155827823,0.661018314057493,0,0
391,priv,NF,vol_per_capita_mean,sens,all_cohorts,3,2.21554445563678,0.951287252496319,0.351021440743996,4.08006747052957,Post,1.28597155827823,0.661018314057493,0,0
391,priv,NF,vol_per_capita_mean,sens,all_cohorts,4,1.56051842219014,1.01815560800098,-0.435066569491767,3.55610341387206,Post,1.28597155827823,0.661018314057493,0,0
392,priv,NF,vol_per_capita_mean,sens,c2014,-3,0.805384623670899,0.549329222797944,-0.271300653013072,1.88206990035487,Pre,1.23064371817051,0.786438880638736,0,0.05412
392,priv,NF,vol_per_capita_mean,sens,c2014,-2,-0.636988251933162,0.459977375885086,-1.53854390866793,0.264567404801607,Pre,1.23064371817051,0.786438880638736,0,0.05412
392,priv,NF,vol_per_capita_mean,sens,c2014,-1,-1.04403271747141,0.6273261315033,-2.27359193521788,0.185526500275059,Pre,1.23064371817051,0.786438880638736,0,0.05412
392,priv,NF,vol_per_capita_mean,sens,c2014,0,0.0515368170078335,0.398612114140182,-0.729742926706924,0.832816560722591,Post,1.23064371817051,0.786438880638736,0,0.05412
392,priv,NF,vol_per_capita_mean,sens,c2014,1,0.958021771275689,0.807526610574222,-0.624730385449786,2.54077392800116,Post,1.23064371817051,0.786438880638736,0,0.05412
392,priv,NF,vol_per_capita_mean,sens,c2014,2,1.40464223651436,0.932275549101637,-0.422617839724848,3.23190231275357,Post,1.23064371817051,0.786438880638736,0,0.05412
392,priv,NF,vol_per_capita_mean,sens,c2014,3,2.17849934386451,1.03750981037144,0.144980115536488,4.21201857219253,Post,1.23064371817051,0.786438880638736,0,0.05412
392,priv,NF,vol_per_capita_mean,sens,c2014,4,1.56051842219014,1.01961678416356,-0.437930474770438,3.55896731915073,Post,1.23064371817051,0.786438880638736,0,0.05412
393,priv,RX,spend_per_bene_mean,main,all_cohorts,-6,2.59162594244153,12.2295899995468,-21.3783704566702,26.5616223415533,Pre,26.1958303056226,26.9261754444481,0,0
393,priv,RX,spend_per_bene_mean,main,all_cohorts,-5,38.9829907569264,12.8768571488415,13.744350745197,64.2216307686558,Pre,26.1958303056226,26.9261754444481,0,0
393,priv,RX,spend_per_bene_mean,main,all_cohorts,-4,-0.135521719103419,30.2665247410445,-59.4579102115506,59.1868667733438,Pre,26.1958303056226,26.9261754444481,0,0
393,priv,RX,spend_per_bene_mean,main,all_cohorts,-3,21.4933756831701,22.4016610259743,-22.4138799277396,65.4006312940798,Pre,26.1958303056226,26.9261754444481,0,0
393,priv,RX,spend_per_bene_mean,main,all_cohorts,-2,18.4251046691515,22.9909028801522,-26.6370649759467,63.4872743142498,Pre,26.1958303056226,26.9261754444481,0,0
393,priv,RX,spend_per_bene_mean,main,all_cohorts,-1,-21.4827038335865,21.2208480617535,-63.0755660346234,20.1101583674504,Pre,26.1958303056226,26.9261754444481,0,0
393,priv,RX,spend_per_bene_mean,main,all_cohorts,0,0.580418188615621,12.5706763883351,-24.0581075325212,25.2189439097524,Post,26.1958303056226,26.9261754444481,0,0
393,priv,RX,spend_per_bene_mean,main,all_cohorts,1,30.9090745108612,23.0559183650804,-14.2805254846963,76.0986745064186,Post,26.1958303056226,26.9261754444481,0,0
393,priv,RX,spend_per_bene_mean,main,all_cohorts,2,25.4354307285153,31.1297291687814,-35.5788384422963,86.4496998993268,Post,26.1958303056226,26.9261754444481,0,0
393,priv,RX,spend_per_bene_mean,main,all_cohorts,3,51.8106394335026,38.1935301197904,-23.0486796012866,126.669958468292,Post,26.1958303056226,26.9261754444481,0,0
393,priv,RX,spend_per_bene_mean,main,all_cohorts,4,25.2049144850734,41.9526265638476,-57.0222335800679,107.432062550215,Post,26.1958303056226,26.9261754444481,0,0
394,priv,RX,spend_per_bene_mean,main,c2014,-3,22.4250352571165,25.9437509818564,-28.424716667322,73.2747871815551,Pre,34.3515364695888,29.8849402997937,0,0.15395
394,priv,RX,spend_per_bene_mean,main,c2014,-2,-14.8263783982301,31.6646109648772,-76.8890158893894,47.2362590929291,Pre,34.3515364695888,29.8849402997937,0,0.15395
394,priv,RX,spend_per_bene_mean,main,c2014,-1,-38.3892719140973,25.7149574804281,-88.7905885757364,12.0120447475418,Pre,34.3515364695888,29.8849402997937,0,0.15395
394,priv,RX,spend_per_bene_mean,main,c2014,0,19.6513220489639,17.0165415091421,-13.7010993089547,53.0037434068825,Post,34.3515364695888,29.8849402997937,0,0.15395
394,priv,RX,spend_per_bene_mean,main,c2014,1,35.7786687431179,27.2340969423151,-17.6001612638197,89.1574987500554,Post,34.3515364695888,29.8849402997937,0,0.15395
394,priv,RX,spend_per_bene_mean,main,c2014,2,33.8409040797181,38.0241554631927,-40.6864406281396,108.368248787576,Post,34.3515364695888,29.8849402997937,0,0.15395
394,priv,RX,spend_per_bene_mean,main,c2014,3,57.2818729910707,41.4333227885776,-23.9274396745413,138.491185656683,Post,34.3515364695888,29.8849402997937,0,0.15395
394,priv,RX,spend_per_bene_mean,main,c2014,4,25.2049144850734,41.4378526735739,-56.0132767551314,106.423105725278,Post,34.3515364695888,29.8849402997937,0,0.15395
395,priv,RX,spend_per_bene_mean,sens,all_cohorts,-6,-1.27653066262785,10.0885896948693,-21.0501664645716,18.4971051393159,Pre,64.216799827968,29.9180767399433,0,0
395,priv,RX,spend_per_bene_mean,sens,all_cohorts,-5,39.3338506583244,12.5807090014339,14.6756610155139,63.9920403011349,Pre,64.216799827968,29.9180767399433,0,0
395,priv,RX,spend_per_bene_mean,sens,all_cohorts,-4,7.93408461149273,31.5744673946591,-53.9518714820391,69.8200407050246,Pre,64.216799827968,29.9180767399433,0,0
395,priv,RX,spend_per_bene_mean,sens,all_cohorts,-3,-4.43973994840706,12.2498082858874,-28.4493641887465,19.5698842919323,Pre,64.216799827968,29.9180767399433,0,0
395,priv,RX,spend_per_bene_mean,sens,all_cohorts,-2,-8.24566191697375,15.2913473086643,-38.2167026419559,21.7253788080084,Pre,64.216799827968,29.9180767399433,0,0
395,priv,RX,spend_per_bene_mean,sens,all_cohorts,-1,-16.0676256993818,15.2526178188119,-45.9627566242531,13.8275052254896,Pre,64.216799827968,29.9180767399433,0,0
395,priv,RX,spend_per_bene_mean,sens,all_cohorts,0,24.3782619620289,11.2829545694358,2.26367100593476,46.492852918123,Post,64.216799827968,29.9180767399433,0,0
395,priv,RX,spend_per_bene_mean,sens,all_cohorts,1,51.0006449949066,21.0694106211029,9.70460017754488,92.2966898122684,Post,64.216799827968,29.9180767399433,0,0
395,priv,RX,spend_per_bene_mean,sens,all_cohorts,2,56.3602819058635,30.2561575026882,-2.94178679940529,115.662350611132,Post,64.216799827968,29.9180767399433,0,0
395,priv,RX,spend_per_bene_mean,sens,all_cohorts,3,98.0827590950604,42.6962021847266,14.3982028129962,181.767315377125,Post,64.216799827968,29.9180767399433,0,0
395,priv,RX,spend_per_bene_mean,sens,all_cohorts,4,103.939014326955,50.8887936025413,4.19697886597383,203.681049787936,Post,64.216799827968,29.9180767399433,0,0
396,priv,RX,spend_per_bene_mean,sens,c2014,-3,0.232463536650415,18.6941985977347,-36.4081657149096,36.8730927882104,Pre,76.8749489510568,35.2061008737878,0,0.02028
396,priv,RX,spend_per_bene_mean,sens,c2014,-2,-37.1542634732934,15.1571364867246,-66.8622509872737,-7.4462759593132,Pre,76.8749489510568,35.2061008737878,0,0.02028
396,priv,RX,spend_per_bene_mean,sens,c2014,-1,-36.8336083213011,15.51024898177,-67.2336963255703,-6.43352031703195,Pre,76.8749489510568,35.2061008737878,0,0.02028
396,priv,RX,spend_per_bene_mean,sens,c2014,0,38.8137428339889,15.939978314243,7.57138533807252,70.0561003299052,Post,76.8749489510568,35.2061008737878,0,0.02028
396,priv,RX,spend_per_bene_mean,sens,c2014,1,69.2453513749868,28.9313606447388,12.5398845112989,125.950818238675,Post,76.8749489510568,35.2061008737878,0,0.02028
396,priv,RX,spend_per_bene_mean,sens,c2014,2,66.5392763871143,37.8184891778224,-7.58496240141756,140.663515175646,Post,76.8749489510568,35.2061008737878,0,0.02028
396,priv,RX,spend_per_bene_mean,sens,c2014,3,105.837359832239,41.1191804318742,25.2437661857657,186.430953478713,Post,76.8749489510568,35.2061008737878,0,0.02028
396,priv,RX,spend_per_bene_mean,sens,c2014,4,103.939014326955,49.0321394260097,7.83602105197569,200.042007601934,Post,76.8749489510568,35.2061008737878,0,0.02028
397,priv,RX,spend_per_capita_mean,main,all_cohorts,-6,9.9204079856626,6.33996307360054,-2.50591963859445,22.3467356099197,Pre,-0.398033996415948,18.7329328822889,0,0
397,priv,RX,spend_per_capita_mean,main,all_cohorts,-5,17.3992771632878,7.53047164781679,2.63955273356692,32.1590015930087,Pre,-0.398033996415948,18.7329328822889,0,0
397,priv,RX,spend_per_capita_mean,main,all_cohorts,-4,2.37846080046077,18.6753831168028,-34.2252901084728,38.9822117093943,Pre,-0.398033996415948,18.7329328822889,0,0
397,priv,RX,spend_per_capita_mean,main,all_cohorts,-3,10.258443230554,12.6080086671427,-14.4532537570456,34.9701402181537,Pre,-0.398033996415948,18.7329328822889,0,0
397,priv,RX,spend_per_capita_mean,main,all_cohorts,-2,8.58745823731969,13.5141753144676,-17.9003253790368,35.0752418536762,Pre,-0.398033996415948,18.7329328822889,0,0
397,priv,RX,spend_per_capita_mean,main,all_cohorts,-1,-19.0744285623449,9.74694428480871,-38.17843936057,0.0295822358801487,Pre,-0.398033996415948,18.7329328822889,0,0
397,priv,RX,spend_per_capita_mean,main,all_cohorts,0,-5.37218490829638,7.84637493341931,-20.7510797777982,10.0067099612055,Post,-0.398033996415948,18.7329328822889,0,0
397,priv,RX,spend_per_capita_mean,main,all_cohorts,1,4.11407753519676,18.4525284445695,-32.0528782161595,40.281033286553,Post,-0.398033996415948,18.7329328822889,0,0
397,priv,RX,spend_per_capita_mean,main,all_cohorts,2,-4.20112815896222,20.2009950578867,-43.7950784724201,35.3928221544956,Post,-0.398033996415948,18.7329328822889,0,0
397,priv,RX,spend_per_capita_mean,main,all_cohorts,3,8.80730572792749,27.2762392891939,-44.6541232788926,62.2687347347476,Post,-0.398033996415948,18.7329328822889,0,0
397,priv,RX,spend_per_capita_mean,main,all_cohorts,4,-5.40076731938054,29.6869390267687,-63.5871678118473,52.7856331730862,Post,-0.398033996415948,18.7329328822889,0,0
398,priv,RX,spend_per_capita_mean,main,c2014,-3,11.1163295804043,13.3664016576493,-15.0818176685883,37.314476829397,Pre,1.72860970964957,22.713955177601,0,0.02136
398,priv,RX,spend_per_capita_mean,main,c2014,-2,-12.3208555698719,16.0411132177928,-43.7614374767458,19.119726337002,Pre,1.72860970964957,22.713955177601,0,0.02136
398,priv,RX,spend_per_capita_mean,main,c2014,-1,-28.5745136135804,13.6296101821088,-55.2885495705136,-1.86047765664721,Pre,1.72860970964957,22.713955177601,0,0.02136
398,priv,RX,spend_per_capita_mean,main,c2014,0,3.04975416837806,11.595678016119,-19.6777747432152,25.7772830799713,Post,1.72860970964957,22.713955177601,0,0.02136
398,priv,RX,spend_per_capita_mean,main,c2014,1,2.64178783001142,21.0226001625914,-38.5625084886677,43.8460841486906,Post,1.72860970964957,22.713955177601,0,0.02136
398,priv,RX,spend_per_capita_mean,main,c2014,2,-2.14824905874606,27.8469101083574,-56.7281928711265,52.4316947536344,Post,1.72860970964957,22.713955177601,0,0.02136
398,priv,RX,spend_per_capita_mean,main,c2014,3,10.500522927985,30.1167083030133,-48.5282253459211,69.529271201891,Post,1.72860970964957,22.713955177601,0,0.02136
398,priv,RX,spend_per_capita_mean,main,c2014,4,-5.40076731938054,29.9720348884018,-64.1459557006481,53.344421061887,Post,1.72860970964957,22.713955177601,0,0.02136
399,priv,RX,spend_per_capita_mean,sens,all_cohorts,-6,9.53035081148211,4.95316891691207,-0.177860265665537,19.2385618886298,Pre,31.9217349265165,19.3767545624129,0,0
399,priv,RX,spend_per_capita_mean,sens,all_cohorts,-5,18.4237173784108,5.93550200597844,6.79013344669306,30.0573013101286,Pre,31.9217349265165,19.3767545624129,0,0
399,priv,RX,spend_per_capita_mean,sens,all_cohorts,-4,6.20163529243482,18.584065968609,-30.2231340060388,42.6264045909084,Pre,31.9217349265165,19.3767545624129,0,0
399,priv,RX,spend_per_capita_mean,sens,all_cohorts,-3,-1.62799725118562,6.75000195265959,-14.8580010783984,11.6020065760272,Pre,31.9217349265165,19.3767545624129,0,0
399,priv,RX,spend_per_capita_mean,sens,all_cohorts,-2,-5.32108280486676,9.64169148454866,-24.2187981145821,13.5766325048486,Pre,31.9217349265165,19.3767545624129,0,0
399,priv,RX,spend_per_capita_mean,sens,all_cohorts,-1,-12.5258889922053,7.70122792612221,-27.6202957274049,2.56851774299419,Pre,31.9217349265165,19.3767545624129,0,0
399,priv,RX,spend_per_capita_mean,sens,all_cohorts,0,10.9833384141786,6.86161065457151,-2.46541846878158,24.4320952971387,Post,31.9217349265165,19.3767545624129,0,0
399,priv,RX,spend_per_capita_mean,sens,all_cohorts,1,23.5459458854534,14.1443250576642,-4.17693122756843,51.2688229984751,Post,31.9217349265165,19.3767545624129,0,0
399,priv,RX,spend_per_capita_mean,sens,all_cohorts,2,26.0980743929595,22.3786766756919,-17.7641318913966,69.9602806773156,Post,31.9217349265165,19.3767545624129,0,0
399,priv,RX,spend_per_capita_mean,sens,all_cohorts,3,50.3494379997247,26.5831926895379,-1.75361967176966,102.452495671219,Post,31.9217349265165,19.3767545624129,0,0
399,priv,RX,spend_per_capita_mean,sens,all_cohorts,4,56.026204054487,34.5236436934826,-11.640137584739,123.692545693713,Post,31.9217349265165,19.3767545624129,0,0
400,priv,RX,spend_per_capita_mean,sens,c2014,-3,1.42574319897496,9.69256761391768,-17.5716893243037,20.4231757222536,Pre,38.6942111727358,22.4007784480858,0,0.00238
400,priv,RX,spend_per_capita_mean,sens,c2014,-2,-23.7062097851956,8.50335111057216,-40.3727779619171,-7.03964160847418,Pre,38.6942111727358,22.4007784480858,0,0.00238
400,priv,RX,spend_per_capita_mean,sens,c2014,-1,-22.2474847872751,7.90595806977141,-37.743162604027,-6.75180697052312,Pre,38.6942111727358,22.4007784480858,0,0.00238
400,priv,RX,spend_per_capita_mean,sens,c2014,0,18.8387430215969,10.5806424695518,-1.89931621872465,39.5768022619185,Post,38.6942111727358,22.4007784480858,0,0.00238
400,priv,RX,spend_per_capita_mean,sens,c2014,1,32.0940780731846,20.8910666303348,-8.85241252227165,73.0405686686408,Post,38.6942111727358,22.4007784480858,0,0.00238
400,priv,RX,spend_per_capita_mean,sens,c2014,2,31.7136379790067,26.6142666275706,-20.4503246110317,83.8776005690451,Post,38.6942111727358,22.4007784480858,0,0.00238
400,priv,RX,spend_per_capita_mean,sens,c2014,3,54.7983927354036,32.0099715118433,-7.94115142780923,117.537936898616,Post,38.6942111727358,22.4007784480858,0,0.00238
400,priv,RX,spend_per_capita_mean,sens,c2014,4,56.026204054487,31.7469959300184,-6.19790796834903,118.250316077323,Post,38.6942111727358,22.4007784480858,0,0.00238
401,priv,RX,spend_per_vol_mean,main,all_cohorts,-6,-4.08238759712108,0.26252351986776,-4.59693369606189,-3.56784149818027,Pre,0.642296282444201,1.5286310699036,0,0
401,priv,RX,spend_per_vol_mean,main,all_cohorts,-5,-0.524408847600006,1.06358709979128,-2.60903956319091,1.5602218679909,Pre,0.642296282444201,1.5286310699036,0,0
401,priv,RX,spend_per_vol_mean,main,all_cohorts,-4,-1.19110970009021,0.707047908783322,-2.57692360130552,0.194704201125098,Pre,0.642296282444201,1.5286310699036,0,0
401,priv,RX,spend_per_vol_mean,main,all_cohorts,-3,0.279818924316422,0.382134617560254,-0.469164926101677,1.02880277473452,Pre,0.642296282444201,1.5286310699036,0,0
401,priv,RX,spend_per_vol_mean,main,all_cohorts,-2,-0.823508445164827,0.512900546986245,-1.82879351725787,0.181776626928214,Pre,0.642296282444201,1.5286310699036,0,0
401,priv,RX,spend_per_vol_mean,main,all_cohorts,-1,0.102688041492829,0.808432835404014,-1.48184031589904,1.6872163988847,Pre,0.642296282444201,1.5286310699036,0,0
401,priv,RX,spend_per_vol_mean,main,all_cohorts,0,0.511198694370096,1.12209109416982,-1.68809985020276,2.71049723894295,Post,0.642296282444201,1.5286310699036,0,0
401,priv,RX,spend_per_vol_mean,main,all_cohorts,1,1.01529161656531,1.74949056232332,-2.4137098855884,4.44429311871901,Post,0.642296282444201,1.5286310699036,0,0
401,priv,RX,spend_per_vol_mean,main,all_cohorts,2,0.0192980816468644,1.26816768418912,-2.46631057936382,2.50490674265755,Post,0.642296282444201,1.5286310699036,0,0
401,priv,RX,spend_per_vol_mean,main,all_cohorts,3,1.71499607271305,1.49480052011148,-1.21481294670545,4.64480509213155,Post,0.642296282444201,1.5286310699036,0,0
401,priv,RX,spend_per_vol_mean,main,all_cohorts,4,-0.096238828608378,3.08684746262431,-6.14645985535203,5.95398219813527,Post,0.642296282444201,1.5286310699036,0,0
402,priv,RX,spend_per_vol_mean,main,c2014,-3,0.402290077730304,0.511656318561013,-0.600556306649282,1.40513646210989,Pre,0.762594358362797,1.84544508332517,0,0.50852
402,priv,RX,spend_per_vol_mean,main,c2014,-2,-0.627051067724276,0.606754000048509,-1.81628890781935,0.562186772370801,Pre,0.762594358362797,1.84544508332517,0,0.50852
402,priv,RX,spend_per_vol_mean,main,c2014,-1,0.77512782265039,1.37313536065249,-1.9162174842285,3.46647312952928,Pre,0.762594358362797,1.84544508332517,0,0.50852
402,priv,RX,spend_per_vol_mean,main,c2014,0,0.428379401614869,1.70873759089296,-2.92074627653532,3.77750507976506,Post,0.762594358362797,1.84544508332517,0,0.50852
402,priv,RX,spend_per_vol_mean,main,c2014,1,0.978660222854271,1.75677861098142,-2.46462585466932,4.42194630037786,Post,0.762594358362797,1.84544508332517,0,0.50852
402,priv,RX,spend_per_vol_mean,main,c2014,2,0.536132742559289,1.770385277798,-2.9338224019248,4.00608788704337,Post,0.762594358362797,1.84544508332517,0,0.50852
402,priv,RX,spend_per_vol_mean,main,c2014,3,1.96603825339394,1.61727351953967,-1.20381784490382,5.1358943516917,Post,0.762594358362797,1.84544508332517,0,0.50852
402,priv,RX,spend_per_vol_mean,main,c2014,4,-0.096238828608378,2.85120083192833,-5.68459245918791,5.49211480197115,Post,0.762594358362797,1.84544508332517,0,0.50852
403,priv,RX,spend_per_vol_mean,sens,all_cohorts,-6,-4.10918456402451,0.150529858136299,-4.40422308597166,-3.81414604207737,Pre,0.476010518509142,0.849955676186639,0,0
403,priv,RX,spend_per_vol_mean,sens,all_cohorts,-5,-0.801473253262665,1.24804324792008,-3.24763801918602,1.64469151266069,Pre,0.476010518509142,0.849955676186639,0,0
403,priv,RX,spend_per_vol_mean,sens,all_cohorts,-4,-1.31442790065015,0.595942670917022,-2.48247553564752,-0.14638026565279,Pre,0.476010518509142,0.849955676186639,0,0
403,priv,RX,spend_per_vol_mean,sens,all_cohorts,-3,0.277808314020977,0.432255694188957,-0.56941284658938,1.12502947463133,Pre,0.476010518509142,0.849955676186639,0,0
403,priv,RX,spend_per_vol_mean,sens,all_cohorts,-2,0.262670518491916,0.443678317880016,-0.606938984552915,1.13228002153675,Pre,0.476010518509142,0.849955676186639,0,0
403,priv,RX,spend_per_vol_mean,sens,all_cohorts,-1,-0.0957325521120454,0.450441029157215,-0.978596969260187,0.787131865036096,Pre,0.476010518509142,0.849955676186639,0,0
403,priv,RX,spend_per_vol_mean,sens,all_cohorts,0,0.42294367124433,0.577915111389469,-0.70976994707903,1.55565728956769,Post,0.476010518509142,0.849955676186639,0,0
403,priv,RX,spend_per_vol_mean,sens,all_cohorts,1,0.650231721735966,0.751106512741243,-0.82193704323687,2.1224004867088,Post,0.476010518509142,0.849955676186639,0,0
403,priv,RX,spend_per_vol_mean,sens,all_cohorts,2,-0.102351037242429,0.804731698444014,-1.6796251661927,1.47492309170784,Post,0.476010518509142,0.849955676186639,0,0
403,priv,RX,spend_per_vol_mean,sens,all_cohorts,3,0.365665104277304,1.17470696112483,-1.93676053952737,2.66809074808198,Post,0.476010518509142,0.849955676186639,0,0
403,priv,RX,spend_per_vol_mean,sens,all_cohorts,4,1.16168813594937,1.94163372621093,-2.64391396742405,4.96729023932278,Post,0.476010518509142,0.849955676186639,0,0
404,priv,RX,spend_per_vol_mean,sens,c2014,-3,0.674771025671808,0.494004273538608,-0.293477350463864,1.64301940180748,Pre,0.768507890266655,1.03737993785294,0,0.23932
404,priv,RX,spend_per_vol_mean,sens,c2014,-2,0.531117981052446,0.608314826793217,-0.661179079462259,1.72341504156715,Pre,0.768507890266655,1.03737993785294,0,0.23932
404,priv,RX,spend_per_vol_mean,sens,c2014,-1,-0.364929465767653,0.833525342178648,-1.9986391364378,1.2687802049025,Pre,0.768507890266655,1.03737993785294,0,0.23932
404,priv,RX,spend_per_vol_mean,sens,c2014,0,0.678439953475362,0.879365849152823,-1.04511711086417,2.4019970178149,Post,0.768507890266655,1.03737993785294,0,0.23932
404,priv,RX,spend_per_vol_mean,sens,c2014,1,0.974307369336487,0.981610837843388,-0.949649872836553,2.89826461150953,Post,0.768507890266655,1.03737993785294,0,0.23932
404,priv,RX,spend_per_vol_mean,sens,c2014,2,0.549454586888035,0.934600715109017,-1.28236281472564,2.38127198850171,Post,0.768507890266655,1.03737993785294,0,0.23932
404,priv,RX,spend_per_vol_mean,sens,c2014,3,0.47864940568402,1.22729420912163,-1.92684724419438,2.88414605556242,Post,0.768507890266655,1.03737993785294,0,0.23932
404,priv,RX,spend_per_vol_mean,sens,c2014,4,1.16168813594937,2.0205299079179,-2.79855048356971,5.12192675546845,Post,0.768507890266655,1.03737993785294,0,0.23932
405,priv,RX,vol_per_bene_mean,main,all_cohorts,-6,586.307538503602,140.232194182607,311.452437905693,861.162639101511,Pre,137.920724147372,213.407924129695,0,0
405,priv,RX,vol_per_bene_mean,main,all_cohorts,-5,489.213779763186,179.242484588768,137.898509969202,840.529049557171,Pre,137.920724147372,213.407924129695,0,0
405,priv,RX,vol_per_bene_mean,main,all_cohorts,-4,151.180133287519,311.295981631671,-458.959990710556,761.320257285593,Pre,137.920724147372,213.407924129695,0,0
405,priv,RX,vol_per_bene_mean,main,all_cohorts,-3,144.149456010354,226.116337089174,-299.038564684426,587.337476705134,Pre,137.920724147372,213.407924129695,0,0
405,priv,RX,vol_per_bene_mean,main,all_cohorts,-2,311.010938237078,238.366482664368,-156.187367785084,778.20924425924,Pre,137.920724147372,213.407924129695,0,0
405,priv,RX,vol_per_bene_mean,main,all_cohorts,-1,-317.179603864085,213.927193086503,-736.47690231363,102.11769458546,Pre,137.920724147372,213.407924129695,0,0
405,priv,RX,vol_per_bene_mean,main,all_cohorts,0,-70.3090063875879,155.383073407243,-374.859830265784,234.241817490608,Post,137.920724147372,213.407924129695,0,0
405,priv,RX,vol_per_bene_mean,main,all_cohorts,1,180.491755261212,231.368173937335,-272.989865655965,633.973376178389,Post,137.920724147372,213.407924129695,0,0
405,priv,RX,vol_per_bene_mean,main,all_cohorts,2,179.483508573498,286.187982961827,-381.444938031683,740.41195517868,Post,137.920724147372,213.407924129695,0,0
405,priv,RX,vol_per_bene_mean,main,all_cohorts,3,326.661941436928,329.600387377886,-319.354817823729,972.678700697584,Post,137.920724147372,213.407924129695,0,0
405,priv,RX,vol_per_bene_mean,main,all_cohorts,4,87.0358433537056,373.95405349286,-645.914101492301,819.985788199712,Post,137.920724147372,213.407924129695,0,0
406,priv,RX,vol_per_bene_mean,main,c2014,-3,164.586796629359,286.533306786495,-397.01848467217,726.192077930888,Pre,194.8572969206,281.90837528028,0,0.09965
406,priv,RX,vol_per_bene_mean,main,c2014,-2,-14.5208564628751,342.033431637763,-684.90638247289,655.86466954714,Pre,194.8572969206,281.90837528028,0,0.09965
406,priv,RX,vol_per_bene_mean,main,c2014,-1,-586.316028041298,313.206363682242,-1200.20050085849,27.5684447758957,Pre,194.8572969206,281.90837528028,0,0.09965
406,priv,RX,vol_per_bene_mean,main,c2014,0,107.468381292229,250.478705481619,-383.469881451745,598.406644036203,Post,194.8572969206,281.90837528028,0,0.09965
406,priv,RX,vol_per_bene_mean,main,c2014,1,214.635120592862,272.925024549664,-320.297927524479,749.568168710203,Post,194.8572969206,281.90837528028,0,0.09965
406,priv,RX,vol_per_bene_mean,main,c2014,2,215.788169284104,321.708191812523,-414.759886668442,846.336225236649,Post,194.8572969206,281.90837528028,0,0.09965
406,priv,RX,vol_per_bene_mean,main,c2014,3,349.358970080099,408.990493869886,-452.262397904878,1150.98033806508,Post,194.8572969206,281.90837528028,0,0.09965
406,priv,RX,vol_per_bene_mean,main,c2014,4,87.0358433537056,371.460155559785,-641.026061543474,815.097748250885,Post,194.8572969206,281.90837528028,0,0.09965
407,priv,RX,vol_per_bene_mean,sens,all_cohorts,-6,530.806018938386,148.027902647276,240.671329749725,820.940708127047,Pre,608.44960550759,272.954382857838,0,0
407,priv,RX,vol_per_bene_mean,sens,all_cohorts,-5,504.465284184004,158.499150345827,193.806949506184,815.123618861825,Pre,608.44960550759,272.954382857838,0,0
407,priv,RX,vol_per_bene_mean,sens,all_cohorts,-4,231.693537365573,310.200094853367,-376.298648547026,839.685723278172,Pre,608.44960550759,272.954382857838,0,0
407,priv,RX,vol_per_bene_mean,sens,all_cohorts,-3,-101.084089216762,142.765625507632,-380.904715211721,178.736536778196,Pre,608.44960550759,272.954382857838,0,0
407,priv,RX,vol_per_bene_mean,sens,all_cohorts,-2,-51.4315695737472,165.437719387873,-375.689499573978,272.826360426483,Pre,608.44960550759,272.954382857838,0,0
407,priv,RX,vol_per_bene_mean,sens,all_cohorts,-1,-180.093968661227,160.363952177363,-494.40731492886,134.219377606405,Pre,608.44960550759,272.954382857838,0,0
407,priv,RX,vol_per_bene_mean,sens,all_cohorts,0,223.481658840368,95.6939364588378,35.9215433810458,411.04177429969,Post,608.44960550759,272.954382857838,0,0
407,priv,RX,vol_per_bene_mean,sens,all_cohorts,1,462.885113173533,194.956254327734,80.7708546911738,844.999371655892,Post,608.44960550759,272.954382857838,0,0
407,priv,RX,vol_per_bene_mean,sens,all_cohorts,2,570.9944187031,287.846872273046,6.81454904792952,1135.17428835827,Post,608.44960550759,272.954382857838,0,0
407,priv,RX,vol_per_bene_mean,sens,all_cohorts,3,947.114119638815,395.36409360487,172.20049617327,1722.02774310436,Post,608.44960550759,272.954382857838,0,0
407,priv,RX,vol_per_bene_mean,sens,all_cohorts,4,954.671303239822,472.502705307159,28.5660008377907,1880.77660564185,Post,608.44960550759,272.954382857838,0,0
408,priv,RX,vol_per_bene_mean,sens,c2014,-3,-74.6495545222907,232.721858495253,-530.784397172987,381.485288128406,Pre,720.047538455073,333.558819826696,0,0.05443
408,priv,RX,vol_per_bene_mean,sens,c2014,-2,-362.764526846256,189.464370488368,-734.114693003458,8.58563931094579,Pre,720.047538455073,333.558819826696,0,0.05443
408,priv,RX,vol_per_bene_mean,sens,c2014,-1,-391.338127788826,184.768665568558,-753.484712303201,-29.1915432744518,Pre,720.047538455073,333.558819826696,0,0.05443
408,priv,RX,vol_per_bene_mean,sens,c2014,0,364.535408863427,139.474887574595,91.164629217221,637.906188509633,Post,720.047538455073,333.558819826696,0,0.05443
408,priv,RX,vol_per_bene_mean,sens,c2014,1,632.509135788955,265.662836180317,111.809976875533,1153.20829470238,Post,720.047538455073,333.558819826696,0,0.05443
408,priv,RX,vol_per_bene_mean,sens,c2014,2,630.620931998728,345.42261466777,-46.4073927501006,1307.64925674756,Post,720.047538455073,333.558819826696,0,0.05443
408,priv,RX,vol_per_bene_mean,sens,c2014,3,1017.90091238443,417.815876884586,198.981793690641,1836.82003107822,Post,720.047538455073,333.558819826696,0,0.05443
408,priv,RX,vol_per_bene_mean,sens,c2014,4,954.671303239822,469.709251279932,34.0411707311562,1875.30143574849,Post,720.047538455073,333.558819826696,0,0.05443
409,priv,RX,vol_per_capita_mean,main,all_cohorts,-6,385.308010261823,82.8052184697838,223.009782061047,547.606238462599,Pre,-58.9265571354275,138.0631454258,0,0
409,priv,RX,vol_per_capita_mean,main,all_cohorts,-5,216.188583507531,77.3482154146877,64.5860812947427,367.791085720319,Pre,-58.9265571354275,138.0631454258,0,0
409,priv,RX,vol_per_capita_mean,main,all_cohorts,-4,108.713689595425,172.996189978998,-230.358842763411,447.786221954261,Pre,-58.9265571354275,138.0631454258,0,0
409,priv,RX,vol_per_capita_mean,main,all_cohorts,-3,69.8360279705883,125.517142863735,-176.177572042333,315.84962798351,Pre,-58.9265571354275,138.0631454258,0,0
409,priv,RX,vol_per_capita_mean,main,all_cohorts,-2,163.993334076656,133.255234900956,-97.1869263292182,425.17359448253,Pre,-58.9265571354275,138.0631454258,0,0
409,priv,RX,vol_per_capita_mean,main,all_cohorts,-1,-242.366948910946,100.326175773418,-439.006253426845,-45.7276443950474,Pre,-58.9265571354275,138.0631454258,0,0
409,priv,RX,vol_per_capita_mean,main,all_cohorts,0,-89.4632907050027,85.0139056950563,-256.090545867313,77.1639644573076,Post,-58.9265571354275,138.0631454258,0,0
409,priv,RX,vol_per_capita_mean,main,all_cohorts,1,-37.5258013145692,156.718686408483,-344.694426675196,269.642824046057,Post,-58.9265571354275,138.0631454258,0,0
409,priv,RX,vol_per_capita_mean,main,all_cohorts,2,-80.8247629492479,183.614727651348,-440.709629145889,279.060103247394,Post,-58.9265571354275,138.0631454258,0,0
409,priv,RX,vol_per_capita_mean,main,all_cohorts,3,2.60378872877363,222.054882839752,-432.62378163714,437.831359094687,Post,-58.9265571354275,138.0631454258,0,0
409,priv,RX,vol_per_capita_mean,main,all_cohorts,4,-88.9927177758377,218.620983460399,-517.489845358219,339.504409806544,Post,-58.9265571354275,138.0631454258,0,0
410,priv,RX,vol_per_capita_mean,main,c2014,-3,87.597480353713,162.467341345628,-230.838508683718,406.033469391143,Pre,-49.3356817398234,161.640006912666,0,0.03062
410,priv,RX,vol_per_capita_mean,main,c2014,-2,-48.0545566582852,179.605599713009,-400.081532095782,303.972418779212,Pre,-49.3356817398234,161.640006912666,0,0.03062
410,priv,RX,vol_per_capita_mean,main,c2014,-1,-397.921736230264,212.556150651961,-814.531791508108,18.6883190475795,Pre,-49.3356817398234,161.640006912666,0,0.03062
410,priv,RX,vol_per_capita_mean,main,c2014,0,-10.5817438115727,138.700637660812,-282.434993626764,261.271506003618,Post,-49.3356817398234,161.640006912666,0,0.03062
410,priv,RX,vol_per_capita_mean,main,c2014,1,-50.2787872945809,174.606333293249,-392.50720054935,291.949625960188,Post,-49.3356817398234,161.640006912666,0,0.03062
410,priv,RX,vol_per_capita_mean,main,c2014,2,-94.0188339645846,233.283615201455,-551.254719759437,363.217051830268,Post,-49.3356817398234,161.640006912666,0,0.03062
410,priv,RX,vol_per_capita_mean,main,c2014,3,-2.80632585254106,254.008895383547,-500.663760804292,495.05110909921,Post,-49.3356817398234,161.640006912666,0,0.03062
410,priv,RX,vol_per_capita_mean,main,c2014,4,-88.9927177758377,233.379563642318,-546.416662514782,368.431226963106,Post,-49.3356817398234,161.640006912666,0,0.03062
411,priv,RX,vol_per_capita_mean,sens,all_cohorts,-6,374.471245787906,66.9501331722122,243.24898477037,505.693506805442,Pre,307.180039970301,159.020104417104,0,0
411,priv,RX,vol_per_capita_mean,sens,all_cohorts,-5,231.52726850714,77.3859975377885,79.8507133330744,383.203823681205,Pre,307.180039970301,159.020104417104,0,0
411,priv,RX,vol_per_capita_mean,sens,all_cohorts,-4,146.956025093749,195.823709655959,-236.858445831931,530.770496019429,Pre,307.180039970301,159.020104417104,0,0
411,priv,RX,vol_per_capita_mean,sens,all_cohorts,-3,-40.4776368738362,73.7027347910812,-184.934997064355,103.979723316683,Pre,307.180039970301,159.020104417104,0,0
411,priv,RX,vol_per_capita_mean,sens,all_cohorts,-2,-33.0637734702484,104.424030192692,-237.734872647925,171.607325707429,Pre,307.180039970301,159.020104417104,0,0
411,priv,RX,vol_per_capita_mean,sens,all_cohorts,-1,-131.321799313496,88.9092359028165,-305.583901683016,42.9403030560243,Pre,307.180039970301,159.020104417104,0,0
411,priv,RX,vol_per_capita_mean,sens,all_cohorts,0,103.144070134933,61.5336510211392,-17.4618858664997,223.750026136366,Post,307.180039970301,159.020104417104,0,0
411,priv,RX,vol_per_capita_mean,sens,all_cohorts,1,206.025132155835,129.814429469116,-48.4111496036326,460.461413915303,Post,307.180039970301,159.020104417104,0,0
411,priv,RX,vol_per_capita_mean,sens,all_cohorts,2,267.578439583142,230.446438089187,-184.096579071665,719.25345823795,Post,307.180039970301,159.020104417104,0,0
411,priv,RX,vol_per_capita_mean,sens,all_cohorts,3,504.74594787057,256.053634767515,2.88082372624092,1006.6110720149,Post,307.180039970301,159.020104417104,0,0
411,priv,RX,vol_per_capita_mean,sens,all_cohorts,4,525.65653099386,285.051608099447,-33.0446208810563,1084.35768286878,Post,307.180039970301,159.020104417104,0,0
412,priv,RX,vol_per_capita_mean,sens,c2014,-3,-18.7381151140759,105.30724957281,-225.140324276783,187.664094048632,Pre,365.339289711567,229.047362541325,0,0.01099
412,priv,RX,vol_per_capita_mean,sens,c2014,-2,-235.437641639501,95.9619755127589,-423.523113644509,-47.3521696344939,Pre,365.339289711567,229.047362541325,0,0.01099
412,priv,RX,vol_per_capita_mean,sens,c2014,-1,-221.326264818237,98.9692610984311,-415.306016571162,-27.3465130653126,Pre,365.339289711567,229.047362541325,0,0.01099
412,priv,RX,vol_per_capita_mean,sens,c2014,0,180.236577453583,96.366722000188,-8.64219766678534,369.115352573952,Post,365.339289711567,229.047362541325,0,0.01099
412,priv,RX,vol_per_capita_mean,sens,c2014,1,285.044196498056,193.981500754419,-95.1595449806049,665.247937976717,Post,365.339289711567,229.047362541325,0,0.01099
412,priv,RX,vol_per_capita_mean,sens,c2014,2,293.336236682727,262.809773593887,-221.770919561291,808.443392926744,Post,365.339289711567,229.047362541325,0,0.01099
412,priv,RX,vol_per_capita_mean,sens,c2014,3,542.42290692961,276.079493243568,1.30710017221713,1083.538713687,Post,365.339289711567,229.047362541325,0,0.01099
412,priv,RX,vol_per_capita_mean,sens,c2014,4,525.65653099386,302.503871614901,-67.2510573713452,1118.56411935907,Post,365.339289711567,229.047362541325,0,0.01099
413,priv,Total,spend_per_bene_mean,main,all_cohorts,-6,-156.176585941691,50.422248954084,-255.004193891695,-57.3489779916862,Pre,179.791496267478,94.7315985317132,0,0
413,priv,Total,spend_per_bene_mean,main,all_cohorts,-5,230.429360284166,83.936659711109,65.9135072503923,394.94521331794,Pre,179.791496267478,94.7315985317132,0,0
413,priv,Total,spend_per_bene_mean,main,all_cohorts,-4,87.3250239275288,132.71607018989,-172.798473644656,347.448521499714,Pre,179.791496267478,94.7315985317132,0,0
413,priv,Total,spend_per_bene_mean,main,all_cohorts,-3,72.3950858896295,98.3100544136693,-120.292620761162,265.082792540421,Pre,179.791496267478,94.7315985317132,0,0
413,priv,Total,spend_per_bene_mean,main,all_cohorts,-2,23.0160700744995,110.544792067993,-193.651722378766,239.683862527765,Pre,179.791496267478,94.7315985317132,0,0
413,priv,Total,spend_per_bene_mean,main,all_cohorts,-1,-28.8521090942068,70.7234056940975,-167.469984254638,109.765766066224,Pre,179.791496267478,94.7315985317132,0,0
413,priv,Total,spend_per_bene_mean,main,all_cohorts,0,51.5107166897403,57.8333315490361,-61.8426131463705,164.864046525851,Post,179.791496267478,94.7315985317132,0,0
413,priv,Total,spend_per_bene_mean,main,all_cohorts,1,108.851646504842,105.145422796851,-97.2333821769863,314.93667518667,Post,179.791496267478,94.7315985317132,0,0
413,priv,Total,spend_per_bene_mean,main,all_cohorts,2,190.807439973354,112.430860948052,-29.5570474848277,411.171927431535,Post,179.791496267478,94.7315985317132,0,0
413,priv,Total,spend_per_bene_mean,main,all_cohorts,3,346.277261394535,130.106611920609,91.2683020301417,601.286220758929,Post,179.791496267478,94.7315985317132,0,0
413,priv,Total,spend_per_bene_mean,main,all_cohorts,4,234.670074685566,153.516278126763,-66.2218304428903,535.561979814023,Post,179.791496267478,94.7315985317132,0,0
414,priv,Total,spend_per_bene_mean,main,c2014,-3,143.74140050244,110.784377627132,-73.3959796467381,360.878780651619,Pre,207.504932166154,120.782993420151,0,0.19648
414,priv,Total,spend_per_bene_mean,main,c2014,-2,-71.9332750036764,90.2540512982102,-248.831215548168,104.964665540816,Pre,207.504932166154,120.782993420151,0,0.19648
414,priv,Total,spend_per_bene_mean,main,c2014,-1,-69.189490022471,45.7133793442994,-158.787713537298,20.4087334923558,Pre,207.504932166154,120.782993420151,0,0.19648
414,priv,Total,spend_per_bene_mean,main,c2014,0,15.2979493924364,73.5337576433258,-128.828215588482,159.424114373355,Post,207.504932166154,120.782993420151,0,0.19648
414,priv,Total,spend_per_bene_mean,main,c2014,1,165.258288342306,157.96205054596,-144.347330727776,474.863907412389,Post,207.504932166154,120.782993420151,0,0.19648
414,priv,Total,spend_per_bene_mean,main,c2014,2,234.123947645301,115.780627491975,7.19391776103061,461.053977529572,Post,207.504932166154,120.782993420151,0,0.19648
414,priv,Total,spend_per_bene_mean,main,c2014,3,388.17440076516,138.187929533105,117.326058880275,659.022742650046,Post,207.504932166154,120.782993420151,0,0.19648
414,priv,Total,spend_per_bene_mean,main,c2014,4,234.670074685566,154.866714818637,-68.8686863589618,538.208835730094,Post,207.504932166154,120.782993420151,0,0.19648
415,priv,Total,spend_per_bene_mean,sens,all_cohorts,-6,-148.485512236421,48.5020400491808,-243.549510732815,-53.4215137400266,Pre,107.447713548193,49.0421368991704,0,0
415,priv,Total,spend_per_bene_mean,sens,all_cohorts,-5,245.070913332282,100.773858506102,47.5541506603228,442.587676004242,Pre,107.447713548193,49.0421368991704,0,0
415,priv,Total,spend_per_bene_mean,sens,all_cohorts,-4,88.6707858454126,152.47062962066,-210.17164821108,387.513219901905,Pre,107.447713548193,49.0421368991704,0,0
415,priv,Total,spend_per_bene_mean,sens,all_cohorts,-3,-10.3449646835231,62.3457198641414,-132.54257561724,111.852646250194,Pre,107.447713548193,49.0421368991704,0,0
415,priv,Total,spend_per_bene_mean,sens,all_cohorts,-2,-27.7181263232749,88.2007944326809,-200.591683411329,145.15543076478,Pre,107.447713548193,49.0421368991704,0,0
415,priv,Total,spend_per_bene_mean,sens,all_cohorts,-1,-15.5192960644157,69.3699228254043,-151.484344802208,120.445752673377,Pre,107.447713548193,49.0421368991704,0,0
415,priv,Total,spend_per_bene_mean,sens,all_cohorts,0,60.9189193178396,38.4830256956071,-14.5078110455504,136.34564968123,Post,107.447713548193,49.0421368991704,0,0
415,priv,Total,spend_per_bene_mean,sens,all_cohorts,1,58.3616009211415,63.6106297008535,-66.3152332925313,183.038435134814,Post,107.447713548193,49.0421368991704,0,0
415,priv,Total,spend_per_bene_mean,sens,all_cohorts,2,97.071303583748,56.3612477628242,-13.3967420313874,207.539349198884,Post,107.447713548193,49.0421368991704,0,0
415,priv,Total,spend_per_bene_mean,sens,all_cohorts,3,181.833444116866,74.255408728559,36.2928430088901,327.374045224841,Post,107.447713548193,49.0421368991704,0,0
415,priv,Total,spend_per_bene_mean,sens,all_cohorts,4,159.389524444672,88.2016804807339,-13.4857692975665,332.26481818691,Post,107.447713548193,49.0421368991704,0,0
416,priv,Total,spend_per_bene_mean,sens,c2014,-3,85.868390622474,68.9852746288966,-49.3427476501633,221.079528895111,Pre,113.796195225829,61.6461707514995,0,0.03998
416,priv,Total,spend_per_bene_mean,sens,c2014,-2,-125.590863054836,73.3303253490314,-269.318300738937,18.1365746292656,Pre,113.796195225829,61.6461707514995,0,0.03998
416,priv,Total,spend_per_bene_mean,sens,c2014,-1,-103.130307657868,52.4998028051354,-206.029921155934,-0.230694159802994,Pre,113.796195225829,61.6461707514995,0,0.03998
416,priv,Total,spend_per_bene_mean,sens,c2014,0,-2.49183077764838,38.7355158643913,-78.4134418718553,73.4297803165585,Post,113.796195225829,61.6461707514995,0,0.03998
416,priv,Total,spend_per_bene_mean,sens,c2014,1,107.778791344136,69.0897695229491,-27.6371569208443,243.194739609116,Post,113.796195225829,61.6461707514995,0,0.03998
416,priv,Total,spend_per_bene_mean,sens,c2014,2,104.107175750127,69.116781356314,-31.3617157082486,239.576067208502,Post,113.796195225829,61.6461707514995,0,0.03998
416,priv,Total,spend_per_bene_mean,sens,c2014,3,200.197315367861,78.1615840671242,47.0006105962978,353.394020139425,Post,113.796195225829,61.6461707514995,0,0.03998
416,priv,Total,spend_per_bene_mean,sens,c2014,4,159.389524444672,92.2215859626666,-21.3647840421546,340.143832931498,Post,113.796195225829,61.6461707514995,0,0.03998
417,priv,Total,spend_per_capita_mean,main,all_cohorts,-6,-72.7881643908542,28.0034498658965,-127.674926128011,-17.9014026536971,Pre,31.2669340173378,56.0053055938952,0,0
417,priv,Total,spend_per_capita_mean,main,all_cohorts,-5,102.236487840255,46.9124421029693,10.2881013184353,194.184874362075,Pre,31.2669340173378,56.0053055938952,0,0
417,priv,Total,spend_per_capita_mean,main,all_cohorts,-4,60.6532947914837,93.8407213318604,-123.274519018963,244.58110860193,Pre,31.2669340173378,56.0053055938952,0,0
417,priv,Total,spend_per_capita_mean,main,all_cohorts,-3,34.4820140344961,68.190279789921,-99.1709343537491,168.134962422741,Pre,31.2669340173378,56.0053055938952,0,0
417,priv,Total,spend_per_capita_mean,main,all_cohorts,-2,10.1947666263148,76.7529834223964,-140.241080881582,160.630614134212,Pre,31.2669340173378,56.0053055938952,0,0
417,priv,Total,spend_per_capita_mean,main,all_cohorts,-1,-26.6596325569546,35.1226921689766,-95.5001092081488,42.1808440942396,Pre,31.2669340173378,56.0053055938952,0,0
417,priv,Total,spend_per_capita_mean,main,all_cohorts,0,3.85978054856991,38.1517945938489,-70.917736855374,78.6372979525138,Post,31.2669340173378,56.0053055938952,0,0
417,priv,Total,spend_per_capita_mean,main,all_cohorts,1,-11.9824536348164,65.3348129378347,-140.038686992972,116.07377972334,Post,31.2669340173378,56.0053055938952,0,0
417,priv,Total,spend_per_capita_mean,main,all_cohorts,2,13.8633307987286,66.0070901331065,-115.51056586216,143.237227459617,Post,31.2669340173378,56.0053055938952,0,0
417,priv,Total,spend_per_capita_mean,main,all_cohorts,3,115.359940772502,72.3054303378148,-26.3587026896154,257.078584234619,Post,31.2669340173378,56.0053055938952,0,0
417,priv,Total,spend_per_capita_mean,main,all_cohorts,4,49.1036070774096,84.0604963462079,-115.654965761158,213.862179915977,Post,31.2669340173378,56.0053055938952,0,0
418,priv,Total,spend_per_capita_mean,main,c2014,-3,87.9241352979862,61.3417771695799,-32.3057479543904,208.154018550363,Pre,45.6146864842326,68.9291383209351,0,0.06699
418,priv,Total,spend_per_capita_mean,main,c2014,-2,-67.0797987724947,57.4580267039158,-179.69753111217,45.5379335671802,Pre,45.6146864842326,68.9291383209351,0,0.06699
418,priv,Total,spend_per_capita_mean,main,c2014,-1,-52.3943795777532,41.9732635924476,-134.66197621895,29.8732170634441,Pre,45.6146864842326,68.9291383209351,0,0.06699
418,priv,Total,spend_per_capita_mean,main,c2014,0,-24.8271103405716,47.6638212625167,-118.248200015104,68.5939793339611,Post,45.6146864842326,68.9291383209351,0,0.06699
418,priv,Total,spend_per_capita_mean,main,c2014,1,21.0533285277534,95.269527202235,-165.674944788627,207.781601844134,Post,45.6146864842326,68.9291383209351,0,0.06699
418,priv,Total,spend_per_capita_mean,main,c2014,2,41.9838063654394,79.7431629730181,-114.312793061676,198.280405792555,Post,45.6146864842326,68.9291383209351,0,0.06699
418,priv,Total,spend_per_capita_mean,main,c2014,3,140.759800791132,81.9947364544163,-19.9498826595238,301.469484241788,Post,45.6146864842326,68.9291383209351,0,0.06699
418,priv,Total,spend_per_capita_mean,main,c2014,4,49.1036070774096,80.6501440497099,-108.970675260022,207.177889414841,Post,45.6146864842326,68.9291383209351,0,0.06699
419,priv,Total,spend_per_capita_mean,sens,all_cohorts,-6,-66.6686994220586,23.3144982586549,-112.365116009022,-20.972282835095,Pre,-1.48268822770049,34.977288863891,0,0
419,priv,Total,spend_per_capita_mean,sens,all_cohorts,-5,120.879238778237,52.1229473321157,18.7182620072899,223.040215549184,Pre,-1.48268822770049,34.977288863891,0,0
419,priv,Total,spend_per_capita_mean,sens,all_cohorts,-4,58.187443094241,101.637727068755,-141.022501960519,257.397388149001,Pre,-1.48268822770049,34.977288863891,0,0
419,priv,Total,spend_per_capita_mean,sens,all_cohorts,-3,-5.09794489774761,44.7155731213209,-92.7404682155366,82.5445784200414,Pre,-1.48268822770049,34.977288863891,0,0
419,priv,Total,spend_per_capita_mean,sens,all_cohorts,-2,-10.6838400357963,65.7795421491377,-139.611742648106,118.244062576514,Pre,-1.48268822770049,34.977288863891,0,0
419,priv,Total,spend_per_capita_mean,sens,all_cohorts,-1,-33.2633866170427,47.4157556855867,-126.198267760793,59.6714945267073,Pre,-1.48268822770049,34.977288863891,0,0
419,priv,Total,spend_per_capita_mean,sens,all_cohorts,0,8.01054863628483,27.8175989851458,-46.5119453746009,62.5330426471706,Post,-1.48268822770049,34.977288863891,0,0
419,priv,Total,spend_per_capita_mean,sens,all_cohorts,1,-32.4583138762554,47.3222890744618,-125.210000462201,60.2933727096898,Post,-1.48268822770049,34.977288863891,0,0
419,priv,Total,spend_per_capita_mean,sens,all_cohorts,2,-21.6479182115331,49.5461208954138,-118.758315166544,75.4624787434779,Post,-1.48268822770049,34.977288863891,0,0
419,priv,Total,spend_per_capita_mean,sens,all_cohorts,3,29.747084813714,50.8509127710489,-69.9207042175418,129.41487384497,Post,-1.48268822770049,34.977288863891,0,0
419,priv,Total,spend_per_capita_mean,sens,all_cohorts,4,16.0423087901168,60.5364105560985,-102.609055899836,134.69367348007,Post,-1.48268822770049,34.977288863891,0,0
420,priv,Total,spend_per_capita_mean,sens,c2014,-3,57.1898326942237,41.0400470480479,-23.2486595199501,137.628324908398,Pre,5.0134218021824,41.4789111258761,0,0.01236
420,priv,Total,spend_per_capita_mean,sens,c2014,-2,-83.8576814196965,43.8456676520341,-169.795190017683,2.07982717829032,Pre,5.0134218021824,41.4789111258761,0,0.01236
420,priv,Total,spend_per_capita_mean,sens,c2014,-1,-92.2184440691495,43.0934416419452,-176.681589687362,-7.75529845093682,Pre,5.0134218021824,41.4789111258761,0,0.01236
420,priv,Total,spend_per_capita_mean,sens,c2014,0,-29.5775275583466,29.812510524531,-88.0100481864273,28.8549930697341,Post,5.0134218021824,41.4789111258761,0,0.01236
420,priv,Total,spend_per_capita_mean,sens,c2014,1,4.60990950402143,53.8861818525236,-101.007006926925,110.226825934968,Post,5.0134218021824,41.4789111258761,0,0.01236
420,priv,Total,spend_per_capita_mean,sens,c2014,2,-9.72173302805586,58.8865527928308,-125.139376502004,105.695910445892,Post,5.0134218021824,41.4789111258761,0,0.01236
420,priv,Total,spend_per_capita_mean,sens,c2014,3,43.7141513031762,59.1365289425983,-72.1934454243165,159.621748030669,Post,5.0134218021824,41.4789111258761,0,0.01236
420,priv,Total,spend_per_capita_mean,sens,c2014,4,16.0423087901168,59.877018769068,-101.316647997257,133.40126557749,Post,5.0134218021824,41.4789111258761,0,0.01236
421,priv,Total,spend_per_vol_mean,main,all_cohorts,-6,-0.0135543412501075,0.00151942646097417,-0.0165324171136169,-0.0105762653865981,Pre,0.00473566868594515,0.00531052138091279,0,0
421,priv,Total,spend_per_vol_mean,main,all_cohorts,-5,0.000374631636143716,0.0035987275026385,-0.00667887426902775,0.00742813754131518,Pre,0.00473566868594515,0.00531052138091279,0,0
421,priv,Total,spend_per_vol_mean,main,all_cohorts,-4,0.00126944779827554,0.00506509471556251,-0.00865813784422698,0.0111970334407781,Pre,0.00473566868594515,0.00531052138091279,0,0
421,priv,Total,spend_per_vol_mean,main,all_cohorts,-3,0.0010382692792139,0.00393520702990866,-0.00667473649940708,0.00875127505783488,Pre,0.00473566868594515,0.00531052138091279,0,0
421,priv,Total,spend_per_vol_mean,main,all_cohorts,-2,-0.00449553712243983,0.00227316134759534,-0.00895093336372671,-4.01408811529624e-05,Pre,0.00473566868594515,0.00531052138091279,0,0
421,priv,Total,spend_per_vol_mean,main,all_cohorts,-1,0.00538099400161731,0.00351724669547812,-0.00151280952151981,0.0122747975247544,Pre,0.00473566868594515,0.00531052138091279,0,0
421,priv,Total,spend_per_vol_mean,main,all_cohorts,0,0.00424084962259182,0.00355323835439287,-0.0027234975520182,0.0112051967972018,Post,0.00473566868594515,0.00531052138091279,0,0
421,priv,Total,spend_per_vol_mean,main,all_cohorts,1,0.00232714671851338,0.00536977865629562,-0.00819761944782604,0.0128519128848528,Post,0.00473566868594515,0.00531052138091279,0,0
421,priv,Total,spend_per_vol_mean,main,all_cohorts,2,0.00343196560629367,0.00707213220566783,-0.0104294135168153,0.0172933447294026,Post,0.00473566868594515,0.00531052138091279,0,0
421,priv,Total,spend_per_vol_mean,main,all_cohorts,3,0.00731893186825444,0.00804080403442548,-0.0084410440392195,0.0230789077757284,Post,0.00473566868594515,0.00531052138091279,0,0
421,priv,Total,spend_per_vol_mean,main,all_cohorts,4,0.0071752822599315,0.00782217457772827,-0.00815617991241591,0.0225067444322789,Post,0.00473566868594515,0.00531052138091279,0,0
422,priv,Total,spend_per_vol_mean,main,c2014,-3,0.00312670518805072,0.00310737413579895,-0.00296374811811523,0.00921715849421667,Pre,0.00599969509993493,0.00619612145532375,0,0.14073
422,priv,Total,spend_per_vol_mean,main,c2014,-2,-0.000126777894431535,0.00434453057462119,-0.00864205782068907,0.008388502031826,Pre,0.00599969509993493,0.00619612145532375,0,0.14073
422,priv,Total,spend_per_vol_mean,main,c2014,-1,0.0124510259751503,0.00580335646821898,0.00107644729744106,0.0238256046528595,Pre,0.00599969509993493,0.00619612145532375,0,0.14073
422,priv,Total,spend_per_vol_mean,main,c2014,0,0.00251234216785968,0.00472804905939542,-0.00675463398855534,0.0117793183242747,Post,0.00599969509993493,0.00619612145532375,0,0.14073
422,priv,Total,spend_per_vol_mean,main,c2014,1,0.0046250024723506,0.00620961408996084,-0.00754584114397266,0.0167958460886739,Post,0.00599969509993493,0.00619612145532375,0,0.14073
422,priv,Total,spend_per_vol_mean,main,c2014,2,0.00641523411668334,0.00778405771384793,-0.0088415190024586,0.0216719872358253,Post,0.00599969509993493,0.00619612145532375,0,0.14073
422,priv,Total,spend_per_vol_mean,main,c2014,3,0.00927061448284956,0.00854637497805398,-0.00748028047413624,0.0260215094398354,Post,0.00599969509993493,0.00619612145532375,0,0.14073
422,priv,Total,spend_per_vol_mean,main,c2014,4,0.0071752822599315,0.00777362023320312,-0.00806101339714662,0.0224115779170096,Post,0.00599969509993493,0.00619612145532375,0,0.14073
423,priv,Total,spend_per_vol_mean,sens,all_cohorts,-6,-0.013167031059505,0.00109622323900335,-0.0153156286079515,-0.0110184335110584,Pre,-0.0080425180732824,0.00461442622567819,0,0
423,priv,Total,spend_per_vol_mean,sens,all_cohorts,-5,0.00175951262237511,0.00313012474064142,-0.00437553186928206,0.00789455711403228,Pre,-0.0080425180732824,0.00461442622567819,0,0
423,priv,Total,spend_per_vol_mean,sens,all_cohorts,-4,0.000887902457698846,0.00453860895854256,-0.00800777110104458,0.00978357601644227,Pre,-0.0080425180732824,0.00461442622567819,0,0
423,priv,Total,spend_per_vol_mean,sens,all_cohorts,-3,-5.49671224858064e-05,0.00150243439424654,-0.00299973853520902,0.0028898042902374,Pre,-0.0080425180732824,0.00461442622567819,0,0
423,priv,Total,spend_per_vol_mean,sens,all_cohorts,-2,-3.03653949258481e-05,0.00158717276068339,-0.00314122400586528,0.00308049321601359,Pre,-0.0080425180732824,0.00461442622567819,0,0
423,priv,Total,spend_per_vol_mean,sens,all_cohorts,-1,0.000562883667081473,0.00262683993965198,-0.0045857226146364,0.00571148994879934,Pre,-0.0080425180732824,0.00461442622567819,0,0
423,priv,Total,spend_per_vol_mean,sens,all_cohorts,0,-0.0029004875792222,0.00184288848047423,-0.00651254900095169,0.000711573842507295,Post,-0.0080425180732824,0.00461442622567819,0,0
423,priv,Total,spend_per_vol_mean,sens,all_cohorts,1,-0.0076767677594312,0.00350627598916988,-0.0145490686982042,-0.000804466820658228,Post,-0.0080425180732824,0.00461442622567819,0,0
423,priv,Total,spend_per_vol_mean,sens,all_cohorts,2,-0.0110211140078237,0.00541953886985095,-0.0216434101927316,-0.000398817822915846,Post,-0.0080425180732824,0.00461442622567819,0,0
423,priv,Total,spend_per_vol_mean,sens,all_cohorts,3,-0.0110904545561664,0.00703439093548535,-0.0248778607897177,0.00269695167738486,Post,-0.0080425180732824,0.00461442622567819,0,0
423,priv,Total,spend_per_vol_mean,sens,all_cohorts,4,-0.00798532968774766,0.00737717572782721,-0.022444594114289,0.00647393473879367,Post,-0.0080425180732824,0.00461442622567819,0,0
424,priv,Total,spend_per_vol_mean,sens,c2014,-3,-0.000250495524590645,0.00193476659447289,-0.00404263804975752,0.00354164700057623,Pre,-0.00883307230604533,0.00567700173239107,0,0.41612
424,priv,Total,spend_per_vol_mean,sens,c2014,-2,0.00263967548817655,0.00246289487670143,-0.00218759847015825,0.00746694944651136,Pre,-0.00883307230604533,0.00567700173239107,0,0.41612
424,priv,Total,spend_per_vol_mean,sens,c2014,-1,0.00325212957157352,0.00350892421102952,-0.00362536188204434,0.0101296210251914,Pre,-0.00883307230604533,0.00567700173239107,0,0.41612
424,priv,Total,spend_per_vol_mean,sens,c2014,0,-0.00646853961222467,0.00258147452259766,-0.0115282296765161,-0.00140884954793327,Post,-0.00883307230604533,0.00567700173239107,0,0.41612
424,priv,Total,spend_per_vol_mean,sens,c2014,1,-0.00858534927618456,0.00459517636461733,-0.0175918949508345,0.000421196398465402,Post,-0.00883307230604533,0.00567700173239107,0,0.41612
424,priv,Total,spend_per_vol_mean,sens,c2014,2,-0.0103845816575607,0.00629498053939546,-0.0227227435147758,0.00195358019965438,Post,-0.00883307230604533,0.00567700173239107,0,0.41612
424,priv,Total,spend_per_vol_mean,sens,c2014,3,-0.0107415612965091,0.00730843716879124,-0.0250660981473399,0.00358297555432177,Post,-0.00883307230604533,0.00567700173239107,0,0.41612
424,priv,Total,spend_per_vol_mean,sens,c2014,4,-0.00798532968774766,0.00706684455286303,-0.0218363450113592,0.00586568563586388,Post,-0.00883307230604533,0.00567700173239107,0,0.41612
425,priv,Total,vol_per_bene_mean,main,all_cohorts,-6,274.671672888815,228.274483139169,-172.746314063956,722.089659841587,Pre,449.839100161969,312.682018182665,0,0
425,priv,Total,vol_per_bene_mean,main,all_cohorts,-5,886.475737886632,311.668523908012,275.605431026929,1497.34604474634,Pre,449.839100161969,312.682018182665,0,0
425,priv,Total,vol_per_bene_mean,main,all_cohorts,-4,166.452167649338,757.106305894885,-1317.47619190464,1650.38052720331,Pre,449.839100161969,312.682018182665,0,0
425,priv,Total,vol_per_bene_mean,main,all_cohorts,-3,325.294241794262,542.553406969961,-738.11043586686,1388.69891945539,Pre,449.839100161969,312.682018182665,0,0
425,priv,Total,vol_per_bene_mean,main,all_cohorts,-2,366.783014023065,418.508024679366,-453.492714348491,1187.05874239462,Pre,449.839100161969,312.682018182665,0,0
425,priv,Total,vol_per_bene_mean,main,all_cohorts,-1,-384.621003454801,287.288434904598,-947.706335867813,178.464328958211,Pre,449.839100161969,312.682018182665,0,0
425,priv,Total,vol_per_bene_mean,main,all_cohorts,0,36.411215559864,186.355536249375,-328.84563548891,401.668066608638,Post,449.839100161969,312.682018182665,0,0
425,priv,Total,vol_per_bene_mean,main,all_cohorts,1,352.415340894838,388.755692461125,-409.545816328967,1114.37649811864,Post,449.839100161969,312.682018182665,0,0
425,priv,Total,vol_per_bene_mean,main,all_cohorts,2,572.250685841511,425.207035667944,-261.155104067659,1405.65647575068,Post,449.839100161969,312.682018182665,0,0
425,priv,Total,vol_per_bene_mean,main,all_cohorts,3,914.434589724965,525.169361346252,-114.897358513689,1943.76653796362,Post,449.839100161969,312.682018182665,0,0
425,priv,Total,vol_per_bene_mean,main,all_cohorts,4,431.591889761401,515.310020459319,-578.415750338864,1441.59952986167,Post,449.839100161969,312.682018182665,0,0
426,priv,Total,vol_per_bene_mean,main,c2014,-3,396.685218078981,461.625144558362,-508.100065255408,1301.47050141337,Pre,505.912308264746,423.063795369857,0,0.04456
426,priv,Total,vol_per_bene_mean,main,c2014,-2,-222.922591082338,481.110076697364,-1165.89834140917,720.053159244494,Pre,505.912308264746,423.063795369857,0,0.04456
426,priv,Total,vol_per_bene_mean,main,c2014,-1,-863.760704633586,416.371968816258,-1679.84976351345,-47.6716457537198,Pre,505.912308264746,423.063795369857,0,0.04456
426,priv,Total,vol_per_bene_mean,main,c2014,0,65.3456022249064,359.276406778386,-638.836155060731,769.527359510544,Post,505.912308264746,423.063795369857,0,0.04456
426,priv,Total,vol_per_bene_mean,main,c2014,1,415.290047488293,501.830694865639,-568.29811444836,1398.87820942495,Post,505.912308264746,423.063795369857,0,0.04456
426,priv,Total,vol_per_bene_mean,main,c2014,2,619.664111051468,473.887948388718,-309.15626779042,1548.48448989336,Post,505.912308264746,423.063795369857,0,0.04456
426,priv,Total,vol_per_bene_mean,main,c2014,3,997.669890797659,543.101521990997,-66.8090923046948,2062.14887390001,Post,505.912308264746,423.063795369857,0,0.04456
426,priv,Total,vol_per_bene_mean,main,c2014,4,431.591889761401,547.40904552094,-641.32983945964,1504.51361898244,Post,505.912308264746,423.063795369857,0,0.04456
427,priv,Total,vol_per_bene_mean,sens,all_cohorts,-6,226.998477898361,196.690295935831,-158.514502135867,612.511457932589,Pre,668.23929729122,264.081669387818,0,0
427,priv,Total,vol_per_bene_mean,sens,all_cohorts,-5,893.559410950237,362.912335697961,182.251232982233,1604.86758891824,Pre,668.23929729122,264.081669387818,0,0
427,priv,Total,vol_per_bene_mean,sens,all_cohorts,-4,206.253360786412,688.75118690715,-1143.6989655516,1556.20568712443,Pre,668.23929729122,264.081669387818,0,0
427,priv,Total,vol_per_bene_mean,sens,all_cohorts,-3,-27.9636503741013,282.41473144601,-581.496524008281,525.569223260078,Pre,668.23929729122,264.081669387818,0,0
427,priv,Total,vol_per_bene_mean,sens,all_cohorts,-2,-69.9061315448751,320.232807741803,-697.562434718808,557.750171629058,Pre,668.23929729122,264.081669387818,0,0
427,priv,Total,vol_per_bene_mean,sens,all_cohorts,-1,-263.331113116544,245.238709817476,-743.998984358798,217.336758125709,Pre,668.23929729122,264.081669387818,0,0
427,priv,Total,vol_per_bene_mean,sens,all_cohorts,0,318.975607055747,125.254587935484,73.4766147021987,564.474599409295,Post,668.23929729122,264.081669387818,0,0
427,priv,Total,vol_per_bene_mean,sens,all_cohorts,1,546.681195740438,256.669307132761,43.6093537602259,1049.75303772065,Post,668.23929729122,264.081669387818,0,0
427,priv,Total,vol_per_bene_mean,sens,all_cohorts,2,740.738970615642,333.311705088672,87.448028641846,1394.02991258944,Post,668.23929729122,264.081669387818,0,0
427,priv,Total,vol_per_bene_mean,sens,all_cohorts,3,1001.57201858259,367.02517718967,282.202671290838,1720.94136587434,Post,668.23929729122,264.081669387818,0,0
427,priv,Total,vol_per_bene_mean,sens,all_cohorts,4,807.658948009007,444.750047661241,-64.0511454070251,1679.36904142504,Post,668.23929729122,264.081669387818,0,0
428,priv,Total,vol_per_bene_mean,sens,c2014,-3,228.140982335656,279.637334347895,-319.948192986219,776.230157657531,Pre,741.458118987499,315.458021954304,0,0.0064
428,priv,Total,vol_per_bene_mean,sens,c2014,-2,-608.58376005143,296.321406823356,-1189.37371742521,-27.7938026776527,Pre,741.458118987499,315.458021954304,0,0.0064
428,priv,Total,vol_per_bene_mean,sens,c2014,-1,-651.299071633643,252.763708208273,-1146.71593972186,-155.882203545428,Pre,741.458118987499,315.458021954304,0,0.0064
428,priv,Total,vol_per_bene_mean,sens,c2014,0,316.602238472341,177.754638933282,-31.7968538368913,665.001330781574,Post,741.458118987499,315.458021954304,0,0.0064
428,priv,Total,vol_per_bene_mean,sens,c2014,1,720.635100648973,315.175023173836,102.892055228255,1338.37814606969,Post,741.458118987499,315.458021954304,0,0.0064
428,priv,Total,vol_per_bene_mean,sens,c2014,2,770.215724003542,400.047609820994,-13.8775912456065,1554.30903925269,Post,741.458118987499,315.458021954304,0,0.0064
428,priv,Total,vol_per_bene_mean,sens,c2014,3,1092.17858380363,386.827952051034,333.995797783603,1850.36136982366,Post,741.458118987499,315.458021954304,0,0.0064
428,priv,Total,vol_per_bene_mean,sens,c2014,4,807.658948009007,463.601553445884,-101.000096744925,1716.31799276294,Post,741.458118987499,315.458021954304,0,0.0064
429,priv,Total,vol_per_capita_mean,main,all_cohorts,-6,224.010651480968,135.487524486467,-41.5448965125065,489.566199474443,Pre,4.58613916901436,196.840705356897,0,0
429,priv,Total,vol_per_capita_mean,main,all_cohorts,-5,391.335310066972,146.441485977223,104.309997551615,678.36062258233,Pre,4.58613916901436,196.840705356897,0,0
429,priv,Total,vol_per_capita_mean,main,all_cohorts,-4,114.765760209896,443.740541856291,-754.965701828434,984.497222248226,Pre,4.58613916901436,196.840705356897,0,0
429,priv,Total,vol_per_capita_mean,main,all_cohorts,-3,182.462596896087,320.799715386632,-446.304845261711,811.230039053885,Pre,4.58613916901436,196.840705356897,0,0
429,priv,Total,vol_per_capita_mean,main,all_cohorts,-2,191.162069372098,256.669166977577,-311.909497903954,694.233636648149,Pre,4.58613916901436,196.840705356897,0,0
429,priv,Total,vol_per_capita_mean,main,all_cohorts,-1,-295.525302480614,139.596045629525,-569.133551914483,-21.9170530467446,Pre,4.58613916901436,196.840705356897,0,0
429,priv,Total,vol_per_capita_mean,main,all_cohorts,0,-74.6022154861252,118.837457437767,-307.523632064148,158.319201091897,Post,4.58613916901436,196.840705356897,0,0
429,priv,Total,vol_per_capita_mean,main,all_cohorts,1,-68.6035602282012,241.776330946243,-542.485168882837,405.278048426434,Post,4.58613916901436,196.840705356897,0,0
429,priv,Total,vol_per_capita_mean,main,all_cohorts,2,-16.3180007719126,287.749075930687,-580.30618959606,547.670188052235,Post,4.58613916901436,196.840705356897,0,0
429,priv,Total,vol_per_capita_mean,main,all_cohorts,3,203.752262845889,293.993941496619,-372.475862487484,779.980388179263,Post,4.58613916901436,196.840705356897,0,0
429,priv,Total,vol_per_capita_mean,main,all_cohorts,4,2.48512336467851,269.381650045248,-525.502910724008,530.473157453365,Post,4.58613916901436,196.840705356897,0,0
430,priv,Total,vol_per_capita_mean,main,c2014,-3,240.95543499479,252.205354724822,-253.367060265862,735.277930255442,Pre,12.9937392360164,259.098596253536,0,0.00888
430,priv,Total,vol_per_capita_mean,main,c2014,-2,-226.816994005263,246.013956851835,-709.004349434861,255.370361424334,Pre,12.9937392360164,259.098596253536,0,0.00888
430,priv,Total,vol_per_capita_mean,main,c2014,-1,-590.917449099043,279.492797220713,-1138.72333165164,-43.1115665464449,Pre,12.9937392360164,259.098596253536,0,0.00888
430,priv,Total,vol_per_capita_mean,main,c2014,0,-93.6482695112335,203.820236905069,-493.135933845168,305.839394822701,Post,12.9937392360164,259.098596253536,0,0.00888
430,priv,Total,vol_per_capita_mean,main,c2014,1,-61.2241368954983,303.81100151006,-656.693699855215,534.245426064219,Post,12.9937392360164,259.098596253536,0,0.00888
430,priv,Total,vol_per_capita_mean,main,c2014,2,-18.8745609736915,317.254012734125,-640.692425932577,602.943303985194,Post,12.9937392360164,259.098596253536,0,0.00888
430,priv,Total,vol_per_capita_mean,main,c2014,3,236.230540195827,320.007393983826,-390.983952012472,863.445032404126,Post,12.9937392360164,259.098596253536,0,0.00888
430,priv,Total,vol_per_capita_mean,main,c2014,4,2.48512336467851,293.932794936985,-573.623154711811,578.593401441168,Post,12.9937392360164,259.098596253536,0,0.00888
431,priv,Total,vol_per_capita_mean,sens,all_cohorts,-6,220.284323923971,106.461239545675,11.6202944144484,428.948353433494,Pre,234.77258564856,202.00861510554,0,0
431,priv,Total,vol_per_capita_mean,sens,all_cohorts,-5,421.612783231384,159.826106036633,108.353615399584,734.871951063184,Pre,234.77258564856,202.00861510554,0,0
431,priv,Total,vol_per_capita_mean,sens,all_cohorts,-4,123.138831751811,469.429796694988,-796.943569770365,1043.22123327399,Pre,234.77258564856,202.00861510554,0,0
431,priv,Total,vol_per_capita_mean,sens,all_cohorts,-3,9.36464769471871,164.152983825445,-312.375200603154,331.104495992591,Pre,234.77258564856,202.00861510554,0,0
431,priv,Total,vol_per_capita_mean,sens,all_cohorts,-2,-34.2290943131798,244.03894127999,-512.54541922196,444.087230595601,Pre,234.77258564856,202.00861510554,0,0
431,priv,Total,vol_per_capita_mean,sens,all_cohorts,-1,-225.795721665971,135.641502797495,-491.653067149061,40.0616238171197,Pre,234.77258564856,202.00861510554,0,0
431,priv,Total,vol_per_capita_mean,sens,all_cohorts,0,114.832252729643,81.4341844475358,-44.7787487875276,274.443254246813,Post,234.77258564856,202.00861510554,0,0
431,priv,Total,vol_per_capita_mean,sens,all_cohorts,1,155.17437786882,177.582978138406,-192.888259282455,503.237015020095,Post,234.77258564856,202.00861510554,0,0
431,priv,Total,vol_per_capita_mean,sens,all_cohorts,2,237.707163796085,277.315395143413,-305.831010685004,781.245338277175,Post,234.77258564856,202.00861510554,0,0
431,priv,Total,vol_per_capita_mean,sens,all_cohorts,3,396.487174357113,258.94850493167,-111.051895308961,904.026244023186,Post,234.77258564856,202.00861510554,0,0
431,priv,Total,vol_per_capita_mean,sens,all_cohorts,4,305.422701486327,285.669545956713,-254.48960858883,865.335011561485,Post,234.77258564856,202.00861510554,0,0
432,priv,Total,vol_per_capita_mean,sens,c2014,-3,170.307161407716,159.04212536685,-141.41540431131,482.029727126742,Pre,272.407813574944,236.544262358065,0,0.00076
432,priv,Total,vol_per_capita_mean,sens,c2014,-2,-403.86071993951,165.156178399723,-727.566829602967,-80.154610276053,Pre,272.407813574944,236.544262358065,0,0.00076
432,priv,Total,vol_per_capita_mean,sens,c2014,-1,-444.852727787612,167.232567920223,-772.628560911249,-117.076894663975,Pre,272.407813574944,236.544262358065,0,0.00076
432,priv,Total,vol_per_capita_mean,sens,c2014,0,107.123666357846,125.043225915472,-137.961056436479,352.208389152172,Post,272.407813574944,236.544262358065,0,0.00076
432,priv,Total,vol_per_capita_mean,sens,c2014,1,246.040241795168,238.576801436445,-221.570289020264,713.650772610601,Post,272.407813574944,236.544262358065,0,0.00076
432,priv,Total,vol_per_capita_mean,sens,c2014,2,255.93564751402,297.052754858634,-326.287752008902,838.159047036942,Post,272.407813574944,236.544262358065,0,0.00076
432,priv,Total,vol_per_capita_mean,sens,c2014,3,447.51681072136,300.708994987805,-141.872819454739,1036.90644089746,Post,272.407813574944,236.544262358065,0,0.00076
432,priv,Total,vol_per_capita_mean,sens,c2014,4,305.422701486327,292.477450271089,-267.833101045007,878.678504017662,Post,272.407813574944,236.544262358065,0,0.00076
